ISO-10303-21;
HEADER;
FILE_DESCRIPTION (( 'STEP AP214' ),
    '1' );
FILE_NAME ('part2-urban-dist-v2-case.STEP',
    '2025-11-29T02:34:05',
    ( '' ),
    ( '' ),
    'SwSTEP 2.0',
    'SolidWorks 2024',
    '' );
FILE_SCHEMA (( 'AUTOMOTIVE_DESIGN' ));
ENDSEC;

DATA;
#1 = ORIENTED_EDGE ( 'NONE', *, *, #1538, .F. ) ;
#2 = AXIS2_PLACEMENT_3D ( 'NONE', #2862, #922, #1197 ) ;
#3 = ORIENTED_EDGE ( 'NONE', *, *, #1392, .T. ) ;
#4 = CARTESIAN_POINT ( 'NONE',  ( -58.99999999999997868, 59.00000000000000711, 30.00000000000000000 ) ) ;
#5 = CARTESIAN_POINT ( 'NONE',  ( 61.91666666666667140, 10.33333333333338366, 0.8333333333333412529 ) ) ;
#6 = CARTESIAN_POINT ( 'NONE',  ( 59.00000000000000711, 39.50000000000004263, 5.999999999999998224 ) ) ;
#7 = CIRCLE ( 'NONE', #890, 2.550000000000052225 ) ;
#8 = EDGE_LOOP ( 'NONE', ( #1337, #3009 ) ) ;
#9 = VECTOR ( 'NONE', #2324, 1000.000000000000227 ) ;
#10 = CARTESIAN_POINT ( 'NONE',  ( -50.25000000000000000, -48.00000000000000000, 5.699999999999987743 ) ) ;
#11 = DIRECTION ( 'NONE',  ( -0.000000000000000000, -0.000000000000000000, -1.000000000000000000 ) ) ;
#12 = VECTOR ( 'NONE', #3392, 1000.000000000000000 ) ;
#13 = EDGE_CURVE ( 'NONE', #3552, #2746, #733, .T. ) ;
#14 = EDGE_LOOP ( 'NONE', ( #1445, #61, #1565, #3494 ) ) ;
#15 = VECTOR ( 'NONE', #726, 1000.000000000000114 ) ;
#16 = DIRECTION ( 'NONE',  ( 1.000000000000000000, 0.000000000000000000, 0.000000000000000000 ) ) ;
#17 = DIRECTION ( 'NONE',  ( 1.000000000000000000, 1.176083712526648949E-16, 0.000000000000000000 ) ) ;
#18 = EDGE_CURVE ( 'NONE', #826, #1958, #2271, .T. ) ;
#19 = ORIENTED_EDGE ( 'NONE', *, *, #1006, .T. ) ;
#20 = DIRECTION ( 'NONE',  ( 0.7071067811865383579, 0.000000000000000000, 0.7071067811865567876 ) ) ;
#21 = DIRECTION ( 'NONE',  ( 0.000000000000000000, 0.000000000000000000, 1.000000000000000000 ) ) ;
#22 = EDGE_CURVE ( 'NONE', #1572, #67, #146, .T. ) ;
#23 = EDGE_LOOP ( 'NONE', ( #898, #2088, #2926, #1276 ) ) ;
#24 = DIRECTION ( 'NONE',  ( -0.000000000000000000, 0.000000000000000000, 1.000000000000000000 ) ) ;
#25 = CARTESIAN_POINT ( 'NONE',  ( -47.99999999999999289, 48.00000000000000000, 0.000000000000000000 ) ) ;
#26 = CARTESIAN_POINT ( 'NONE',  ( -61.24999999999999289, -59.00000000000000000, 29.70000000000000995 ) ) ;
#27 = MANIFOLD_SOLID_BREP ( 'Fillet3', #2742 ) ;
#28 = ORIENTED_EDGE ( 'NONE', *, *, #3078, .F. ) ;
#29 = DIRECTION ( 'NONE',  ( -0.7071067811865586750, 8.659560562355069676E-17, 0.7071067811865363595 ) ) ;
#30 = CARTESIAN_POINT ( 'NONE',  ( -13.25000000000004619, 59.00000000000000000, -4.000000000000000000 ) ) ;
#31 = ORIENTED_EDGE ( 'NONE', *, *, #2072, .T. ) ;
#32 = EDGE_CURVE ( 'NONE', #2286, #3305, #1573, .T. ) ;
#33 = DIRECTION ( 'NONE',  ( 1.176083712526648949E-16, -1.000000000000000000, 0.000000000000000000 ) ) ;
#34 = CARTESIAN_POINT ( 'NONE',  ( 58.99999999999999289, 59.00000000000000000, 24.00000000000000000 ) ) ;
#35 = ORIENTED_EDGE ( 'NONE', *, *, #1641, .T. ) ;
#36 = EDGE_CURVE ( 'NONE', #3200, #2250, #509, .T. ) ;
#37 = CARTESIAN_POINT ( 'NONE',  ( 50.55000000000001137, -48.00000000000000000, 6.000000000000000000 ) ) ;
#38 = ORIENTED_EDGE ( 'NONE', *, *, #2814, .T. ) ;
#39 = LINE ( 'NONE', #2809, #2928 ) ;
#40 = CARTESIAN_POINT ( 'NONE',  ( -6.938893903907228378E-15, -56.00000000000000000, 6.000000000000000000 ) ) ;
#41 = FACE_OUTER_BOUND ( 'NONE', #3390, .T. ) ;
#42 = ORIENTED_EDGE ( 'NONE', *, *, #2702, .T. ) ;
#43 = CARTESIAN_POINT ( 'NONE',  ( 39.99999999999999289, 0.000000000000000000, 3.000000000000000000 ) ) ;
#44 = DIRECTION ( 'NONE',  ( 0.000000000000000000, -1.000000000000000000, 0.000000000000000000 ) ) ;
#45 = VERTEX_POINT ( 'NONE', #2948 ) ;
#46 = CONICAL_SURFACE ( 'NONE', #1400, 2.550000000000052225, 0.7853981633974815857 ) ;
#47 = CARTESIAN_POINT ( 'NONE',  ( 0.000000000000000000, 0.000000000000000000, 0.000000000000000000 ) ) ;
#48 = CIRCLE ( 'NONE', #631, 2.250000000000001776 ) ;
#49 = VECTOR ( 'NONE', #1164, 1000.000000000000000 ) ;
#50 = CARTESIAN_POINT ( 'NONE',  ( 61.00000000000000000, 53.34314575050763807, 30.00000000000000000 ) ) ;
#51 = AXIS2_PLACEMENT_3D ( 'NONE', #2422, #1558, #1012 ) ;
#52 = ORIENTED_EDGE ( 'NONE', *, *, #596, .F. ) ;
#53 = VECTOR ( 'NONE', #2505, 1000.000000000000000 ) ;
#54 = DIRECTION ( 'NONE',  ( 1.000000000000000000, 0.000000000000000000, 0.000000000000000000 ) ) ;
#55 = EDGE_CURVE ( 'NONE', #1965, #284, #2909, .T. ) ;
#56 = EDGE_LOOP ( 'NONE', ( #582, #3029, #1843, #570 ) ) ;
#57 = CARTESIAN_POINT ( 'NONE',  ( 13.25000000000000533, -59.00000000000000000, -4.000000000000000000 ) ) ;
#58 = DIRECTION ( 'NONE',  ( -1.000000000000000000, 0.000000000000000000, 0.000000000000000000 ) ) ;
#59 = DIRECTION ( 'NONE',  ( 0.000000000000000000, 0.000000000000000000, 1.000000000000000000 ) ) ;
#60 = AXIS2_PLACEMENT_3D ( 'NONE', #2189, #1633, #481 ) ;
#61 = ORIENTED_EDGE ( 'NONE', *, *, #1667, .T. ) ;
#62 = FACE_OUTER_BOUND ( 'NONE', #2108, .T. ) ;
#63 = AXIS2_PLACEMENT_3D ( 'NONE', #2791, #3609, #314 ) ;
#64 = DIRECTION ( 'NONE',  ( 0.000000000000000000, 0.000000000000000000, 1.000000000000000000 ) ) ;
#65 = EDGE_CURVE ( 'NONE', #3596, #2908, #2447, .T. ) ;
#66 = VECTOR ( 'NONE', #71, 1000.000000000000000 ) ;
#67 = VERTEX_POINT ( 'NONE', #1911 ) ;
#68 = PLANE ( 'NONE',  #950 ) ;
#69 = AXIS2_PLACEMENT_3D ( 'NONE', #2643, #1256, #2386 ) ;
#70 = CARTESIAN_POINT ( 'NONE',  ( 39.99999999999999289, 56.00000000000000711, 3.000000000000000000 ) ) ;
#71 = DIRECTION ( 'NONE',  ( 1.000000000000000000, 0.000000000000000000, 0.000000000000000000 ) ) ;
#72 = EDGE_CURVE ( 'NONE', #1487, #2688, #2695, .T. ) ;
#73 = ORIENTED_EDGE ( 'NONE', *, *, #1561, .F. ) ;
#74 = CIRCLE ( 'NONE', #2998, 5.999999999999998224 ) ;
#75 = VERTEX_POINT ( 'NONE', #3211 ) ;
#76 = DIRECTION ( 'NONE',  ( -1.000000000000000000, -1.239088197126290817E-16, -0.000000000000000000 ) ) ;
#77 = VECTOR ( 'NONE', #58, 1000.000000000000000 ) ;
#78 = ORIENTED_EDGE ( 'NONE', *, *, #322, .T. ) ;
#79 = LINE ( 'NONE', #644, #2986 ) ;
#80 = CYLINDRICAL_SURFACE ( 'NONE', #720, 3.000000000000000000 ) ;
#81 = CARTESIAN_POINT ( 'NONE',  ( -6.938893903907228378E-15, 56.00000000000000000, 6.000000000000000000 ) ) ;
#82 = EDGE_CURVE ( 'NONE', #1351, #1945, #1170, .T. ) ;
#83 = ORIENTED_EDGE ( 'NONE', *, *, #1775, .T. ) ;
#84 = CARTESIAN_POINT ( 'NONE',  ( 50.25000000000000000, 48.00000000000000000, 5.699999999999987743 ) ) ;
#85 = DIRECTION ( 'NONE',  ( 0.000000000000000000, -1.000000000000000000, 0.000000000000000000 ) ) ;
#86 = EDGE_CURVE ( 'NONE', #2203, #2827, #3455, .T. ) ;
#87 = EDGE_CURVE ( 'NONE', #576, #2576, #759, .T. ) ;
#88 = CIRCLE ( 'NONE', #147, 2.250000000000001776 ) ;
#89 = ORIENTED_EDGE ( 'NONE', *, *, #1604, .F. ) ;
#90 = LINE ( 'NONE', #952, #9 ) ;
#91 = CARTESIAN_POINT ( 'NONE',  ( -56.44999999999999574, -59.00000000000000000, 30.00000000000000000 ) ) ;
#92 = CARTESIAN_POINT ( 'NONE',  ( -55.99999999999999289, -40.00000000000000000, 6.000000000000000000 ) ) ;
#93 = ORIENTED_EDGE ( 'NONE', *, *, #961, .T. ) ;
#94 = ORIENTED_EDGE ( 'NONE', *, *, #1183, .F. ) ;
#95 = CARTESIAN_POINT ( 'NONE',  ( -58.99999999999999289, -59.00000000000000000, 29.70000000000000995 ) ) ;
#96 = VERTEX_POINT ( 'NONE', #2127 ) ;
#97 = FACE_OUTER_BOUND ( 'NONE', #1330, .T. ) ;
#98 = CARTESIAN_POINT ( 'NONE',  ( 0.000000000000000000, 37.00000000000000000, 3.000000000000000000 ) ) ;
#99 = DIRECTION ( 'NONE',  ( -1.000000000000000000, 0.000000000000000000, 0.000000000000000000 ) ) ;
#100 = ORIENTED_EDGE ( 'NONE', *, *, #2370, .T. ) ;
#101 = LINE ( 'NONE', #2867, #1581 ) ;
#102 = CARTESIAN_POINT ( 'NONE',  ( 58.99999999999997868, -59.00000000000000711, -4.000000000000000000 ) ) ;
#103 = ORIENTED_EDGE ( 'NONE', *, *, #3547, .F. ) ;
#104 = EDGE_CURVE ( 'NONE', #3476, #691, #2967, .T. ) ;
#105 = CARTESIAN_POINT ( 'NONE',  ( 59.00000000000001421, -50.51471862576144645, -4.000000000000000000 ) ) ;
#106 = LINE ( 'NONE', #1226, #992 ) ;
#107 = DIRECTION ( 'NONE',  ( -0.000000000000000000, 0.000000000000000000, -1.000000000000000000 ) ) ;
#108 = EDGE_CURVE ( 'NONE', #2746, #1000, #1186, .T. ) ;
#109 = ORIENTED_EDGE ( 'NONE', *, *, #307, .F. ) ;
#110 = ORIENTED_EDGE ( 'NONE', *, *, #1646, .F. ) ;
#111 = LINE ( 'NONE', #2128, #175 ) ;
#112 = AXIS2_PLACEMENT_3D ( 'NONE', #340, #1465, #2579 ) ;
#113 = EDGE_CURVE ( 'NONE', #691, #2157, #1408, .T. ) ;
#114 = ORIENTED_EDGE ( 'NONE', *, *, #372, .F. ) ;
#115 = CARTESIAN_POINT ( 'NONE',  ( -61.99999999999997868, -50.51471862576143934, -20.97056274847713908 ) ) ;
#116 = LINE ( 'NONE', #40, #601 ) ;
#117 = PLANE ( 'NONE',  #1627 ) ;
#118 = ORIENTED_EDGE ( 'NONE', *, *, #1210, .F. ) ;
#119 = DIRECTION ( 'NONE',  ( 1.000000000000000000, 0.000000000000000000, 0.000000000000000000 ) ) ;
#120 = CYLINDRICAL_SURFACE ( 'NONE', #1480, 8.000000000000000000 ) ;
#121 = VERTEX_POINT ( 'NONE', #2251 ) ;
#122 = AXIS2_PLACEMENT_3D ( 'NONE', #2707, #2755, #1277 ) ;
#123 = FACE_OUTER_BOUND ( 'NONE', #2428, .T. ) ;
#124 = FACE_OUTER_BOUND ( 'NONE', #1514, .T. ) ;
#125 = AXIS2_PLACEMENT_3D ( 'NONE', #1016, #2700, #1562 ) ;
#126 = EDGE_CURVE ( 'NONE', #800, #1124, #3391, .T. ) ;
#127 = CARTESIAN_POINT ( 'NONE',  ( 58.99999999999999289, -59.00000000000000000, 29.69999999999997087 ) ) ;
#128 = EDGE_LOOP ( 'NONE', ( #809, #2130, #712, #1151 ) ) ;
#129 = ORIENTED_EDGE ( 'NONE', *, *, #2389, .T. ) ;
#130 = CARTESIAN_POINT ( 'NONE',  ( 39.99999999999999289, 56.00000000000000711, 6.000000000000000000 ) ) ;
#131 = ADVANCED_FACE ( 'NONE', ( #3126 ), #318, .F. ) ;
#132 = CIRCLE ( 'NONE', #3594, 2.250000000000001776 ) ;
#133 = ORIENTED_EDGE ( 'NONE', *, *, #3090, .F. ) ;
#134 = PLANE ( 'NONE',  #190 ) ;
#135 = AXIS2_PLACEMENT_3D ( 'NONE', #260, #514, #2481 ) ;
#136 = LINE ( 'NONE', #1794, #1920 ) ;
#137 = CARTESIAN_POINT ( 'NONE',  ( -60.99999999999998579, 53.34314575050763096, -4.000000000000000000 ) ) ;
#138 = VERTEX_POINT ( 'NONE', #263 ) ;
#139 = CARTESIAN_POINT ( 'NONE',  ( -58.99999999999998579, -13.24999999999997868, 3.749999999999982681 ) ) ;
#140 = FACE_OUTER_BOUND ( 'NONE', #2785, .T. ) ;
#141 = ORIENTED_EDGE ( 'NONE', *, *, #2856, .F. ) ;
#142 = DIRECTION ( 'NONE',  ( -0.000000000000000000, -0.000000000000000000, -1.000000000000000000 ) ) ;
#143 = FACE_OUTER_BOUND ( 'NONE', #1290, .T. ) ;
#144 = CARTESIAN_POINT ( 'NONE',  ( 50.51471862576141092, 62.00000000000000711, 30.00000000000000000 ) ) ;
#145 = ORIENTED_EDGE ( 'NONE', *, *, #3158, .F. ) ;
#146 = LINE ( 'NONE', #1844, #3394 ) ;
#147 = AXIS2_PLACEMENT_3D ( 'NONE', #1274, #998, #1889 ) ;
#148 = ADVANCED_FACE ( 'NONE', ( #613, #62 ), #1458, .T. ) ;
#149 = DIRECTION ( 'NONE',  ( 0.000000000000000000, 0.000000000000000000, 1.000000000000000000 ) ) ;
#150 = ORIENTED_EDGE ( 'NONE', *, *, #1030, .F. ) ;
#151 = EDGE_CURVE ( 'NONE', #1869, #2601, #2815, .T. ) ;
#152 = CARTESIAN_POINT ( 'NONE',  ( -55.99999999999999289, 40.00000000000000000, 3.000000000000000000 ) ) ;
#153 = CARTESIAN_POINT ( 'NONE',  ( -56.00000000000000711, 55.99999999999999289, 30.00000000000000000 ) ) ;
#154 = DIRECTION ( 'NONE',  ( -1.000000000000000000, 0.000000000000000000, 0.000000000000000000 ) ) ;
#155 = EDGE_LOOP ( 'NONE', ( #1115, #764, #3500, #1361 ) ) ;
#156 = DIRECTION ( 'NONE',  ( 1.000000000000000000, 0.000000000000000000, 0.000000000000000000 ) ) ;
#157 = CARTESIAN_POINT ( 'NONE',  ( -58.99999999999999289, 59.00000000000000000, 24.00000000000000000 ) ) ;
#158 = ORIENTED_EDGE ( 'NONE', *, *, #3579, .T. ) ;
#159 = CARTESIAN_POINT ( 'NONE',  ( 47.99999999999999289, 37.00000000000000000, 0.000000000000000000 ) ) ;
#160 = CARTESIAN_POINT ( 'NONE',  ( 39.50000000000000711, -59.00000000000000711, 5.999999999999998224 ) ) ;
#161 = DIRECTION ( 'NONE',  ( 0.000000000000000000, -0.000000000000000000, 1.000000000000000000 ) ) ;
#162 = VERTEX_POINT ( 'NONE', #2796 ) ;
#163 =( LENGTH_UNIT ( ) NAMED_UNIT ( * ) SI_UNIT ( .MILLI., .METRE. ) );
#164 = CYLINDRICAL_SURFACE ( 'NONE', #3342, 5.999999999999998224 ) ;
#165 = ORIENTED_EDGE ( 'NONE', *, *, #1469, .T. ) ;
#166 = DIRECTION ( 'NONE',  ( 0.7071067811865496822, 8.316167683706461407E-17, -0.7071067811865453523 ) ) ;
#167 = LINE ( 'NONE', #188, #1625 ) ;
#168 = LINE ( 'NONE', #781, #2951 ) ;
#169 = AXIS2_PLACEMENT_3D ( 'NONE', #3531, #2934, #424 ) ;
#170 = EDGE_CURVE ( 'NONE', #138, #1705, #3096, .T. ) ;
#171 = AXIS2_PLACEMENT_3D ( 'NONE', #3314, #3354, #3375 ) ;
#172 = ORIENTED_EDGE ( 'NONE', *, *, #2610, .T. ) ;
#173 = ORIENTED_EDGE ( 'NONE', *, *, #2632, .T. ) ;
#174 = CYLINDRICAL_SURFACE ( 'NONE', #122, 2.250000000000001776 ) ;
#175 = VECTOR ( 'NONE', #1232, 1000.000000000000000 ) ;
#176 = DIRECTION ( 'NONE',  ( 1.000000000000000000, -0.000000000000000000, -0.000000000000000000 ) ) ;
#177 = ADVANCED_FACE ( 'NONE', ( #3630 ), #2101, .F. ) ;
#178 = VERTEX_POINT ( 'NONE', #3334 ) ;
#179 = CARTESIAN_POINT ( 'NONE',  ( -55.99999999999997868, -39.49999999999997868, 5.999999999999998224 ) ) ;
#180 = EDGE_CURVE ( 'NONE', #3425, #488, #2484, .T. ) ;
#181 = FACE_OUTER_BOUND ( 'NONE', #3100, .T. ) ;
#182 = CIRCLE ( 'NONE', #2, 11.00000000000000355 ) ;
#183 = ORIENTED_EDGE ( 'NONE', *, *, #1641, .F. ) ;
#184 = LINE ( 'NONE', #749, #3154 ) ;
#185 = AXIS2_PLACEMENT_3D ( 'NONE', #1888, #1610, #2734 ) ;
#186 = ORIENTED_EDGE ( 'NONE', *, *, #1006, .F. ) ;
#187 = DIRECTION ( 'NONE',  ( 1.000000000000000000, 0.000000000000000000, -0.000000000000000000 ) ) ;
#188 = CARTESIAN_POINT ( 'NONE',  ( -56.00000000000000711, 37.00000000000000000, 0.000000000000000000 ) ) ;
#189 = LINE ( 'NONE', #2664, #988 ) ;
#190 = AXIS2_PLACEMENT_3D ( 'NONE', #962, #166, #1291 ) ;
#191 = EDGE_LOOP ( 'NONE', ( #145, #227, #3177, #1380 ) ) ;
#192 = CARTESIAN_POINT ( 'NONE',  ( -61.55000000000003979, 59.00000000000000000, 30.00000000000000000 ) ) ;
#193 = EDGE_CURVE ( 'NONE', #67, #327, #2574, .T. ) ;
#194 = CARTESIAN_POINT ( 'NONE',  ( -50.51471862576139671, 58.99999999999999289, -4.000000000000000000 ) ) ;
#195 = ORIENTED_EDGE ( 'NONE', *, *, #911, .F. ) ;
#196 = EDGE_CURVE ( 'NONE', #1958, #438, #3071, .T. ) ;
#197 = EDGE_CURVE ( 'NONE', #2125, #741, #3042, .T. ) ;
#198 = DIRECTION ( 'NONE',  ( -0.000000000000000000, -0.000000000000000000, 1.000000000000000000 ) ) ;
#199 = DIRECTION ( 'NONE',  ( 0.000000000000000000, 0.000000000000000000, -1.000000000000000000 ) ) ;
#200 = ORIENTED_EDGE ( 'NONE', *, *, #748, .T. ) ;
#201 = CARTESIAN_POINT ( 'NONE',  ( 56.74999999999997868, 6.674275068588731150E-15, 5.999999999999998224 ) ) ;
#202 = EDGE_LOOP ( 'NONE', ( #1325, #3020 ) ) ;
#203 = CARTESIAN_POINT ( 'NONE',  ( -54.75735931288072322, 38.75735931288071612, -1.843453548826058379E-15 ) ) ;
#204 = CYLINDRICAL_SURFACE ( 'NONE', #3453, 3.000000000000002665 ) ;
#205 = ORIENTED_EDGE ( 'NONE', *, *, #2350, .F. ) ;
#206 = DIRECTION ( 'NONE',  ( 1.000000000000000000, 1.176083712526648949E-16, 0.000000000000000000 ) ) ;
#207 = CARTESIAN_POINT ( 'NONE',  ( -45.75000000000000000, -48.00000000000000000, 5.699999999999987743 ) ) ;
#208 = EDGE_LOOP ( 'NONE', ( #1490, #2566, #3309, #2374 ) ) ;
#209 = FACE_OUTER_BOUND ( 'NONE', #2896, .T. ) ;
#210 = DIRECTION ( 'NONE',  ( -1.000000000000000000, 0.000000000000000000, 0.000000000000000000 ) ) ;
#211 = EDGE_CURVE ( 'NONE', #732, #3409, #3105, .T. ) ;
#212 = ORIENTED_EDGE ( 'NONE', *, *, #1409, .F. ) ;
#213 = CARTESIAN_POINT ( 'NONE',  ( 0.000000000000000000, 0.000000000000000000, 6.000000000000000000 ) ) ;
#214 = EDGE_CURVE ( 'NONE', #3634, #1510, #823, .T. ) ;
#215 = VERTEX_POINT ( 'NONE', #1429 ) ;
#216 = FACE_OUTER_BOUND ( 'NONE', #1488, .T. ) ;
#217 = LINE ( 'NONE', #3039, #223 ) ;
#218 = ADVANCED_FACE ( 'NONE', ( #1152 ), #1749, .F. ) ;
#219 = VERTEX_POINT ( 'NONE', #1166 ) ;
#220 = ORIENTED_EDGE ( 'NONE', *, *, #794, .T. ) ;
#221 = DIRECTION ( 'NONE',  ( -0.000000000000000000, -0.000000000000000000, -1.000000000000000000 ) ) ;
#222 = DIRECTION ( 'NONE',  ( -0.000000000000000000, -0.000000000000000000, 1.000000000000000000 ) ) ;
#223 = VECTOR ( 'NONE', #1344, 1000.000000000000000 ) ;
#224 = FACE_OUTER_BOUND ( 'NONE', #2753, .T. ) ;
#225 = VECTOR ( 'NONE', #516, 1000.000000000000000 ) ;
#226 = CONICAL_SURFACE ( 'NONE', #2159, 2.550000000000010481, 0.7853981633974352894 ) ;
#227 = ORIENTED_EDGE ( 'NONE', *, *, #911, .T. ) ;
#228 = DIRECTION ( 'NONE',  ( -1.000000000000000000, -2.312964634635746211E-15, 0.000000000000000000 ) ) ;
#229 = DIRECTION ( 'NONE',  ( -1.000000000000000000, 0.000000000000000000, 0.000000000000000000 ) ) ;
#230 = VERTEX_POINT ( 'NONE', #3050 ) ;
#231 = EDGE_CURVE ( 'NONE', #628, #1618, #1656, .T. ) ;
#232 = CARTESIAN_POINT ( 'NONE',  ( 55.99999999999999289, 56.00000000000000711, 30.00000000000000000 ) ) ;
#233 = CIRCLE ( 'NONE', #2984, 5.999999999999998224 ) ;
#234 = ORIENTED_EDGE ( 'NONE', *, *, #2043, .T. ) ;
#235 = AXIS2_PLACEMENT_3D ( 'NONE', #1131, #3101, #1706 ) ;
#236 = CARTESIAN_POINT ( 'NONE',  ( 58.99999999999997868, 50.51471862576143934, 30.00000000000000000 ) ) ;
#237 = EDGE_CURVE ( 'NONE', #3421, #2531, #577, .T. ) ;
#238 = DIRECTION ( 'NONE',  ( 1.000000000000000000, 0.000000000000000000, 0.000000000000000000 ) ) ;
#239 = VECTOR ( 'NONE', #719, 1000.000000000000000 ) ;
#240 = ORIENTED_EDGE ( 'NONE', *, *, #1144, .F. ) ;
#241 = ORIENTED_EDGE ( 'NONE', *, *, #3613, .T. ) ;
#242 = CARTESIAN_POINT ( 'NONE',  ( 59.00000000000001421, -58.99999999999999289, 3.749999999999996447 ) ) ;
#243 = VECTOR ( 'NONE', #1026, 1000.000000000000000 ) ;
#244 = DIRECTION ( 'NONE',  ( -1.000000000000000000, 0.000000000000000000, 0.000000000000000000 ) ) ;
#245 = CARTESIAN_POINT ( 'NONE',  ( -10.33333333333338011, 61.91666666666669983, 0.8333333333333751147 ) ) ;
#246 = EDGE_CURVE ( 'NONE', #219, #2947, #1260, .T. ) ;
#247 = CIRCLE ( 'NONE', #305, 2.250000000000001776 ) ;
#248 = EDGE_LOOP ( 'NONE', ( #3064, #979, #3048, #2029 ) ) ;
#249 = ORIENTED_EDGE ( 'NONE', *, *, #527, .T. ) ;
#250 = FACE_OUTER_BOUND ( 'NONE', #1196, .T. ) ;
#251 = ORIENTED_EDGE ( 'NONE', *, *, #2945, .F. ) ;
#252 = CARTESIAN_POINT ( 'NONE',  ( -58.99999999999997868, -50.51471862576143934, -4.000000000000000000 ) ) ;
#253 = ORIENTED_EDGE ( 'NONE', *, *, #231, .F. ) ;
#254 = FACE_OUTER_BOUND ( 'NONE', #1305, .T. ) ;
#255 = CARTESIAN_POINT ( 'NONE',  ( 59.00000000000001421, -50.51471862576144645, -4.000000000000000000 ) ) ;
#256 = EDGE_LOOP ( 'NONE', ( #2477, #478, #141, #426 ) ) ;
#257 = EDGE_CURVE ( 'NONE', #1271, #2601, #1083, .T. ) ;
#258 = ORIENTED_EDGE ( 'NONE', *, *, #3632, .F. ) ;
#259 = DIRECTION ( 'NONE',  ( 1.000000000000000000, 0.000000000000000000, 0.000000000000000000 ) ) ;
#260 = CARTESIAN_POINT ( 'NONE',  ( 0.000000000000000000, 0.000000000000000000, 30.00000000000000000 ) ) ;
#261 = DIRECTION ( 'NONE',  ( -1.000000000000000000, 0.000000000000000000, 0.000000000000000000 ) ) ;
#262 = ORIENTED_EDGE ( 'NONE', *, *, #1847, .F. ) ;
#263 = CARTESIAN_POINT ( 'NONE',  ( -47.99999999999999289, 40.00000000000000000, 3.000000000000000000 ) ) ;
#264 = FACE_OUTER_BOUND ( 'NONE', #1432, .T. ) ;
#265 = ORIENTED_EDGE ( 'NONE', *, *, #2632, .F. ) ;
#266 = DIRECTION ( 'NONE',  ( -1.000000000000000000, -1.239088197126290817E-16, 0.000000000000000000 ) ) ;
#267 = PLANE ( 'NONE',  #411 ) ;
#268 = ORIENTED_EDGE ( 'NONE', *, *, #2257, .F. ) ;
#269 = CARTESIAN_POINT ( 'NONE',  ( 0.000000000000000000, 0.000000000000000000, 5.999999999999998224 ) ) ;
#270 = CARTESIAN_POINT ( 'NONE',  ( 56.74999999999998579, 59.00000000000000000, 24.00000000000000000 ) ) ;
#271 = ORIENTED_EDGE ( 'NONE', *, *, #767, .T. ) ;
#272 = VERTEX_POINT ( 'NONE', #2358 ) ;
#273 = DIRECTION ( 'NONE',  ( 0.000000000000000000, 0.000000000000000000, -1.000000000000000000 ) ) ;
#274 = CARTESIAN_POINT ( 'NONE',  ( 58.99999999999999289, 59.00000000000000000, 24.00000000000000000 ) ) ;
#275 = CARTESIAN_POINT ( 'NONE',  ( 58.99999999999997868, 41.75000000000006395, 30.00000000000000000 ) ) ;
#276 = EDGE_CURVE ( 'NONE', #2723, #2503, #389, .T. ) ;
#277 = ORIENTED_EDGE ( 'NONE', *, *, #461, .T. ) ;
#278 = CARTESIAN_POINT ( 'NONE',  ( -47.99999999999999289, 48.00000000000000000, 3.000000000000000000 ) ) ;
#279 =( GEOMETRIC_REPRESENTATION_CONTEXT ( 3 ) GLOBAL_UNCERTAINTY_ASSIGNED_CONTEXT ( ( #290 ) ) GLOBAL_UNIT_ASSIGNED_CONTEXT ( ( #163, #2086, #1285 ) ) REPRESENTATION_CONTEXT ( 'NONE', 'WORKASPACE' ) );
#280 = VECTOR ( 'NONE', #2148, 1000.000000000000000 ) ;
#281 = LINE ( 'NONE', #1933, #782 ) ;
#282 = EDGE_CURVE ( 'NONE', #2146, #3425, #645, .T. ) ;
#283 = AXIS2_PLACEMENT_3D ( 'NONE', #2403, #1810, #1253 ) ;
#284 = VERTEX_POINT ( 'NONE', #427 ) ;
#285 = CONICAL_SURFACE ( 'NONE', #2277, 2.250000000000001776, 0.7853981633974583820 ) ;
#286 = ADVANCED_FACE ( 'NONE', ( #1496 ), #702, .T. ) ;
#287 = LINE ( 'NONE', #1433, #1052 ) ;
#288 = DIRECTION ( 'NONE',  ( 0.000000000000000000, 0.000000000000000000, 1.000000000000000000 ) ) ;
#289 = ORIENTED_EDGE ( 'NONE', *, *, #2173, .T. ) ;
#290 = UNCERTAINTY_MEASURE_WITH_UNIT (LENGTH_MEASURE( 1.000000000000000082E-05 ), #163, 'distance_accuracy_value', 'NONE');
#291 = AXIS2_PLACEMENT_3D ( 'NONE', #668, #1511, #156 ) ;
#292 = CARTESIAN_POINT ( 'NONE',  ( -56.00000000000000711, 55.99999999999999289, 30.00000000000000000 ) ) ;
#293 = ORIENTED_EDGE ( 'NONE', *, *, #641, .T. ) ;
#294 = VECTOR ( 'NONE', #2830, 1000.000000000000000 ) ;
#295 = ORIENTED_EDGE ( 'NONE', *, *, #943, .F. ) ;
#296 = DIRECTION ( 'NONE',  ( 0.7071067811865546782, 0.000000000000000000, 0.7071067811865403563 ) ) ;
#297 = CARTESIAN_POINT ( 'NONE',  ( 55.99999999999999289, 56.00000000000000711, 2.999999999999999112 ) ) ;
#298 = CYLINDRICAL_SURFACE ( 'NONE', #1576, 2.250000000000001776 ) ;
#299 = AXIS2_PLACEMENT_3D ( 'NONE', #882, #2237, #3366 ) ;
#300 = ORIENTED_EDGE ( 'NONE', *, *, #303, .F. ) ;
#301 = VECTOR ( 'NONE', #1224, 1000.000000000000000 ) ;
#302 = DIRECTION ( 'NONE',  ( -0.000000000000000000, 0.000000000000000000, 1.000000000000000000 ) ) ;
#303 = EDGE_CURVE ( 'NONE', #1271, #1417, #101, .T. ) ;
#304 = CARTESIAN_POINT ( 'NONE',  ( -39.99999999999999289, 0.000000000000000000, 6.000000000000000000 ) ) ;
#305 = AXIS2_PLACEMENT_3D ( 'NONE', #2303, #375, #3428 ) ;
#306 = ORIENTED_EDGE ( 'NONE', *, *, #2899, .T. ) ;
#307 = EDGE_CURVE ( 'NONE', #1399, #740, #2697, .T. ) ;
#308 = AXIS2_PLACEMENT_3D ( 'NONE', #817, #1076, #2810 ) ;
#309 = CARTESIAN_POINT ( 'NONE',  ( 61.55000000000003979, -59.00000000000000000, 30.00000000000000000 ) ) ;
#310 = CARTESIAN_POINT ( 'NONE',  ( 39.99999999999999289, -48.00000000000000000, 3.000000000000000000 ) ) ;
#311 = VERTEX_POINT ( 'NONE', #2595 ) ;
#312 = DIRECTION ( 'NONE',  ( -1.000000000000000000, 0.000000000000000000, 0.000000000000000000 ) ) ;
#313 = EDGE_LOOP ( 'NONE', ( #696, #1049, #2470, #3230 ) ) ;
#314 = DIRECTION ( 'NONE',  ( 1.000000000000000000, 0.000000000000000000, 0.000000000000000000 ) ) ;
#315 = FACE_OUTER_BOUND ( 'NONE', #450, .T. ) ;
#316 = CARTESIAN_POINT ( 'NONE',  ( -45.75000000000000000, 48.00000000000000000, 0.000000000000000000 ) ) ;
#317 = ORIENTED_EDGE ( 'NONE', *, *, #1821, .F. ) ;
#318 = PLANE ( 'NONE',  #3279 ) ;
#319 = LINE ( 'NONE', #542, #364 ) ;
#320 = EDGE_CURVE ( 'NONE', #2638, #2361, #1550, .T. ) ;
#321 = ORIENTED_EDGE ( 'NONE', *, *, #1663, .F. ) ;
#322 = EDGE_CURVE ( 'NONE', #2781, #1351, #1240, .T. ) ;
#323 = FACE_OUTER_BOUND ( 'NONE', #376, .T. ) ;
#324 = ADVANCED_BREP_SHAPE_REPRESENTATION ( 'part2-urban-dist-v2-case', ( #27, #1319 ), #908 ) ;
#325 = EDGE_CURVE ( 'NONE', #3482, #1021, #2666, .T. ) ;
#326 = DIRECTION ( 'NONE',  ( -0.000000000000000000, -0.000000000000000000, -1.000000000000000000 ) ) ;
#327 = VERTEX_POINT ( 'NONE', #139 ) ;
#328 = CARTESIAN_POINT ( 'NONE',  ( -39.99999999999999289, 55.99999999999999289, 5.999999999999998224 ) ) ;
#329 = ORIENTED_EDGE ( 'NONE', *, *, #3540, .T. ) ;
#330 = CARTESIAN_POINT ( 'NONE',  ( -50.25000000000000000, -48.00000000000000000, 0.000000000000000000 ) ) ;
#331 = EDGE_CURVE ( 'NONE', #800, #3200, #233, .T. ) ;
#332 = CARTESIAN_POINT ( 'NONE',  ( 47.99999999999999289, -40.00000000000000000, 3.000000000000000000 ) ) ;
#333 = DIRECTION ( 'NONE',  ( -0.000000000000000000, 1.000000000000000000, 0.000000000000000000 ) ) ;
#334 = ORIENTED_EDGE ( 'NONE', *, *, #1893, .T. ) ;
#335 = DIRECTION ( 'NONE',  ( 0.000000000000000000, -0.000000000000000000, -1.000000000000000000 ) ) ;
#336 = FACE_OUTER_BOUND ( 'NONE', #3135, .T. ) ;
#337 = AXIS2_PLACEMENT_3D ( 'NONE', #2760, #398, #1251 ) ;
#338 = ORIENTED_EDGE ( 'NONE', *, *, #3015, .F. ) ;
#339 = DIRECTION ( 'NONE',  ( 1.239088197126290570E-16, -1.000000000000000000, 0.000000000000000000 ) ) ;
#340 = CARTESIAN_POINT ( 'NONE',  ( 0.000000000000000000, 0.000000000000000000, 30.00000000000000000 ) ) ;
#341 = CONICAL_SURFACE ( 'NONE', #820, 2.550000000000052225, 0.7853981633974815857 ) ;
#342 = CARTESIAN_POINT ( 'NONE',  ( 55.99999999999998579, 40.00000000000000000, 1.242640687119284770 ) ) ;
#343 = ORIENTED_EDGE ( 'NONE', *, *, #662, .T. ) ;
#344 = CIRCLE ( 'NONE', #2691, 3.000000000000000000 ) ;
#345 = EDGE_CURVE ( 'NONE', #1545, #1878, #2319, .T. ) ;
#346 = FACE_OUTER_BOUND ( 'NONE', #3559, .T. ) ;
#347 = VERTEX_POINT ( 'NONE', #2336 ) ;
#348 = ADVANCED_FACE ( 'NONE', ( #408 ), #980, .T. ) ;
#349 = CARTESIAN_POINT ( 'NONE',  ( -58.99999999999997868, 50.51471862576143934, 30.00000000000000000 ) ) ;
#350 = EDGE_CURVE ( 'NONE', #1213, #2602, #947, .T. ) ;
#351 = CARTESIAN_POINT ( 'NONE',  ( -41.74999999999995026, 58.99999999999999289, 3.750000000000051958 ) ) ;
#352 = CARTESIAN_POINT ( 'NONE',  ( -48.00000000000000000, 48.00000000000000000, 6.000000000000000000 ) ) ;
#353 = ORIENTED_EDGE ( 'NONE', *, *, #55, .T. ) ;
#354 = CARTESIAN_POINT ( 'NONE',  ( 62.00000000000000711, 50.51471862576143934, 30.00000000000000000 ) ) ;
#355 = AXIS2_PLACEMENT_3D ( 'NONE', #1314, #1040, #2151 ) ;
#356 = DIRECTION ( 'NONE',  ( 0.000000000000000000, 0.000000000000000000, 1.000000000000000000 ) ) ;
#357 = VECTOR ( 'NONE', #808, 1000.000000000000000 ) ;
#358 = ORIENTED_EDGE ( 'NONE', *, *, #806, .T. ) ;
#359 = FACE_OUTER_BOUND ( 'NONE', #402, .T. ) ;
#360 = CIRCLE ( 'NONE', #69, 8.000000000000000000 ) ;
#361 = CARTESIAN_POINT ( 'NONE',  ( 38.75735931288070901, 54.75735931288072322, -1.843453548826058379E-15 ) ) ;
#362 = LINE ( 'NONE', #1228, #2232 ) ;
#363 = EDGE_LOOP ( 'NONE', ( #955, #1109, #3259, #2677 ) ) ;
#364 = VECTOR ( 'NONE', #3109, 1000.000000000000000 ) ;
#365 = ORIENTED_EDGE ( 'NONE', *, *, #1335, .F. ) ;
#366 = DIRECTION ( 'NONE',  ( 1.850371707708596969E-14, -1.000000000000000000, 0.000000000000000000 ) ) ;
#367 = ADVANCED_FACE ( 'NONE', ( #1782 ), #3183, .T. ) ;
#368 = ORIENTED_EDGE ( 'NONE', *, *, #2592, .T. ) ;
#369 = CARTESIAN_POINT ( 'NONE',  ( -39.99999999999999289, 0.000000000000000000, 6.000000000000000000 ) ) ;
#370 = LINE ( 'NONE', #1708, #1017 ) ;
#371 = DIRECTION ( 'NONE',  ( -0.000000000000000000, -0.000000000000000000, -1.000000000000000000 ) ) ;
#372 = EDGE_CURVE ( 'NONE', #1853, #3097, #2065, .T. ) ;
#373 = ORIENTED_EDGE ( 'NONE', *, *, #1024, .F. ) ;
#374 = CARTESIAN_POINT ( 'NONE',  ( -39.99999999999999289, 56.00000000000000711, 6.000000000000000000 ) ) ;
#375 = DIRECTION ( 'NONE',  ( -0.000000000000000000, -0.000000000000000000, -1.000000000000000000 ) ) ;
#376 = EDGE_LOOP ( 'NONE', ( #3246, #3087, #1949, #2135, #253, #883, #909, #2035, #880, #1451, #520, #960 ) ) ;
#377 = CARTESIAN_POINT ( 'NONE',  ( -55.99999999999999289, -56.00000000000000711, 30.00000000000000000 ) ) ;
#378 = EDGE_CURVE ( 'NONE', #2301, #847, #704, .T. ) ;
#379 = DIRECTION ( 'NONE',  ( -1.000000000000000000, 0.000000000000000000, -0.000000000000000000 ) ) ;
#380 = CARTESIAN_POINT ( 'NONE',  ( 50.51471862576140381, -59.00000000000000711, 30.00000000000000000 ) ) ;
#381 = ORIENTED_EDGE ( 'NONE', *, *, #1469, .F. ) ;
#382 = VERTEX_POINT ( 'NONE', #3294 ) ;
#383 = CARTESIAN_POINT ( 'NONE',  ( 56.00000000000000711, -55.99999999999999289, 2.999999999999999112 ) ) ;
#384 = EDGE_LOOP ( 'NONE', ( #3240, #3273, #2789, #856 ) ) ;
#385 = PLANE ( 'NONE',  #414 ) ;
#386 = CARTESIAN_POINT ( 'NONE',  ( 56.00000000000000000, -6.938893903907228378E-15, 6.000000000000000000 ) ) ;
#387 = CYLINDRICAL_SURFACE ( 'NONE', #575, 3.000000000000000000 ) ;
#388 = ORIENTED_EDGE ( 'NONE', *, *, #753, .T. ) ;
#389 = LINE ( 'NONE', #374, #3347 ) ;
#390 = EDGE_CURVE ( 'NONE', #2246, #789, #1075, .T. ) ;
#391 = LINE ( 'NONE', #2444, #1424 ) ;
#392 = ORIENTED_EDGE ( 'NONE', *, *, #940, .T. ) ;
#393 = ADVANCED_FACE ( 'NONE', ( #1875 ), #2994, .F. ) ;
#394 = CARTESIAN_POINT ( 'NONE',  ( -55.99999999999997868, -39.49999999999997868, 30.00000000000000000 ) ) ;
#395 = DIRECTION ( 'NONE',  ( -1.000000000000000000, 0.000000000000000000, 0.000000000000000000 ) ) ;
#396 = DIRECTION ( 'NONE',  ( -3.469446951953619316E-15, 1.000000000000000000, 0.000000000000000000 ) ) ;
#397 = ORIENTED_EDGE ( 'NONE', *, *, #372, .T. ) ;
#398 = DIRECTION ( 'NONE',  ( 0.000000000000000000, -0.000000000000000000, -1.000000000000000000 ) ) ;
#399 = CIRCLE ( 'NONE', #635, 2.550000000000010481 ) ;
#400 = FACE_OUTER_BOUND ( 'NONE', #919, .T. ) ;
#401 = VECTOR ( 'NONE', #3208, 1000.000000000000000 ) ;
#402 = EDGE_LOOP ( 'NONE', ( #1780, #2535, #838, #2161, #2259, #3173, #358, #1668 ) ) ;
#403 = EDGE_CURVE ( 'NONE', #3379, #800, #1638, .T. ) ;
#404 = FACE_OUTER_BOUND ( 'NONE', #2064, .T. ) ;
#405 = LINE ( 'NONE', #1257, #2744 ) ;
#406 = DIRECTION ( 'NONE',  ( -1.000000000000000000, 0.000000000000000000, 0.000000000000000000 ) ) ;
#407 = VERTEX_POINT ( 'NONE', #786 ) ;
#408 = FACE_OUTER_BOUND ( 'NONE', #3470, .T. ) ;
#409 = CYLINDRICAL_SURFACE ( 'NONE', #2059, 2.999999999999995559 ) ;
#410 = ORIENTED_EDGE ( 'NONE', *, *, #2498, .F. ) ;
#411 = AXIS2_PLACEMENT_3D ( 'NONE', #1391, #1679, #2215 ) ;
#412 = DIRECTION ( 'NONE',  ( 1.000000000000000000, 0.000000000000000000, 0.000000000000000000 ) ) ;
#413 = CARTESIAN_POINT ( 'NONE',  ( -58.99999999999999289, 59.00000000000000000, 30.00000000000000000 ) ) ;
#414 = AXIS2_PLACEMENT_3D ( 'NONE', #2425, #3236, #3530 ) ;
#415 = DIRECTION ( 'NONE',  ( -0.000000000000000000, 0.000000000000000000, -1.000000000000000000 ) ) ;
#416 = ADVANCED_FACE ( 'NONE', ( #1058 ), #885, .F. ) ;
#417 = VERTEX_POINT ( 'NONE', #3553 ) ;
#418 = AXIS2_PLACEMENT_3D ( 'NONE', #269, #1377, #474 ) ;
#419 = FACE_OUTER_BOUND ( 'NONE', #3603, .T. ) ;
#420 = VECTOR ( 'NONE', #3247, 1000.000000000000000 ) ;
#421 = ORIENTED_EDGE ( 'NONE', *, *, #878, .F. ) ;
#422 = DIRECTION ( 'NONE',  ( -0.000000000000000000, -0.000000000000000000, -1.000000000000000000 ) ) ;
#423 = CIRCLE ( 'NONE', #956, 8.000000000000000000 ) ;
#424 = DIRECTION ( 'NONE',  ( -1.000000000000000000, 0.000000000000000000, 0.000000000000000000 ) ) ;
#425 = LINE ( 'NONE', #2111, #3132 ) ;
#426 = ORIENTED_EDGE ( 'NONE', *, *, #3581, .F. ) ;
#427 = CARTESIAN_POINT ( 'NONE',  ( 53.00000000000000000, -37.00000000000000000, 0.000000000000000000 ) ) ;
#428 = LINE ( 'NONE', #1551, #480 ) ;
#429 = ORIENTED_EDGE ( 'NONE', *, *, #197, .T. ) ;
#430 = CARTESIAN_POINT ( 'NONE',  ( -50.25000000000000000, 48.00000000000000000, 6.000000000000000000 ) ) ;
#431 = FACE_OUTER_BOUND ( 'NONE', #2256, .T. ) ;
#432 = CARTESIAN_POINT ( 'NONE',  ( -58.99999999999997868, 59.00000000000000711, 30.00000000000000000 ) ) ;
#433 = ORIENTED_EDGE ( 'NONE', *, *, #1663, .T. ) ;
#434 = CARTESIAN_POINT ( 'NONE',  ( 58.99999999999999289, -59.00000000000000000, 24.00000000000000000 ) ) ;
#435 = VECTOR ( 'NONE', #3551, 1000.000000000000000 ) ;
#436 = ADVANCED_FACE ( 'NONE', ( #2960 ), #1600, .F. ) ;
#437 = CARTESIAN_POINT ( 'NONE',  ( 39.50000000000000711, -56.74999999999997158, 30.00000000000000000 ) ) ;
#438 = VERTEX_POINT ( 'NONE', #1348 ) ;
#439 = CARTESIAN_POINT ( 'NONE',  ( 58.99999999999999289, -59.00000000000000000, 24.00000000000000000 ) ) ;
#440 = ADVANCED_FACE ( 'NONE', ( #2724 ), #1891, .F. ) ;
#441 = DIRECTION ( 'NONE',  ( -0.000000000000000000, -0.000000000000000000, -1.000000000000000000 ) ) ;
#442 = DIRECTION ( 'NONE',  ( -1.000000000000000000, 0.000000000000000000, 0.000000000000000000 ) ) ;
#443 = VERTEX_POINT ( 'NONE', #1001 ) ;
#444 = FACE_OUTER_BOUND ( 'NONE', #863, .T. ) ;
#445 = ADVANCED_FACE ( 'NONE', ( #444 ), #2461, .F. ) ;
#446 = CARTESIAN_POINT ( 'NONE',  ( 62.00000000000000711, 50.51471862576143934, -4.000000000000000000 ) ) ;
#447 = ORIENTED_EDGE ( 'NONE', *, *, #753, .F. ) ;
#448 = CARTESIAN_POINT ( 'NONE',  ( 56.74999999999998579, -59.00000000000000000, 24.00000000000000000 ) ) ;
#449 = LINE ( 'NONE', #1571, #1702 ) ;
#450 = EDGE_LOOP ( 'NONE', ( #1644, #110, #1060, #1217 ) ) ;
#451 = CARTESIAN_POINT ( 'NONE',  ( -61.99999999999999289, 50.51471862576143934, 30.00000000000000000 ) ) ;
#452 = EDGE_CURVE ( 'NONE', #162, #1279, #2136, .T. ) ;
#453 = ORIENTED_EDGE ( 'NONE', *, *, #320, .T. ) ;
#454 = AXIS2_PLACEMENT_3D ( 'NONE', #1703, #2584, #1159 ) ;
#455 = DIRECTION ( 'NONE',  ( -1.239088197126290817E-16, 1.000000000000000000, 0.000000000000000000 ) ) ;
#456 = DIRECTION ( 'NONE',  ( -0.000000000000000000, -0.000000000000000000, 1.000000000000000000 ) ) ;
#457 =( LENGTH_UNIT ( ) NAMED_UNIT ( * ) SI_UNIT ( .MILLI., .METRE. ) );
#458 = CONICAL_SURFACE ( 'NONE', #2919, 2.250000000000001776, 0.7853981633974583820 ) ;
#459 = ADVANCED_FACE ( 'NONE', ( #513 ), #174, .F. ) ;
#460 = AXIS2_PLACEMENT_3D ( 'NONE', #1617, #656, #2463 ) ;
#461 = EDGE_CURVE ( 'NONE', #2869, #2737, #2391, .T. ) ;
#462 = ORIENTED_EDGE ( 'NONE', *, *, #3557, .F. ) ;
#463 = DIRECTION ( 'NONE',  ( -1.000000000000000000, 0.000000000000000000, 0.000000000000000000 ) ) ;
#464 = DIRECTION ( 'NONE',  ( 1.000000000000000000, 0.000000000000000000, 0.000000000000000000 ) ) ;
#465 = EDGE_LOOP ( 'NONE', ( #2069, #289, #3555, #1067 ) ) ;
#466 = PLANE ( 'NONE',  #897 ) ;
#467 = CARTESIAN_POINT ( 'NONE',  ( -61.55000000000003979, 59.00000000000000000, 30.00000000000000000 ) ) ;
#468 = CIRCLE ( 'NONE', #2289, 2.250000000000001776 ) ;
#469 = VERTEX_POINT ( 'NONE', #3516 ) ;
#470 = EDGE_CURVE ( 'NONE', #215, #1136, #1296, .T. ) ;
#471 = VECTOR ( 'NONE', #3196, 1000.000000000000000 ) ;
#472 = CARTESIAN_POINT ( 'NONE',  ( -60.99999999999998579, 53.34314575050763096, 30.00000000000000000 ) ) ;
#473 = ORIENTED_EDGE ( 'NONE', *, *, #18, .T. ) ;
#474 = DIRECTION ( 'NONE',  ( 1.000000000000000000, 0.000000000000000000, -0.000000000000000000 ) ) ;
#475 = CARTESIAN_POINT ( 'NONE',  ( 56.00000000000000711, -55.99999999999999289, 30.00000000000000000 ) ) ;
#476 = VECTOR ( 'NONE', #356, 1000.000000000000000 ) ;
#477 = ADVANCED_FACE ( 'NONE', ( #3243 ), #3537, .T. ) ;
#478 = ORIENTED_EDGE ( 'NONE', *, *, #2323, .F. ) ;
#479 = ORIENTED_EDGE ( 'NONE', *, *, #3312, .T. ) ;
#480 = VECTOR ( 'NONE', #1567, 1000.000000000000000 ) ;
#481 = DIRECTION ( 'NONE',  ( -1.000000000000000000, 0.000000000000000000, 0.000000000000000000 ) ) ;
#482 = CARTESIAN_POINT ( 'NONE',  ( 0.000000000000000000, 0.000000000000000000, 5.999999999999998224 ) ) ;
#483 = ADVANCED_FACE ( 'NONE', ( #2429 ), #1583, .T. ) ;
#484 = ORIENTED_EDGE ( 'NONE', *, *, #2788, .F. ) ;
#485 = EDGE_CURVE ( 'NONE', #2531, #3070, #3274, .T. ) ;
#486 = FACE_OUTER_BOUND ( 'NONE', #3539, .T. ) ;
#487 = CARTESIAN_POINT ( 'NONE',  ( -48.00000000000000000, -48.00000000000000000, 6.000000000000000000 ) ) ;
#488 = VERTEX_POINT ( 'NONE', #1720 ) ;
#489 = ADVANCED_FACE ( 'NONE', ( #1671, #3352 ), #2224, .T. ) ;
#490 = FACE_OUTER_BOUND ( 'NONE', #1836, .T. ) ;
#491 = ORIENTED_EDGE ( 'NONE', *, *, #1275, .T. ) ;
#492 = CARTESIAN_POINT ( 'NONE',  ( 15.50000000000000711, -56.00000000000000711, 5.999999999999998224 ) ) ;
#493 = CARTESIAN_POINT ( 'NONE',  ( -58.99999999999997868, 59.00000000000000711, 30.00000000000000000 ) ) ;
#494 = ORIENTED_EDGE ( 'NONE', *, *, #1324, .T. ) ;
#495 = VERTEX_POINT ( 'NONE', #2278 ) ;
#496 = DIRECTION ( 'NONE',  ( -0.000000000000000000, -0.000000000000000000, -1.000000000000000000 ) ) ;
#497 = CARTESIAN_POINT ( 'NONE',  ( 61.00000000000000000, 53.34314575050763096, -20.97056274847713908 ) ) ;
#498 = CARTESIAN_POINT ( 'NONE',  ( 0.000000000000000000, -40.00000000000000000, 3.000000000000000000 ) ) ;
#499 = ORIENTED_EDGE ( 'NONE', *, *, #707, .T. ) ;
#500 = EDGE_CURVE ( 'NONE', #3356, #495, #39, .T. ) ;
#501 = CARTESIAN_POINT ( 'NONE',  ( -55.99999999999997868, -15.49999999999998224, 5.999999999999998224 ) ) ;
#502 = FACE_OUTER_BOUND ( 'NONE', #2642, .T. ) ;
#503 = EDGE_LOOP ( 'NONE', ( #2216, #2894, #3460, #258 ) ) ;
#504 = EDGE_CURVE ( 'NONE', #2602, #2228, #608, .T. ) ;
#505 = LINE ( 'NONE', #1121, #2280 ) ;
#506 = ORIENTED_EDGE ( 'NONE', *, *, #3612, .T. ) ;
#507 = DIRECTION ( 'NONE',  ( -1.000000000000000000, 0.000000000000000000, -0.000000000000000000 ) ) ;
#508 = CARTESIAN_POINT ( 'NONE',  ( 48.00000000000000000, -48.00000000000000000, 6.000000000000000000 ) ) ;
#509 = CIRCLE ( 'NONE', #1917, 3.000000000000002665 ) ;
#510 = VERTEX_POINT ( 'NONE', #1368 ) ;
#511 = ORIENTED_EDGE ( 'NONE', *, *, #2049, .T. ) ;
#512 = VECTOR ( 'NONE', #924, 1000.000000000000000 ) ;
#513 = FACE_OUTER_BOUND ( 'NONE', #1603, .T. ) ;
#514 = DIRECTION ( 'NONE',  ( -0.000000000000000000, 0.000000000000000000, -1.000000000000000000 ) ) ;
#515 = AXIS2_PLACEMENT_3D ( 'NONE', #2258, #1972, #623 ) ;
#516 = DIRECTION ( 'NONE',  ( -0.000000000000000000, -0.000000000000000000, 1.000000000000000000 ) ) ;
#517 = VECTOR ( 'NONE', #1527, 1000.000000000000000 ) ;
#518 = VECTOR ( 'NONE', #3377, 1000.000000000000000 ) ;
#519 = VECTOR ( 'NONE', #76, 1000.000000000000000 ) ;
#520 = ORIENTED_EDGE ( 'NONE', *, *, #2625, .T. ) ;
#521 = DIRECTION ( 'NONE',  ( 0.000000000000000000, 0.000000000000000000, 1.000000000000000000 ) ) ;
#522 = DIRECTION ( 'NONE',  ( -1.000000000000000000, 0.000000000000000000, 0.000000000000000000 ) ) ;
#523 = EDGE_CURVE ( 'NONE', #2652, #469, #1423, .T. ) ;
#524 = ORIENTED_EDGE ( 'NONE', *, *, #2892, .T. ) ;
#525 = CARTESIAN_POINT ( 'NONE',  ( 55.99999999999999289, -40.00000000000000000, 3.000000000000000000 ) ) ;
#526 = VECTOR ( 'NONE', #1530, 1000.000000000000114 ) ;
#527 = EDGE_CURVE ( 'NONE', #2547, #2245, #816, .T. ) ;
#528 = ORIENTED_EDGE ( 'NONE', *, *, #276, .T. ) ;
#529 = VECTOR ( 'NONE', #2495, 1000.000000000000000 ) ;
#530 = LINE ( 'NONE', #3621, #2585 ) ;
#531 = CARTESIAN_POINT ( 'NONE',  ( -53.34314575050759544, -61.00000000000000711, -4.000000000000000000 ) ) ;
#532 = AXIS2_PLACEMENT_3D ( 'NONE', #2656, #2891, #3468 ) ;
#533 = VERTEX_POINT ( 'NONE', #3122 ) ;
#534 = ORIENTED_EDGE ( 'NONE', *, *, #2049, .F. ) ;
#535 = FACE_OUTER_BOUND ( 'NONE', #1476, .T. ) ;
#536 = AXIS2_PLACEMENT_3D ( 'NONE', #115, #1235, #3478 ) ;
#537 = CARTESIAN_POINT ( 'NONE',  ( -56.00000000000000711, 55.99999999999999289, 30.00000000000000000 ) ) ;
#538 = LINE ( 'NONE', #6, #636 ) ;
#539 = VECTOR ( 'NONE', #669, 1000.000000000000000 ) ;
#540 = ORIENTED_EDGE ( 'NONE', *, *, #1757, .T. ) ;
#541 = DIRECTION ( 'NONE',  ( -0.000000000000000000, -0.000000000000000000, -1.000000000000000000 ) ) ;
#542 = CARTESIAN_POINT ( 'NONE',  ( -56.00000000000000711, 55.99999999999999289, 30.00000000000000000 ) ) ;
#543 = VECTOR ( 'NONE', #3331, 1000.000000000000114 ) ;
#544 = ORIENTED_EDGE ( 'NONE', *, *, #1916, .F. ) ;
#545 = LINE ( 'NONE', #3056, #1865 ) ;
#546 = CARTESIAN_POINT ( 'NONE',  ( -47.99999999999999289, -37.00000000000000000, 3.000000000000000000 ) ) ;
#547 = EDGE_LOOP ( 'NONE', ( #2455, #1822, #1750, #565 ) ) ;
#548 = ADVANCED_FACE ( 'NONE', ( #535 ), #2480, .T. ) ;
#549 = DIRECTION ( 'NONE',  ( -1.000000000000000000, 0.000000000000000000, 0.000000000000000000 ) ) ;
#550 = CARTESIAN_POINT ( 'NONE',  ( -58.99999999999999289, 59.00000000000000000, 30.00000000000000000 ) ) ;
#551 = AXIS2_PLACEMENT_3D ( 'NONE', #2408, #2091, #154 ) ;
#552 = ORIENTED_EDGE ( 'NONE', *, *, #2545, .F. ) ;
#553 = ORIENTED_EDGE ( 'NONE', *, *, #1407, .F. ) ;
#554 = FACE_OUTER_BOUND ( 'NONE', #3370, .T. ) ;
#555 = EDGE_CURVE ( 'NONE', #624, #965, #1927, .T. ) ;
#556 = CARTESIAN_POINT ( 'NONE',  ( 39.99999999999999289, 48.00000000000000000, 3.000000000000000000 ) ) ;
#557 = LINE ( 'NONE', #1673, #3218 ) ;
#558 = EDGE_CURVE ( 'NONE', #855, #3596, #2230, .T. ) ;
#559 = ORIENTED_EDGE ( 'NONE', *, *, #2777, .T. ) ;
#560 = CARTESIAN_POINT ( 'NONE',  ( 0.000000000000000000, 0.000000000000000000, 0.000000000000000000 ) ) ;
#561 = CARTESIAN_POINT ( 'NONE',  ( 56.74999999999997158, 39.50000000000004263, 30.00000000000000000 ) ) ;
#562 = ORIENTED_EDGE ( 'NONE', *, *, #1158, .F. ) ;
#563 = CARTESIAN_POINT ( 'NONE',  ( 50.51471862576141092, 59.00000000000000711, -4.000000000000000000 ) ) ;
#564 = CARTESIAN_POINT ( 'NONE',  ( 58.99999999999999289, 59.00000000000000000, 24.00000000000000000 ) ) ;
#565 = ORIENTED_EDGE ( 'NONE', *, *, #1270, .F. ) ;
#566 = DIRECTION ( 'NONE',  ( -1.000000000000000000, 0.000000000000000000, 0.000000000000000000 ) ) ;
#567 = APPLICATION_PROTOCOL_DEFINITION ( 'draft international standard', 'automotive_design', 1998, #1854 ) ;
#568 = ADVANCED_FACE ( 'NONE', ( #1147 ), #839, .F. ) ;
#569 = EDGE_LOOP ( 'NONE', ( #2494, #2554, #109, #3575 ) ) ;
#570 = ORIENTED_EDGE ( 'NONE', *, *, #2162, .T. ) ;
#571 = DIRECTION ( 'NONE',  ( 0.000000000000000000, -0.000000000000000000, -1.000000000000000000 ) ) ;
#572 = DIRECTION ( 'NONE',  ( 0.000000000000000000, -0.000000000000000000, -1.000000000000000000 ) ) ;
#573 = DIRECTION ( 'NONE',  ( -0.000000000000000000, -0.000000000000000000, -1.000000000000000000 ) ) ;
#574 = EDGE_CURVE ( 'NONE', #2204, #3281, #2816, .T. ) ;
#575 = AXIS2_PLACEMENT_3D ( 'NONE', #1237, #1761, #59 ) ;
#576 = VERTEX_POINT ( 'NONE', #871 ) ;
#577 = LINE ( 'NONE', #1694, #3640 ) ;
#578 = CIRCLE ( 'NONE', #2097, 2.250000000000001776 ) ;
#579 = DIRECTION ( 'NONE',  ( 0.000000000000000000, -0.000000000000000000, -1.000000000000000000 ) ) ;
#580 = VECTOR ( 'NONE', #3593, 1000.000000000000000 ) ;
#581 = CIRCLE ( 'NONE', #1980, 3.000000000000002665 ) ;
#582 = ORIENTED_EDGE ( 'NONE', *, *, #523, .F. ) ;
#583 = CYLINDRICAL_SURFACE ( 'NONE', #3457, 2.250000000000001776 ) ;
#584 = FACE_OUTER_BOUND ( 'NONE', #202, .T. ) ;
#585 = ORIENTED_EDGE ( 'NONE', *, *, #504, .F. ) ;
#586 = DIRECTION ( 'NONE',  ( -0.000000000000000000, 0.000000000000000000, -1.000000000000000000 ) ) ;
#587 = AXIS2_PLACEMENT_3D ( 'NONE', #1156, #3344, #2840 ) ;
#588 = ORIENTED_EDGE ( 'NONE', *, *, #2892, .F. ) ;
#589 = CARTESIAN_POINT ( 'NONE',  ( 0.000000000000000000, 0.000000000000000000, 6.000000000000000000 ) ) ;
#590 = CYLINDRICAL_SURFACE ( 'NONE', #2766, 3.000000000000002665 ) ;
#591 = DIRECTION ( 'NONE',  ( 0.000000000000000000, 0.000000000000000000, 1.000000000000000000 ) ) ;
#592 = VECTOR ( 'NONE', #1248, 1000.000000000000000 ) ;
#593 = EDGE_LOOP ( 'NONE', ( #2070, #607, #2266, #3118 ) ) ;
#594 = VECTOR ( 'NONE', #1302, 1000.000000000000000 ) ;
#595 = CARTESIAN_POINT ( 'NONE',  ( -47.99999999999999289, -40.00000000000000000, 0.000000000000000000 ) ) ;
#596 = EDGE_CURVE ( 'NONE', #3205, #3589, #2112, .T. ) ;
#597 = CARTESIAN_POINT ( 'NONE',  ( -58.99999999999999289, -59.00000000000000000, 30.00000000000000000 ) ) ;
#598 = ADVANCED_FACE ( 'NONE', ( #3330 ), #1960, .F. ) ;
#599 = CIRCLE ( 'NONE', #1767, 5.999999999999998224 ) ;
#600 = EDGE_LOOP ( 'NONE', ( #3614, #1693 ) ) ;
#601 = VECTOR ( 'NONE', #2031, 1000.000000000000000 ) ;
#602 = DIRECTION ( 'NONE',  ( 0.000000000000000000, 0.000000000000000000, 1.000000000000000000 ) ) ;
#603 = DIRECTION ( 'NONE',  ( -1.000000000000000000, 0.000000000000000000, 0.000000000000000000 ) ) ;
#604 = ADVANCED_FACE ( 'NONE', ( #554 ), #3386, .F. ) ;
#605 = ORIENTED_EDGE ( 'NONE', *, *, #1096, .T. ) ;
#606 = CARTESIAN_POINT ( 'NONE',  ( 47.99999999999999289, 37.00000000000000000, 3.000000000000000000 ) ) ;
#607 = ORIENTED_EDGE ( 'NONE', *, *, #214, .T. ) ;
#608 = LINE ( 'NONE', #242, #294 ) ;
#609 = CARTESIAN_POINT ( 'NONE',  ( -56.75000000000000000, -39.49999999999997868, 5.999999999999972466 ) ) ;
#610 = FACE_OUTER_BOUND ( 'NONE', #2619, .T. ) ;
#611 = AXIS2_PLACEMENT_3D ( 'NONE', #3216, #2373, #699 ) ;
#612 = ORIENTED_EDGE ( 'NONE', *, *, #3365, .F. ) ;
#613 = FACE_BOUND ( 'NONE', #929, .T. ) ;
#614 = FACE_OUTER_BOUND ( 'NONE', #1613, .T. ) ;
#615 = EDGE_CURVE ( 'NONE', #1572, #3379, #2515, .T. ) ;
#616 = ORIENTED_EDGE ( 'NONE', *, *, #3201, .T. ) ;
#617 = DIRECTION ( 'NONE',  ( -1.000000000000000000, 0.000000000000000000, 0.000000000000000000 ) ) ;
#618 = PLANE ( 'NONE',  #112 ) ;
#619 = EDGE_CURVE ( 'NONE', #3220, #2869, #2348, .T. ) ;
#620 = DIRECTION ( 'NONE',  ( 1.000000000000000000, 0.000000000000000000, -0.000000000000000000 ) ) ;
#621 = EDGE_CURVE ( 'NONE', #1165, #2125, #2550, .T. ) ;
#622 = VERTEX_POINT ( 'NONE', #1471 ) ;
#623 = DIRECTION ( 'NONE',  ( 1.000000000000000000, 0.000000000000000000, 0.000000000000000000 ) ) ;
#624 = VERTEX_POINT ( 'NONE', #2315 ) ;
#625 = CYLINDRICAL_SURFACE ( 'NONE', #1528, 3.000000000000002665 ) ;
#626 = CARTESIAN_POINT ( 'NONE',  ( -50.51471862576140381, 61.99999999999999289, -20.97056274847713908 ) ) ;
#627 = FACE_OUTER_BOUND ( 'NONE', #3629, .T. ) ;
#628 = VERTEX_POINT ( 'NONE', #3439 ) ;
#629 = DIRECTION ( 'NONE',  ( 0.000000000000000000, 0.000000000000000000, 1.000000000000000000 ) ) ;
#630 = DIRECTION ( 'NONE',  ( 0.000000000000000000, 0.000000000000000000, -1.000000000000000000 ) ) ;
#631 = AXIS2_PLACEMENT_3D ( 'NONE', #1923, #2787, #1647 ) ;
#632 = ORIENTED_EDGE ( 'NONE', *, *, #1299, .F. ) ;
#633 = CARTESIAN_POINT ( 'NONE',  ( 45.44999999999998863, -48.00000000000000000, 6.000000000000000000 ) ) ;
#634 = DIRECTION ( 'NONE',  ( 1.000000000000000000, 0.000000000000000000, 0.000000000000000000 ) ) ;
#635 = AXIS2_PLACEMENT_3D ( 'NONE', #508, #2242, #1086 ) ;
#636 = VECTOR ( 'NONE', #261, 1000.000000000000000 ) ;
#637 = LINE ( 'NONE', #2045, #2116 ) ;
#638 = VERTEX_POINT ( 'NONE', #349 ) ;
#639 = ORIENTED_EDGE ( 'NONE', *, *, #1053, .F. ) ;
#640 = AXIS2_PLACEMENT_3D ( 'NONE', #677, #1866, #1791 ) ;
#641 = EDGE_CURVE ( 'NONE', #1649, #443, #182, .T. ) ;
#642 = CARTESIAN_POINT ( 'NONE',  ( -47.99999999999999289, 37.00000000000000000, 3.000000000000000000 ) ) ;
#643 = ORIENTED_EDGE ( 'NONE', *, *, #555, .F. ) ;
#644 = CARTESIAN_POINT ( 'NONE',  ( -13.25000000000004796, 59.00000000000000000, 30.00000000000000000 ) ) ;
#645 = CIRCLE ( 'NONE', #3229, 2.250000000000001776 ) ;
#646 = DIRECTION ( 'NONE',  ( 0.000000000000000000, 0.000000000000000000, 1.000000000000000000 ) ) ;
#647 = LINE ( 'NONE', #1454, #1456 ) ;
#648 = VECTOR ( 'NONE', #3138, 1000.000000000000000 ) ;
#649 = ORIENTED_EDGE ( 'NONE', *, *, #615, .F. ) ;
#650 = DIRECTION ( 'NONE',  ( -1.176083712526648949E-16, 1.000000000000000000, -0.000000000000000000 ) ) ;
#651 = VECTOR ( 'NONE', #107, 1000.000000000000000 ) ;
#652 = DIRECTION ( 'NONE',  ( -1.000000000000000000, 0.000000000000000000, 0.000000000000000000 ) ) ;
#653 = VERTEX_POINT ( 'NONE', #330 ) ;
#654 = DIRECTION ( 'NONE',  ( 8.316167683706397312E-17, -0.7071067811865442421, -0.7071067811865507924 ) ) ;
#655 = VECTOR ( 'NONE', #2485, 1000.000000000000000 ) ;
#656 = DIRECTION ( 'NONE',  ( 1.000000000000000000, 0.000000000000000000, 0.000000000000000000 ) ) ;
#657 = DIRECTION ( 'NONE',  ( 0.000000000000000000, 0.000000000000000000, 1.000000000000000000 ) ) ;
#658 = ORIENTED_EDGE ( 'NONE', *, *, #1148, .T. ) ;
#659 = VECTOR ( 'NONE', #2886, 1000.000000000000000 ) ;
#660 = ORIENTED_EDGE ( 'NONE', *, *, #2253, .T. ) ;
#661 = DIRECTION ( 'NONE',  ( 0.000000000000000000, 0.000000000000000000, 1.000000000000000000 ) ) ;
#662 = EDGE_CURVE ( 'NONE', #2490, #1572, #2030, .T. ) ;
#663 = ORIENTED_EDGE ( 'NONE', *, *, #914, .F. ) ;
#664 = CARTESIAN_POINT ( 'NONE',  ( -61.24999999999999289, -59.00000000000000000, 24.00000000000000000 ) ) ;
#665 = LINE ( 'NONE', #964, #1682 ) ;
#666 = ADVANCED_FACE ( 'NONE', ( #97 ), #625, .F. ) ;
#667 = VERTEX_POINT ( 'NONE', #2013 ) ;
#668 = CARTESIAN_POINT ( 'NONE',  ( 58.99999999999999289, -59.00000000000000000, 24.00000000000000000 ) ) ;
#669 = DIRECTION ( 'NONE',  ( -0.000000000000000000, -0.000000000000000000, 1.000000000000000000 ) ) ;
#670 = EDGE_CURVE ( 'NONE', #987, #789, #79, .T. ) ;
#671 = ORIENTED_EDGE ( 'NONE', *, *, #87, .F. ) ;
#672 = CARTESIAN_POINT ( 'NONE',  ( 15.50000000000000711, -56.74999999999997868, 30.00000000000000000 ) ) ;
#673 = DIRECTION ( 'NONE',  ( 0.000000000000000000, 0.000000000000000000, -1.000000000000000000 ) ) ;
#674 = PLANE ( 'NONE',  #2351 ) ;
#675 = VERTEX_POINT ( 'NONE', #1452 ) ;
#676 = CARTESIAN_POINT ( 'NONE',  ( -47.99999999999999289, -48.00000000000000000, 6.000000000000000000 ) ) ;
#677 = CARTESIAN_POINT ( 'NONE',  ( -36.99999999999999289, 0.000000000000000000, 3.000000000000000000 ) ) ;
#678 = ORIENTED_EDGE ( 'NONE', *, *, #1821, .T. ) ;
#679 = FACE_OUTER_BOUND ( 'NONE', #465, .T. ) ;
#680 = DIRECTION ( 'NONE',  ( 0.000000000000000000, 0.000000000000000000, 1.000000000000000000 ) ) ;
#681 = DIRECTION ( 'NONE',  ( 1.000000000000000000, 0.000000000000000000, 0.000000000000000000 ) ) ;
#682 = ADVANCED_FACE ( 'NONE', ( #3157 ), #2568, .T. ) ;
#683 = EDGE_LOOP ( 'NONE', ( #1184, #1723, #663, #205 ) ) ;
#684 = DIRECTION ( 'NONE',  ( 1.000000000000000000, 0.000000000000000000, 0.000000000000000000 ) ) ;
#685 = DIRECTION ( 'NONE',  ( 1.000000000000000000, 0.000000000000000000, 0.000000000000000000 ) ) ;
#686 = ADVANCED_FACE ( 'NONE', ( #1758 ), #2880, .T. ) ;
#687 = ORIENTED_EDGE ( 'NONE', *, *, #767, .F. ) ;
#688 = DIRECTION ( 'NONE',  ( -1.000000000000000000, -1.239088197126290817E-16, 0.000000000000000000 ) ) ;
#689 = CARTESIAN_POINT ( 'NONE',  ( -56.00000000000000711, 55.99999999999999289, 5.999999999999998224 ) ) ;
#690 = CARTESIAN_POINT ( 'NONE',  ( 39.50000000000000711, -56.74999999999997158, 30.00000000000000000 ) ) ;
#691 = VERTEX_POINT ( 'NONE', #310 ) ;
#692 = DIRECTION ( 'NONE',  ( 0.000000000000000000, -0.000000000000000000, -1.000000000000000000 ) ) ;
#693 = CARTESIAN_POINT ( 'NONE',  ( 6.938893903907228378E-15, 56.00000000000000000, 6.000000000000000000 ) ) ;
#694 = CIRCLE ( 'NONE', #1343, 2.550000000000024691 ) ;
#695 = AXIS2_PLACEMENT_3D ( 'NONE', #47, #1485, #1969 ) ;
#696 = ORIENTED_EDGE ( 'NONE', *, *, #86, .T. ) ;
#697 = DIRECTION ( 'NONE',  ( 1.000000000000000000, 0.000000000000000000, 0.000000000000000000 ) ) ;
#698 = CARTESIAN_POINT ( 'NONE',  ( -56.74999999999998579, 59.00000000000000000, 24.00000000000000000 ) ) ;
#699 = DIRECTION ( 'NONE',  ( -1.000000000000000000, 0.000000000000000000, 0.000000000000000000 ) ) ;
#700 = ORIENTED_EDGE ( 'NONE', *, *, #3250, .F. ) ;
#701 = ORIENTED_EDGE ( 'NONE', *, *, #558, .T. ) ;
#702 = PLANE ( 'NONE',  #1352 ) ;
#703 = DIRECTION ( 'NONE',  ( 0.000000000000000000, 0.000000000000000000, 1.000000000000000000 ) ) ;
#704 = CIRCLE ( 'NONE', #1234, 2.550000000000010481 ) ;
#705 = ORIENTED_EDGE ( 'NONE', *, *, #1657, .T. ) ;
#706 = AXIS2_PLACEMENT_3D ( 'NONE', #1434, #1123, #2508 ) ;
#707 = EDGE_CURVE ( 'NONE', #2547, #75, #1174, .T. ) ;
#708 = DIRECTION ( 'NONE',  ( -0.000000000000000000, -0.000000000000000000, 1.000000000000000000 ) ) ;
#709 = CARTESIAN_POINT ( 'NONE',  ( -48.00000000000000000, 48.00000000000000000, 6.000000000000000000 ) ) ;
#710 = VECTOR ( 'NONE', #396, 1000.000000000000000 ) ;
#711 = CARTESIAN_POINT ( 'NONE',  ( -39.99999999999999289, 48.00000000000000000, 0.000000000000000000 ) ) ;
#712 = ORIENTED_EDGE ( 'NONE', *, *, #2852, .T. ) ;
#713 = DIRECTION ( 'NONE',  ( -0.000000000000000000, -0.000000000000000000, -1.000000000000000000 ) ) ;
#714 = VECTOR ( 'NONE', #1363, 1000.000000000000000 ) ;
#715 = DIRECTION ( 'NONE',  ( -1.000000000000000000, 0.000000000000000000, 0.000000000000000000 ) ) ;
#716 = VECTOR ( 'NONE', #1676, 1000.000000000000114 ) ;
#717 = EDGE_CURVE ( 'NONE', #2347, #1470, #3289, .T. ) ;
#718 = ORIENTED_EDGE ( 'NONE', *, *, #2903, .F. ) ;
#719 = DIRECTION ( 'NONE',  ( -1.000000000000000000, -1.176083712526648949E-16, 0.000000000000000000 ) ) ;
#720 = AXIS2_PLACEMENT_3D ( 'NONE', #98, #944, #3123 ) ;
#721 = CARTESIAN_POINT ( 'NONE',  ( 36.99999999999999289, -0.000000000000000000, 0.000000000000000000 ) ) ;
#722 = LINE ( 'NONE', #1835, #3069 ) ;
#723 = ORIENTED_EDGE ( 'NONE', *, *, #3335, .T. ) ;
#724 = ORIENTED_EDGE ( 'NONE', *, *, #3315, .F. ) ;
#725 = CARTESIAN_POINT ( 'NONE',  ( -58.99999999999999289, -59.00000000000000000, 24.00000000000000000 ) ) ;
#726 = DIRECTION ( 'NONE',  ( 0.7071067811865505703, -0.7071067811865444641, 0.000000000000000000 ) ) ;
#727 = ORIENTED_EDGE ( 'NONE', *, *, #2613, .F. ) ;
#728 = CARTESIAN_POINT ( 'NONE',  ( -47.99999999999999289, 40.00000000000000000, 3.000000000000000000 ) ) ;
#729 = DIRECTION ( 'NONE',  ( 0.000000000000000000, -0.000000000000000000, -1.000000000000000000 ) ) ;
#730 = EDGE_CURVE ( 'NONE', #2597, #438, #3232, .T. ) ;
#731 = LINE ( 'NONE', #1863, #1588 ) ;
#732 = VERTEX_POINT ( 'NONE', #2007 ) ;
#733 = LINE ( 'NONE', #3508, #997 ) ;
#734 = DIRECTION ( 'NONE',  ( -0.000000000000000000, -0.000000000000000000, -1.000000000000000000 ) ) ;
#735 = ADVANCED_FACE ( 'NONE', ( #3134 ), #1716, .F. ) ;
#736 = ORIENTED_EDGE ( 'NONE', *, *, #2457, .T. ) ;
#737 = LINE ( 'NONE', #1507, #1762 ) ;
#738 = LINE ( 'NONE', #1851, #2155 ) ;
#739 = CARTESIAN_POINT ( 'NONE',  ( -39.49999999999999289, 56.00000000000000711, 30.00000000000000000 ) ) ;
#740 = VERTEX_POINT ( 'NONE', #50 ) ;
#741 = VERTEX_POINT ( 'NONE', #1730 ) ;
#742 = DIRECTION ( 'NONE',  ( 1.000000000000000000, 0.000000000000000000, 0.000000000000000000 ) ) ;
#743 = LINE ( 'NONE', #194, #1541 ) ;
#744 = ORIENTED_EDGE ( 'NONE', *, *, #86, .F. ) ;
#745 = LINE ( 'NONE', #1860, #1070 ) ;
#746 = DIRECTION ( 'NONE',  ( -0.000000000000000000, -0.000000000000000000, -1.000000000000000000 ) ) ;
#747 = ORIENTED_EDGE ( 'NONE', *, *, #2542, .F. ) ;
#748 = EDGE_CURVE ( 'NONE', #1428, #982, #2172, .T. ) ;
#749 = CARTESIAN_POINT ( 'NONE',  ( 45.75000000000000000, 48.00000000000000000, 6.000000000000000000 ) ) ;
#750 = VECTOR ( 'NONE', #3615, 1000.000000000000000 ) ;
#751 = ORIENTED_EDGE ( 'NONE', *, *, #891, .F. ) ;
#752 = AXIS2_PLACEMENT_3D ( 'NONE', #780, #3586, #566 ) ;
#753 = EDGE_CURVE ( 'NONE', #215, #3482, #468, .T. ) ;
#754 = PLANE ( 'NONE',  #1818 ) ;
#755 = CIRCLE ( 'NONE', #1461, 2.550000000000052225 ) ;
#756 = CARTESIAN_POINT ( 'NONE',  ( -61.99999999999999289, 50.51471862576143934, -20.97056274847713908 ) ) ;
#757 = EDGE_CURVE ( 'NONE', #347, #495, #2322, .T. ) ;
#758 = CARTESIAN_POINT ( 'NONE',  ( -58.99999999999999289, 59.00000000000000000, 30.00000000000000000 ) ) ;
#759 = CIRCLE ( 'NONE', #51, 2.550000000000010481 ) ;
#760 = VECTOR ( 'NONE', #3546, 1000.000000000000000 ) ;
#761 = AXIS2_PLACEMENT_3D ( 'NONE', #1281, #729, #395 ) ;
#762 = ORIENTED_EDGE ( 'NONE', *, *, #2126, .T. ) ;
#763 = ADVANCED_FACE ( 'NONE', ( #1100 ), #267, .T. ) ;
#764 = ORIENTED_EDGE ( 'NONE', *, *, #2637, .T. ) ;
#765 = CARTESIAN_POINT ( 'NONE',  ( -52.99999999999999289, -37.00000000000000000, 0.000000000000000000 ) ) ;
#766 = DIRECTION ( 'NONE',  ( -0.000000000000000000, 0.000000000000000000, 1.000000000000000000 ) ) ;
#767 = EDGE_CURVE ( 'NONE', #230, #2621, #2522, .T. ) ;
#768 = EDGE_LOOP ( 'NONE', ( #851, #1919, #1557, #1906, #3399, #1448, #3023, #1614, #2866, #814, #343 ) ) ;
#769 = VECTOR ( 'NONE', #3426, 1000.000000000000000 ) ;
#770 = CARTESIAN_POINT ( 'NONE',  ( -41.74999999999995026, 58.99999999999999289, 5.999999999999998224 ) ) ;
#771 = LINE ( 'NONE', #2420, #3467 ) ;
#772 = VECTOR ( 'NONE', #3025, 1000.000000000000000 ) ;
#773 = ORIENTED_EDGE ( 'NONE', *, *, #1956, .T. ) ;
#774 = CIRCLE ( 'NONE', #532, 3.000000000000000000 ) ;
#775 = CARTESIAN_POINT ( 'NONE',  ( 59.00000000000001421, 15.50000000000004086, 3.749999999999982681 ) ) ;
#776 = AXIS2_PLACEMENT_3D ( 'NONE', #2769, #2786, #3325 ) ;
#777 = EDGE_LOOP ( 'NONE', ( #3162, #1599, #42, #811 ) ) ;
#778 = UNCERTAINTY_MEASURE_WITH_UNIT (LENGTH_MEASURE( 1.000000000000000082E-05 ), #457, 'distance_accuracy_value', 'NONE');
#779 = PLANE ( 'NONE',  #1066 ) ;
#780 = CARTESIAN_POINT ( 'NONE',  ( -50.51471862576140381, 61.99999999999999289, -4.000000000000000000 ) ) ;
#781 = CARTESIAN_POINT ( 'NONE',  ( 59.00000000000000711, 41.75000000000005684, 5.999999999999998224 ) ) ;
#782 = VECTOR ( 'NONE', #1967, 1000.000000000000000 ) ;
#783 = EDGE_CURVE ( 'NONE', #2286, #3421, #2639, .T. ) ;
#784 = ORIENTED_EDGE ( 'NONE', *, *, #958, .T. ) ;
#785 = VECTOR ( 'NONE', #1198, 1000.000000000000000 ) ;
#786 = CARTESIAN_POINT ( 'NONE',  ( -39.99999999999999289, -48.00000000000000000, 3.000000000000000000 ) ) ;
#787 = DIRECTION ( 'NONE',  ( 1.000000000000000000, 0.000000000000000000, 0.000000000000000000 ) ) ;
#788 = EDGE_CURVE ( 'NONE', #3425, #2146, #2464, .T. ) ;
#789 = VERTEX_POINT ( 'NONE', #3398 ) ;
#790 = LINE ( 'NONE', #2154, #1707 ) ;
#791 = CYLINDRICAL_SURFACE ( 'NONE', #1301, 8.000000000000000000 ) ;
#792 = ORIENTED_EDGE ( 'NONE', *, *, #2129, .T. ) ;
#793 = PLANE ( 'NONE',  #3400 ) ;
#794 = EDGE_CURVE ( 'NONE', #3070, #675, #2412, .T. ) ;
#795 = VERTEX_POINT ( 'NONE', #2802 ) ;
#796 = CARTESIAN_POINT ( 'NONE',  ( 48.00000000000000000, 48.00000000000000000, 6.000000000000000000 ) ) ;
#797 = LINE ( 'NONE', #1395, #1167 ) ;
#798 = DIRECTION ( 'NONE',  ( 1.000000000000000000, 0.000000000000000000, 0.000000000000000000 ) ) ;
#799 = ORIENTED_EDGE ( 'NONE', *, *, #2950, .F. ) ;
#800 = VERTEX_POINT ( 'NONE', #1970 ) ;
#801 = CARTESIAN_POINT ( 'NONE',  ( -15.49999999999999289, 56.75000000000002132, 5.999999999999998224 ) ) ;
#802 = CARTESIAN_POINT ( 'NONE',  ( 58.99999999999997868, -59.00000000000000711, 30.00000000000000000 ) ) ;
#803 = DIRECTION ( 'NONE',  ( -0.000000000000000000, -0.000000000000000000, -1.000000000000000000 ) ) ;
#804 = ORIENTED_EDGE ( 'NONE', *, *, #3078, .T. ) ;
#805 = DIRECTION ( 'NONE',  ( 1.000000000000000000, 0.000000000000000000, 0.000000000000000000 ) ) ;
#806 = EDGE_CURVE ( 'NONE', #2365, #987, #1415, .T. ) ;
#807 = DIRECTION ( 'NONE',  ( -0.5773502691896245098, -0.5773502691896280625, -0.5773502691896245098 ) ) ;
#808 = DIRECTION ( 'NONE',  ( -0.000000000000000000, -0.000000000000000000, -1.000000000000000000 ) ) ;
#809 = ORIENTED_EDGE ( 'NONE', *, *, #1590, .F. ) ;
#810 = CARTESIAN_POINT ( 'NONE',  ( -50.51471862576139671, 58.99999999999999289, -4.000000000000000000 ) ) ;
#811 = ORIENTED_EDGE ( 'NONE', *, *, #2586, .F. ) ;
#812 = FACE_OUTER_BOUND ( 'NONE', #2860, .T. ) ;
#813 = DIRECTION ( 'NONE',  ( 0.000000000000000000, 0.000000000000000000, 1.000000000000000000 ) ) ;
#814 = ORIENTED_EDGE ( 'NONE', *, *, #2852, .F. ) ;
#815 = ORIENTED_EDGE ( 'NONE', *, *, #3322, .T. ) ;
#816 = LINE ( 'NONE', #1110, #529 ) ;
#817 = CARTESIAN_POINT ( 'NONE',  ( 58.99999999999997868, -59.00000000000000711, -20.97056274847713908 ) ) ;
#818 = AXIS2_PLACEMENT_3D ( 'NONE', #95, #661, #54 ) ;
#819 = CARTESIAN_POINT ( 'NONE',  ( 0.000000000000000000, 37.00000000000000000, -0.000000000000000000 ) ) ;
#820 = AXIS2_PLACEMENT_3D ( 'NONE', #3441, #1493, #681 ) ;
#821 = VECTOR ( 'NONE', #1575, 1000.000000000000000 ) ;
#822 = EDGE_LOOP ( 'NONE', ( #2848, #2985 ) ) ;
#823 = LINE ( 'NONE', #3088, #2046 ) ;
#824 = DIRECTION ( 'NONE',  ( -1.000000000000000000, 0.000000000000000000, 0.000000000000000000 ) ) ;
#825 = ADVANCED_FACE ( 'NONE', ( #584 ), #3095, .T. ) ;
#826 = VERTEX_POINT ( 'NONE', #2290 ) ;
#827 = FACE_OUTER_BOUND ( 'NONE', #2673, .T. ) ;
#828 = VECTOR ( 'NONE', #2115, 1000.000000000000000 ) ;
#829 = DIRECTION ( 'NONE',  ( 0.000000000000000000, 0.000000000000000000, 1.000000000000000000 ) ) ;
#830 = EDGE_CURVE ( 'NONE', #740, #1376, #3413, .T. ) ;
#831 = ORIENTED_EDGE ( 'NONE', *, *, #1072, .F. ) ;
#832 = VECTOR ( 'NONE', #3044, 1000.000000000000000 ) ;
#833 = CARTESIAN_POINT ( 'NONE',  ( -58.99999999999999289, 58.99999999999999289, -4.000000000000000000 ) ) ;
#834 = DIRECTION ( 'NONE',  ( -0.5773502691896262862, 0.5773502691896212902, -0.5773502691896296168 ) ) ;
#835 = EDGE_CURVE ( 'NONE', #3589, #1705, #1989, .T. ) ;
#836 = VECTOR ( 'NONE', #657, 1000.000000000000000 ) ;
#837 = ORIENTED_EDGE ( 'NONE', *, *, #1210, .T. ) ;
#838 = ORIENTED_EDGE ( 'NONE', *, *, #1183, .T. ) ;
#839 = CYLINDRICAL_SURFACE ( 'NONE', #3411, 2.250000000000001776 ) ;
#840 = AXIS2_PLACEMENT_3D ( 'NONE', #1626, #3604, #2751 ) ;
#841 = DIRECTION ( 'NONE',  ( -0.000000000000000000, -0.000000000000000000, -1.000000000000000000 ) ) ;
#842 = CARTESIAN_POINT ( 'NONE',  ( -50.51471862576141092, -62.00000000000000711, -4.000000000000000000 ) ) ;
#843 = VECTOR ( 'NONE', #2171, 1000.000000000000000 ) ;
#844 = EDGE_LOOP ( 'NONE', ( #2085, #815, #3376, #2911 ) ) ;
#845 = CARTESIAN_POINT ( 'NONE',  ( -39.99999999999999289, -56.00000000000000711, 6.000000000000000000 ) ) ;
#846 = CARTESIAN_POINT ( 'NONE',  ( 45.75000000000000000, -48.00000000000000000, 5.699999999999984190 ) ) ;
#847 = VERTEX_POINT ( 'NONE', #971 ) ;
#848 = ADVANCED_FACE ( 'NONE', ( #3188, #3449 ), #674, .F. ) ;
#849 = CARTESIAN_POINT ( 'NONE',  ( -53.34314575050759544, 61.00000000000000000, -4.000000000000000000 ) ) ;
#850 = DIRECTION ( 'NONE',  ( -0.000000000000000000, 0.000000000000000000, -1.000000000000000000 ) ) ;
#851 = ORIENTED_EDGE ( 'NONE', *, *, #615, .T. ) ;
#852 = CYLINDRICAL_SURFACE ( 'NONE', #3052, 2.250000000000001776 ) ;
#853 = EDGE_CURVE ( 'NONE', #1596, #162, #3506, .T. ) ;
#854 = DIRECTION ( 'NONE',  ( 1.000000000000000000, 0.000000000000000000, 0.000000000000000000 ) ) ;
#855 = VERTEX_POINT ( 'NONE', #1539 ) ;
#856 = ORIENTED_EDGE ( 'NONE', *, *, #1787, .F. ) ;
#857 = CARTESIAN_POINT ( 'NONE',  ( -47.99999999999999289, 48.00000000000000000, 6.000000000000000000 ) ) ;
#858 = CYLINDRICAL_SURFACE ( 'NONE', #2593, 2.250000000000001776 ) ;
#859 = LINE ( 'NONE', #245, #1922 ) ;
#860 = ORIENTED_EDGE ( 'NONE', *, *, #36, .F. ) ;
#861 = DIRECTION ( 'NONE',  ( -0.000000000000000000, 0.000000000000000000, 1.000000000000000000 ) ) ;
#862 = CARTESIAN_POINT ( 'NONE',  ( 48.00000000000000000, 48.00000000000000000, 5.699999999999987743 ) ) ;
#863 = EDGE_LOOP ( 'NONE', ( #2726, #585, #639, #373 ) ) ;
#864 = FACE_OUTER_BOUND ( 'NONE', #2291, .T. ) ;
#865 = CARTESIAN_POINT ( 'NONE',  ( 55.99999999999999289, -40.00000000000000000, 6.000000000000000000 ) ) ;
#866 = ORIENTED_EDGE ( 'NONE', *, *, #3373, .T. ) ;
#867 = CYLINDRICAL_SURFACE ( 'NONE', #515, 2.250000000000001776 ) ;
#868 = CARTESIAN_POINT ( 'NONE',  ( 0.000000000000000000, 0.000000000000000000, 0.000000000000000000 ) ) ;
#869 = EDGE_CURVE ( 'NONE', #1965, #1664, #774, .T. ) ;
#870 = ORIENTED_EDGE ( 'NONE', *, *, #2299, .F. ) ;
#871 = CARTESIAN_POINT ( 'NONE',  ( 50.55000000000001137, -48.00000000000000000, 6.000000000000000000 ) ) ;
#872 = DIRECTION ( 'NONE',  ( -1.000000000000000000, -1.176083712526648949E-16, 0.000000000000000000 ) ) ;
#873 = DIRECTION ( 'NONE',  ( 0.000000000000000000, -0.000000000000000000, 1.000000000000000000 ) ) ;
#874 = ORIENTED_EDGE ( 'NONE', *, *, #1261, .F. ) ;
#875 = DIRECTION ( 'NONE',  ( -1.000000000000000000, 0.000000000000000000, 0.000000000000000000 ) ) ;
#876 = CARTESIAN_POINT ( 'NONE',  ( -48.00000000000000000, -48.00000000000000000, 6.000000000000000000 ) ) ;
#877 = VECTOR ( 'NONE', #3027, 1000.000000000000114 ) ;
#878 = EDGE_CURVE ( 'NONE', #2601, #407, #986, .T. ) ;
#879 = AXIS2_PLACEMENT_3D ( 'NONE', #2027, #366, #2877 ) ;
#880 = ORIENTED_EDGE ( 'NONE', *, *, #2826, .T. ) ;
#881 = CARTESIAN_POINT ( 'NONE',  ( -48.00000000000000000, 48.00000000000000000, 6.000000000000000000 ) ) ;
#882 = CARTESIAN_POINT ( 'NONE',  ( -58.99999999999999289, -59.00000000000000000, 30.00000000000000000 ) ) ;
#883 = ORIENTED_EDGE ( 'NONE', *, *, #1868, .F. ) ;
#884 = CARTESIAN_POINT ( 'NONE',  ( 47.99999999999999289, 48.00000000000000000, 3.000000000000000000 ) ) ;
#885 = CONICAL_SURFACE ( 'NONE', #3526, 2.550000000000052225, 0.7853981633974815857 ) ;
#886 = ORIENTED_EDGE ( 'NONE', *, *, #2144, .T. ) ;
#887 = CARTESIAN_POINT ( 'NONE',  ( 64.99999999999997158, -59.00000000000000711, -20.97056274847713908 ) ) ;
#888 = DIRECTION ( 'NONE',  ( 0.000000000000000000, 0.000000000000000000, -1.000000000000000000 ) ) ;
#889 = DIRECTION ( 'NONE',  ( -0.7071067811865431318, -0.7071067811865519026, 0.000000000000000000 ) ) ;
#890 = AXIS2_PLACEMENT_3D ( 'NONE', #3249, #2965, #1591 ) ;
#891 = EDGE_CURVE ( 'NONE', #2869, #3220, #3234, .T. ) ;
#892 = ORIENTED_EDGE ( 'NONE', *, *, #3547, .T. ) ;
#893 = VECTOR ( 'NONE', #142, 1000.000000000000000 ) ;
#894 = DIRECTION ( 'NONE',  ( 0.000000000000000000, 0.000000000000000000, -1.000000000000000000 ) ) ;
#895 = CARTESIAN_POINT ( 'NONE',  ( 15.50000000000000711, -56.74999999999997868, 5.999999999999998224 ) ) ;
#896 = EDGE_CURVE ( 'NONE', #2125, #732, #2364, .T. ) ;
#897 = AXIS2_PLACEMENT_3D ( 'NONE', #1589, #2714, #2728 ) ;
#898 = ORIENTED_EDGE ( 'NONE', *, *, #3316, .T. ) ;
#899 = CIRCLE ( 'NONE', #1250, 3.000000000000000000 ) ;
#900 = FACE_OUTER_BOUND ( 'NONE', #768, .T. ) ;
#901 = DIRECTION ( 'NONE',  ( -1.000000000000000000, -0.000000000000000000, -0.000000000000000000 ) ) ;
#902 = EDGE_LOOP ( 'NONE', ( #3535, #2312, #866, #3014 ) ) ;
#903 = CARTESIAN_POINT ( 'NONE',  ( 61.54999999999999005, 59.00000000000000000, 30.00000000000000000 ) ) ;
#904 = ORIENTED_EDGE ( 'NONE', *, *, #72, .T. ) ;
#905 = CARTESIAN_POINT ( 'NONE',  ( 53.00000000000000000, 6.567167444769341256E-15, 3.000000000000000000 ) ) ;
#906 = DIRECTION ( 'NONE',  ( 0.000000000000000000, 0.000000000000000000, -1.000000000000000000 ) ) ;
#907 = CARTESIAN_POINT ( 'NONE',  ( 47.99999999999999289, -48.00000000000000000, 3.000000000000000000 ) ) ;
#908 =( GEOMETRIC_REPRESENTATION_CONTEXT ( 3 ) GLOBAL_UNCERTAINTY_ASSIGNED_CONTEXT ( ( #778 ) ) GLOBAL_UNIT_ASSIGNED_CONTEXT ( ( #457, #1037, #2149 ) ) REPRESENTATION_CONTEXT ( 'NONE', 'WORKASPACE' ) );
#909 = ORIENTED_EDGE ( 'NONE', *, *, #108, .F. ) ;
#910 = CARTESIAN_POINT ( 'NONE',  ( 58.99999999999999289, 59.00000000000000000, 24.00000000000000000 ) ) ;
#911 = EDGE_CURVE ( 'NONE', #45, #2962, #3209, .T. ) ;
#912 = CARTESIAN_POINT ( 'NONE',  ( -55.99999999999997868, -15.49999999999998224, 30.00000000000000000 ) ) ;
#913 = ORIENTED_EDGE ( 'NONE', *, *, #2186, .F. ) ;
#914 = EDGE_CURVE ( 'NONE', #975, #2246, #1474, .T. ) ;
#915 = DIRECTION ( 'NONE',  ( -1.239088197126290817E-16, 1.000000000000000000, -0.000000000000000000 ) ) ;
#916 = CARTESIAN_POINT ( 'NONE',  ( 53.34314575050759544, 61.00000000000000711, -4.000000000000000000 ) ) ;
#917 = DIRECTION ( 'NONE',  ( -1.000000000000000000, 0.000000000000000000, 0.000000000000000000 ) ) ;
#918 = ORIENTED_EDGE ( 'NONE', *, *, #1621, .F. ) ;
#919 = EDGE_LOOP ( 'NONE', ( #2959, #1411, #2741, #2327 ) ) ;
#920 = CARTESIAN_POINT ( 'NONE',  ( 50.51471862576141092, 59.00000000000000711, -4.000000000000000000 ) ) ;
#921 = ORIENTED_EDGE ( 'NONE', *, *, #555, .T. ) ;
#922 = DIRECTION ( 'NONE',  ( 0.000000000000000000, -0.000000000000000000, -1.000000000000000000 ) ) ;
#923 = CARTESIAN_POINT ( 'NONE',  ( 50.25000000000000000, -48.00000000000000000, 0.000000000000000000 ) ) ;
#924 = DIRECTION ( 'NONE',  ( -1.000000000000000000, -1.239088197126290817E-16, 0.000000000000000000 ) ) ;
#925 = VERTEX_POINT ( 'NONE', #1748 ) ;
#926 = DIRECTION ( 'NONE',  ( 1.000000000000000000, 0.000000000000000000, 0.000000000000000000 ) ) ;
#927 = CARTESIAN_POINT ( 'NONE',  ( -39.99999999999999289, 0.000000000000000000, 6.000000000000000000 ) ) ;
#928 = VECTOR ( 'NONE', #1526, 1000.000000000000000 ) ;
#929 = EDGE_LOOP ( 'NONE', ( #1776, #1940 ) ) ;
#930 = DIRECTION ( 'NONE',  ( -0.000000000000000000, -0.000000000000000000, 1.000000000000000000 ) ) ;
#931 = AXIS2_PLACEMENT_3D ( 'NONE', #2366, #692, #805 ) ;
#932 = CARTESIAN_POINT ( 'NONE',  ( 36.99999999999999289, 53.00000000000000000, 0.000000000000000000 ) ) ;
#933 = AXIS2_PLACEMENT_3D ( 'NONE', #3099, #586, #3437 ) ;
#934 = EDGE_CURVE ( 'NONE', #219, #3205, #3147, .T. ) ;
#935 = AXIS2_PLACEMENT_3D ( 'NONE', #709, #2635, #1009 ) ;
#936 = CARTESIAN_POINT ( 'NONE',  ( 0.000000000000000000, 40.00000000000000000, 6.000000000000000000 ) ) ;
#937 = ORIENTED_EDGE ( 'NONE', *, *, #3584, .T. ) ;
#938 = ORIENTED_EDGE ( 'NONE', *, *, #485, .T. ) ;
#939 = DIRECTION ( 'NONE',  ( -1.000000000000000000, 0.000000000000000000, 0.000000000000000000 ) ) ;
#940 = EDGE_CURVE ( 'NONE', #667, #215, #362, .T. ) ;
#941 = ORIENTED_EDGE ( 'NONE', *, *, #3387, .T. ) ;
#942 = VECTOR ( 'NONE', #2500, 1000.000000000000000 ) ;
#943 = EDGE_CURVE ( 'NONE', #1333, #1346, #3049, .T. ) ;
#944 = DIRECTION ( 'NONE',  ( -1.000000000000000000, 0.000000000000000000, 0.000000000000000000 ) ) ;
#945 = CARTESIAN_POINT ( 'NONE',  ( 59.00000000000001421, 13.25000000000002665, 3.749999999999982681 ) ) ;
#946 = ORIENTED_EDGE ( 'NONE', *, *, #1733, .F. ) ;
#947 = LINE ( 'NONE', #2093, #2287 ) ;
#948 = AXIS2_PLACEMENT_3D ( 'NONE', #1304, #3558, #229 ) ;
#949 = DIRECTION ( 'NONE',  ( 0.000000000000000000, -0.000000000000000000, -1.000000000000000000 ) ) ;
#950 = AXIS2_PLACEMENT_3D ( 'NONE', #2021, #2598, #2889 ) ;
#951 = ORIENTED_EDGE ( 'NONE', *, *, #3083, .T. ) ;
#952 = CARTESIAN_POINT ( 'NONE',  ( -39.49999999999999289, 56.75000000000002842, 5.999999999999994671 ) ) ;
#953 = LINE ( 'NONE', #2102, #2861 ) ;
#954 = LINE ( 'NONE', #3171, #836 ) ;
#955 = ORIENTED_EDGE ( 'NONE', *, *, #1775, .F. ) ;
#956 = AXIS2_PLACEMENT_3D ( 'NONE', #2152, #766, #1876 ) ;
#957 = VERTEX_POINT ( 'NONE', #3433 ) ;
#958 = EDGE_CURVE ( 'NONE', #2503, #1165, #637, .T. ) ;
#959 = DIRECTION ( 'NONE',  ( 0.000000000000000000, 0.000000000000000000, 1.000000000000000000 ) ) ;
#960 = ORIENTED_EDGE ( 'NONE', *, *, #1757, .F. ) ;
#961 = EDGE_CURVE ( 'NONE', #219, #3265, #1807, .T. ) ;
#962 = CARTESIAN_POINT ( 'NONE',  ( -56.74999999999997868, -6.674275068588731150E-15, 5.999999999999998224 ) ) ;
#963 = LINE ( 'NONE', #2014, #1829 ) ;
#964 = CARTESIAN_POINT ( 'NONE',  ( -13.25000000000004619, 59.00000000000000000, 30.00000000000000355 ) ) ;
#965 = VERTEX_POINT ( 'NONE', #1520 ) ;
#966 = CARTESIAN_POINT ( 'NONE',  ( -55.99999999999999289, -40.00000000000000000, 3.000000000000000000 ) ) ;
#967 = CARTESIAN_POINT ( 'NONE',  ( 56.00000000000000711, 39.50000000000004263, 5.999999999999998224 ) ) ;
#968 = ORIENTED_EDGE ( 'NONE', *, *, #3341, .T. ) ;
#969 = FACE_OUTER_BOUND ( 'NONE', #248, .T. ) ;
#970 = DIRECTION ( 'NONE',  ( 0.000000000000000000, 0.000000000000000000, 1.000000000000000000 ) ) ;
#971 = CARTESIAN_POINT ( 'NONE',  ( -45.44999999999998863, 48.00000000000000000, 6.000000000000000000 ) ) ;
#972 = EDGE_LOOP ( 'NONE', ( #453, #705, #2767, #2105, #524, #511, #268, #1101 ) ) ;
#973 = SURFACE_STYLE_FILL_AREA ( #1268 ) ;
#974 = DIRECTION ( 'NONE',  ( 0.7071067811865453523, -0.7071067811865496822, 0.000000000000000000 ) ) ;
#975 = VERTEX_POINT ( 'NONE', #2600 ) ;
#976 = LINE ( 'NONE', #721, #1570 ) ;
#977 = DIRECTION ( 'NONE',  ( -0.000000000000000000, -0.000000000000000000, -1.000000000000000000 ) ) ;
#978 = EDGE_CURVE ( 'NONE', #3310, #1853, #3489, .T. ) ;
#979 = ORIENTED_EDGE ( 'NONE', *, *, #126, .T. ) ;
#980 = CYLINDRICAL_SURFACE ( 'NONE', #2812, 5.999999999999998224 ) ;
#981 = CARTESIAN_POINT ( 'NONE',  ( 50.51471862576140381, -58.99999999999999289, -4.000000000000000000 ) ) ;
#982 = VERTEX_POINT ( 'NONE', #2326 ) ;
#983 = LINE ( 'NONE', #501, #1533 ) ;
#984 = EDGE_CURVE ( 'NONE', #417, #1188, #954, .T. ) ;
#985 = FACE_OUTER_BOUND ( 'NONE', #2974, .T. ) ;
#986 = LINE ( 'NONE', #2946, #2990 ) ;
#987 = VERTEX_POINT ( 'NONE', #1771 ) ;
#988 = VECTOR ( 'NONE', #977, 1000.000000000000000 ) ;
#989 = DIRECTION ( 'NONE',  ( -0.000000000000000000, -0.000000000000000000, 1.000000000000000000 ) ) ;
#990 = TOROIDAL_SURFACE ( 'NONE', #1341, 11.00000000000000000, 3.000000000000000000 ) ;
#991 = DIRECTION ( 'NONE',  ( -0.000000000000000000, -0.000000000000000000, -1.000000000000000000 ) ) ;
#992 = VECTOR ( 'NONE', #2343, 1000.000000000000000 ) ;
#993 = AXIS2_PLACEMENT_3D ( 'NONE', #1678, #1715, #1728 ) ;
#994 = ORIENTED_EDGE ( 'NONE', *, *, #2569, .F. ) ;
#995 = CARTESIAN_POINT ( 'NONE',  ( 56.00000000000000000, 6.938893903907228378E-15, 6.000000000000000000 ) ) ;
#996 = CARTESIAN_POINT ( 'NONE',  ( 15.50000000000000711, -56.00000000000000711, 30.00000000000000000 ) ) ;
#997 = VECTOR ( 'NONE', #989, 1000.000000000000000 ) ;
#998 = DIRECTION ( 'NONE',  ( 0.000000000000000000, 0.000000000000000000, 1.000000000000000000 ) ) ;
#999 = VERTEX_POINT ( 'NONE', #380 ) ;
#1000 = VERTEX_POINT ( 'NONE', #1502 ) ;
#1001 = CARTESIAN_POINT ( 'NONE',  ( 36.99999999999999289, 48.00000000000000000, 0.000000000000000000 ) ) ;
#1002 = EDGE_CURVE ( 'NONE', #2146, #382, #2068, .T. ) ;
#1003 = CARTESIAN_POINT ( 'NONE',  ( 62.00000000000002132, -50.51471862576144645, 30.00000000000000000 ) ) ;
#1004 = ORIENTED_EDGE ( 'NONE', *, *, #2120, .T. ) ;
#1005 = VECTOR ( 'NONE', #2411, 1000.000000000000114 ) ;
#1006 = EDGE_CURVE ( 'NONE', #2335, #2157, #2907, .T. ) ;
#1007 = EDGE_CURVE ( 'NONE', #3482, #215, #3170, .T. ) ;
#1008 = CARTESIAN_POINT ( 'NONE',  ( 59.00000000000000711, 50.51471862576143934, 30.00000000000000000 ) ) ;
#1009 = DIRECTION ( 'NONE',  ( 1.000000000000000000, 0.000000000000000000, 0.000000000000000000 ) ) ;
#1010 = VECTOR ( 'NONE', #1882, 1000.000000000000114 ) ;
#1011 = ORIENTED_EDGE ( 'NONE', *, *, #3207, .T. ) ;
#1012 = DIRECTION ( 'NONE',  ( 1.000000000000000000, 0.000000000000000000, 0.000000000000000000 ) ) ;
#1013 = LINE ( 'NONE', #437, #1744 ) ;
#1014 = CIRCLE ( 'NONE', #3297, 2.250000000000001776 ) ;
#1015 = EDGE_LOOP ( 'NONE', ( #3548, #321, #2514, #2390 ) ) ;
#1016 = CARTESIAN_POINT ( 'NONE',  ( 39.99999999999999289, 0.000000000000000000, 6.000000000000000000 ) ) ;
#1017 = VECTOR ( 'NONE', #2831, 1000.000000000000000 ) ;
#1018 = LINE ( 'NONE', #2663, #3151 ) ;
#1019 = CARTESIAN_POINT ( 'NONE',  ( 0.000000000000000000, 40.00000000000000000, 6.000000000000000000 ) ) ;
#1020 = ORIENTED_EDGE ( 'NONE', *, *, #196, .T. ) ;
#1021 = VERTEX_POINT ( 'NONE', #2141 ) ;
#1022 = DIRECTION ( 'NONE',  ( 0.000000000000000000, 0.000000000000000000, 1.000000000000000000 ) ) ;
#1023 = CARTESIAN_POINT ( 'NONE',  ( -36.99999999999999289, 48.00000000000000000, 0.000000000000000000 ) ) ;
#1024 = EDGE_CURVE ( 'NONE', #1878, #45, #771, .T. ) ;
#1025 = ORIENTED_EDGE ( 'NONE', *, *, #1162, .T. ) ;
#1026 = DIRECTION ( 'NONE',  ( -0.000000000000000000, -0.000000000000000000, -1.000000000000000000 ) ) ;
#1027 = CIRCLE ( 'NONE', #611, 11.00000000000000355 ) ;
#1028 = ADVANCED_FACE ( 'NONE', ( #181 ), #1556, .F. ) ;
#1029 = CYLINDRICAL_SURFACE ( 'NONE', #1418, 2.999999999999995559 ) ;
#1030 = EDGE_CURVE ( 'NONE', #3121, #1811, #3528, .T. ) ;
#1031 = ORIENTED_EDGE ( 'NONE', *, *, #2307, .T. ) ;
#1032 = SURFACE_SIDE_STYLE ('',( #973 ) ) ;
#1033 = LINE ( 'NONE', #2983, #2571 ) ;
#1034 = ORIENTED_EDGE ( 'NONE', *, *, #2344, .T. ) ;
#1035 = PLANE ( 'NONE',  #125 ) ;
#1036 = DIRECTION ( 'NONE',  ( 1.000000000000000000, 0.000000000000000000, 0.000000000000000000 ) ) ;
#1037 =( NAMED_UNIT ( * ) PLANE_ANGLE_UNIT ( ) SI_UNIT ( $, .RADIAN. ) );
#1038 = EDGE_CURVE ( 'NONE', #1188, #3638, #3320, .T. ) ;
#1039 = ORIENTED_EDGE ( 'NONE', *, *, #1893, .F. ) ;
#1040 = DIRECTION ( 'NONE',  ( -1.000000000000000000, -1.176083712526648949E-16, 0.000000000000000000 ) ) ;
#1041 = CARTESIAN_POINT ( 'NONE',  ( -55.99999999999999289, -56.00000000000000711, 5.999999999999998224 ) ) ;
#1042 = ORIENTED_EDGE ( 'NONE', *, *, #3012, .F. ) ;
#1043 = CARTESIAN_POINT ( 'NONE',  ( 56.74999999999997158, 39.50000000000004263, 5.999999999999998224 ) ) ;
#1044 = CARTESIAN_POINT ( 'NONE',  ( 39.50000000000000711, -56.74999999999997158, 6.000000000000000000 ) ) ;
#1045 = ORIENTED_EDGE ( 'NONE', *, *, #619, .T. ) ;
#1046 = EDGE_CURVE ( 'NONE', #957, #2916, #2693, .T. ) ;
#1047 = LINE ( 'NONE', #2236, #3280 ) ;
#1048 = AXIS2_PLACEMENT_3D ( 'NONE', #2882, #371, #99 ) ;
#1049 = ORIENTED_EDGE ( 'NONE', *, *, #1621, .T. ) ;
#1050 = VECTOR ( 'NONE', #1957, 1000.000000000000000 ) ;
#1051 = CARTESIAN_POINT ( 'NONE',  ( 48.00000000000000000, -48.00000000000000000, 6.000000000000000000 ) ) ;
#1052 = VECTOR ( 'NONE', #33, 1000.000000000000000 ) ;
#1053 = EDGE_CURVE ( 'NONE', #45, #2602, #3017, .T. ) ;
#1054 = LINE ( 'NONE', #270, #2395 ) ;
#1055 = VECTOR ( 'NONE', #3545, 1000.000000000000000 ) ;
#1056 = AXIS2_PLACEMENT_3D ( 'NONE', #1732, #1468, #1754 ) ;
#1057 = ORIENTED_EDGE ( 'NONE', *, *, #1916, .T. ) ;
#1058 = FACE_OUTER_BOUND ( 'NONE', #2978, .T. ) ;
#1059 = DIRECTION ( 'NONE',  ( 0.000000000000000000, 0.000000000000000000, 1.000000000000000000 ) ) ;
#1060 = ORIENTED_EDGE ( 'NONE', *, *, #1580, .F. ) ;
#1061 = DIRECTION ( 'NONE',  ( -0.000000000000000000, 1.000000000000000000, -0.000000000000000000 ) ) ;
#1062 = CARTESIAN_POINT ( 'NONE',  ( -36.99999999999999289, 52.99999999999999289, 0.000000000000000000 ) ) ;
#1063 = ORIENTED_EDGE ( 'NONE', *, *, #2389, .F. ) ;
#1064 = AXIS2_PLACEMENT_3D ( 'NONE', #1793, #2954, #1525 ) ;
#1065 = FACE_BOUND ( 'NONE', #600, .T. ) ;
#1066 = AXIS2_PLACEMENT_3D ( 'NONE', #2491, #2987, #1597 ) ;
#1067 = ORIENTED_EDGE ( 'NONE', *, *, #2299, .T. ) ;
#1068 = DIRECTION ( 'NONE',  ( -1.000000000000000000, 0.000000000000000000, 0.000000000000000000 ) ) ;
#1069 = DIRECTION ( 'NONE',  ( -1.000000000000000000, 0.000000000000000000, 0.000000000000000000 ) ) ;
#1070 = VECTOR ( 'NONE', #2176, 1000.000000000000114 ) ;
#1071 = ORIENTED_EDGE ( 'NONE', *, *, #2008, .F. ) ;
#1072 = EDGE_CURVE ( 'NONE', #284, #347, #3002, .T. ) ;
#1073 = ORIENTED_EDGE ( 'NONE', *, *, #3450, .F. ) ;
#1074 = VECTOR ( 'NONE', #2756, 1000.000000000000000 ) ;
#1075 = LINE ( 'NONE', #2443, #2168 ) ;
#1076 = DIRECTION ( 'NONE',  ( 0.000000000000000000, 0.000000000000000000, 1.000000000000000000 ) ) ;
#1077 = CARTESIAN_POINT ( 'NONE',  ( -47.99999999999999289, 40.00000000000000000, 6.000000000000000000 ) ) ;
#1078 = ORIENTED_EDGE ( 'NONE', *, *, #378, .F. ) ;
#1079 = CARTESIAN_POINT ( 'NONE',  ( -47.99999999999999289, 48.00000000000000000, 3.000000000000000000 ) ) ;
#1080 = CARTESIAN_POINT ( 'NONE',  ( -38.75735931288070901, 54.75735931288069480, 3.228216686206738306E-16 ) ) ;
#1081 = EDGE_LOOP ( 'NONE', ( #1129, #3361, #1295, #605, #3053, #2874, #1959, #3081, #994, #1636, #700, #2442 ) ) ;
#1082 = CARTESIAN_POINT ( 'NONE',  ( -45.75000000000000000, 48.00000000000000000, 6.000000000000000000 ) ) ;
#1083 =( BOUNDED_CURVE ( )  B_SPLINE_CURVE ( 3, ( #2917, #2377, #3483, #2017 ),
 .UNSPECIFIED., .F., .T. ) 
 B_SPLINE_CURVE_WITH_KNOTS ( ( 4, 4 ),
 ( 4.712388980384689674, 6.283185307179586232 ),
 .UNSPECIFIED. ) 
 CURVE ( )  GEOMETRIC_REPRESENTATION_ITEM ( )  RATIONAL_B_SPLINE_CURVE ( ( 1.000000000000000000, 0.8047378541243649375, 0.8047378541243649375, 1.000000000000000000 ) ) 
 REPRESENTATION_ITEM ( '' )  );
#1084 = ORIENTED_EDGE ( 'NONE', *, *, #3499, .F. ) ;
#1085 = CARTESIAN_POINT ( 'NONE',  ( -48.00000000000000000, 48.00000000000000000, 0.000000000000000000 ) ) ;
#1086 = DIRECTION ( 'NONE',  ( 1.000000000000000000, 0.000000000000000000, 0.000000000000000000 ) ) ;
#1087 = ORIENTED_EDGE ( 'NONE', *, *, #619, .F. ) ;
#1088 = VERTEX_POINT ( 'NONE', #2197 ) ;
#1089 = CARTESIAN_POINT ( 'NONE',  ( 59.00000000000001421, 15.50000000000004086, 5.999999999999998224 ) ) ;
#1090 = FACE_OUTER_BOUND ( 'NONE', #2969, .T. ) ;
#1091 = CARTESIAN_POINT ( 'NONE',  ( -55.99999999999997868, -39.49999999999997868, 5.999999999999998224 ) ) ;
#1092 = ADVANCED_FACE ( 'NONE', ( #502 ), #791, .T. ) ;
#1093 = ORIENTED_EDGE ( 'NONE', *, *, #2774, .T. ) ;
#1094 = DIRECTION ( 'NONE',  ( -1.000000000000000000, 0.000000000000000000, 0.000000000000000000 ) ) ;
#1095 = CARTESIAN_POINT ( 'NONE',  ( 59.00000000000001421, 15.50000000000004086, 5.999999999999998224 ) ) ;
#1096 = EDGE_CURVE ( 'NONE', #1376, #975, #1755, .T. ) ;
#1097 = ORIENTED_EDGE ( 'NONE', *, *, #835, .F. ) ;
#1098 = ADVANCED_FACE ( 'NONE', ( #1336 ), #1029, .F. ) ;
#1099 = DIRECTION ( 'NONE',  ( 1.000000000000000000, 0.000000000000000000, 0.000000000000000000 ) ) ;
#1100 = FACE_OUTER_BOUND ( 'NONE', #2142, .T. ) ;
#1101 = ORIENTED_EDGE ( 'NONE', *, *, #1538, .T. ) ;
#1102 = LINE ( 'NONE', #833, #1993 ) ;
#1103 = CARTESIAN_POINT ( 'NONE',  ( 0.000000000000000000, -37.00000000000000000, 0.000000000000000000 ) ) ;
#1104 = EDGE_CURVE ( 'NONE', #2503, #2113, #1825, .T. ) ;
#1105 = SHAPE_DEFINITION_REPRESENTATION ( #3299, #324 ) ;
#1106 = PRESENTATION_LAYER_ASSIGNMENT (  '', '', ( #2684 ) ) ;
#1107 = VECTOR ( 'NONE', #2564, 1000.000000000000000 ) ;
#1108 = ORIENTED_EDGE ( 'NONE', *, *, #1669, .F. ) ;
#1109 = ORIENTED_EDGE ( 'NONE', *, *, #1692, .T. ) ;
#1110 = CARTESIAN_POINT ( 'NONE',  ( 0.000000000000000000, -40.00000000000000000, 6.000000000000000000 ) ) ;
#1111 = DIRECTION ( 'NONE',  ( -0.000000000000000000, -0.000000000000000000, -1.000000000000000000 ) ) ;
#1112 = CARTESIAN_POINT ( 'NONE',  ( 64.99999999999997158, 59.00000000000000711, -20.97056274847713908 ) ) ;
#1113 = VECTOR ( 'NONE', #1247, 1000.000000000000000 ) ;
#1114 = VECTOR ( 'NONE', #734, 1000.000000000000000 ) ;
#1115 = ORIENTED_EDGE ( 'NONE', *, *, #940, .F. ) ;
#1116 = DIRECTION ( 'NONE',  ( -1.000000000000000000, 0.000000000000000000, 0.000000000000000000 ) ) ;
#1117 = EDGE_CURVE ( 'NONE', #2837, #2621, #1991, .T. ) ;
#1118 = LINE ( 'NONE', #2265, #12 ) ;
#1119 = ORIENTED_EDGE ( 'NONE', *, *, #3225, .F. ) ;
#1120 = EDGE_CURVE ( 'NONE', #2405, #1545, #731, .T. ) ;
#1121 = CARTESIAN_POINT ( 'NONE',  ( 39.99999999999999289, 0.000000000000000000, 6.000000000000000000 ) ) ;
#1122 = AXIS2_PLACEMENT_3D ( 'NONE', #546, #901, #1662 ) ;
#1123 = DIRECTION ( 'NONE',  ( 0.000000000000000000, 0.000000000000000000, 1.000000000000000000 ) ) ;
#1124 = VERTEX_POINT ( 'NONE', #2401 ) ;
#1125 = VECTOR ( 'NONE', #1208, 1000.000000000000000 ) ;
#1126 = DIRECTION ( 'NONE',  ( -0.000000000000000000, -0.000000000000000000, -1.000000000000000000 ) ) ;
#1127 = CARTESIAN_POINT ( 'NONE',  ( 39.99999999999999289, -56.00000000000000711, 3.000000000000000000 ) ) ;
#1128 = AXIS2_PLACEMENT_3D ( 'NONE', #3144, #1746, #3504 ) ;
#1129 = ORIENTED_EDGE ( 'NONE', *, *, #2887, .T. ) ;
#1130 = ORIENTED_EDGE ( 'NONE', *, *, #1667, .F. ) ;
#1131 = CARTESIAN_POINT ( 'NONE',  ( 58.99999999999999289, 59.00000000000000000, 29.70000000000000995 ) ) ;
#1132 = VECTOR ( 'NONE', #44, 1000.000000000000000 ) ;
#1133 = DIRECTION ( 'NONE',  ( 1.000000000000000000, -0.000000000000000000, -0.000000000000000000 ) ) ;
#1134 = DIRECTION ( 'NONE',  ( -0.000000000000000000, -0.000000000000000000, 1.000000000000000000 ) ) ;
#1135 = CIRCLE ( 'NONE', #3598, 2.550000000000024691 ) ;
#1136 = VERTEX_POINT ( 'NONE', #467 ) ;
#1137 = DIRECTION ( 'NONE',  ( -0.000000000000000000, -1.000000000000000000, -0.000000000000000000 ) ) ;
#1138 = DIRECTION ( 'NONE',  ( -0.000000000000000000, 0.000000000000000000, 1.000000000000000000 ) ) ;
#1139 = ORIENTED_EDGE ( 'NONE', *, *, #3544, .F. ) ;
#1140 = CARTESIAN_POINT ( 'NONE',  ( 56.74999999999997158, 39.50000000000004263, 6.000000000000000000 ) ) ;
#1141 = EDGE_CURVE ( 'NONE', #1811, #3121, #7, .T. ) ;
#1142 = DIRECTION ( 'NONE',  ( -1.000000000000000000, 0.000000000000000000, 0.000000000000000000 ) ) ;
#1143 = ORIENTED_EDGE ( 'NONE', *, *, #2749, .T. ) ;
#1144 = EDGE_CURVE ( 'NONE', #925, #178, #449, .T. ) ;
#1145 = DIRECTION ( 'NONE',  ( -1.176083712526648949E-16, 1.000000000000000000, 0.000000000000000000 ) ) ;
#1146 = ORIENTED_EDGE ( 'NONE', *, *, #2899, .F. ) ;
#1147 = FACE_OUTER_BOUND ( 'NONE', #313, .T. ) ;
#1148 = EDGE_CURVE ( 'NONE', #2904, #1487, #1320, .T. ) ;
#1149 = CARTESIAN_POINT ( 'NONE',  ( -50.51471862576141092, -59.00000000000000711, -4.000000000000000000 ) ) ;
#1150 = PLANE ( 'NONE',  #3094 ) ;
#1151 = ORIENTED_EDGE ( 'NONE', *, *, #1148, .F. ) ;
#1152 = FACE_OUTER_BOUND ( 'NONE', #1839, .T. ) ;
#1153 = CARTESIAN_POINT ( 'NONE',  ( 0.000000000000000000, 0.000000000000000000, 0.000000000000000000 ) ) ;
#1154 = ORIENTED_EDGE ( 'NONE', *, *, #896, .T. ) ;
#1155 = CARTESIAN_POINT ( 'NONE',  ( 0.000000000000000000, 0.000000000000000000, 30.00000000000000000 ) ) ;
#1156 = CARTESIAN_POINT ( 'NONE',  ( -50.51471862576140381, 61.99999999999999289, 30.00000000000000000 ) ) ;
#1157 = ORIENTED_EDGE ( 'NONE', *, *, #730, .F. ) ;
#1158 = EDGE_CURVE ( 'NONE', #3469, #1816, #3549, .T. ) ;
#1159 = DIRECTION ( 'NONE',  ( 0.000000000000000000, 0.000000000000000000, 1.000000000000000000 ) ) ;
#1160 = ORIENTED_EDGE ( 'NONE', *, *, #2417, .F. ) ;
#1161 = DIRECTION ( 'NONE',  ( 0.000000000000000000, 0.000000000000000000, 1.000000000000000000 ) ) ;
#1162 = EDGE_CURVE ( 'NONE', #3356, #3324, #1812, .T. ) ;
#1163 = CARTESIAN_POINT ( 'NONE',  ( -50.55000000000001137, 48.00000000000000000, 6.000000000000000000 ) ) ;
#1164 = DIRECTION ( 'NONE',  ( 1.239088197126290817E-16, -1.000000000000000000, 0.000000000000000000 ) ) ;
#1165 = VERTEX_POINT ( 'NONE', #2089 ) ;
#1166 = CARTESIAN_POINT ( 'NONE',  ( -55.99999999999999289, 40.00000000000000000, 6.000000000000000000 ) ) ;
#1167 = VECTOR ( 'NONE', #3291, 1000.000000000000000 ) ;
#1168 = DIRECTION ( 'NONE',  ( -1.239088197126290817E-16, 1.000000000000000000, -0.000000000000000000 ) ) ;
#1169 = AXIS2_PLACEMENT_3D ( 'NONE', #3522, #2671, #1265 ) ;
#1170 = CIRCLE ( 'NONE', #931, 2.550000000000024691 ) ;
#1171 = ORIENTED_EDGE ( 'NONE', *, *, #3015, .T. ) ;
#1172 = ADVANCED_FACE ( 'NONE', ( #2971 ), #1035, .T. ) ;
#1173 = DIRECTION ( 'NONE',  ( -1.000000000000000000, 0.000000000000000000, 0.000000000000000000 ) ) ;
#1174 = LINE ( 'NONE', #865, #3583 ) ;
#1175 = ORIENTED_EDGE ( 'NONE', *, *, #3110, .F. ) ;
#1176 = DIRECTION ( 'NONE',  ( -0.7071067811865573427, 0.7071067811865376918, 0.000000000000000000 ) ) ;
#1177 = AXIS2_PLACEMENT_3D ( 'NONE', #2773, #259, #3626 ) ;
#1178 = ORIENTED_EDGE ( 'NONE', *, *, #783, .F. ) ;
#1179 = DIRECTION ( 'NONE',  ( 0.000000000000000000, 0.000000000000000000, -1.000000000000000000 ) ) ;
#1180 = CARTESIAN_POINT ( 'NONE',  ( 39.99999999999999289, -55.99999999999999289, 5.999999999999998224 ) ) ;
#1181 = CARTESIAN_POINT ( 'NONE',  ( -58.99999999999999289, 59.00000000000000000, 30.00000000000000000 ) ) ;
#1182 = VECTOR ( 'NONE', #17, 1000.000000000000000 ) ;
#1183 = EDGE_CURVE ( 'NONE', #2720, #3005, #2147, .T. ) ;
#1184 = ORIENTED_EDGE ( 'NONE', *, *, #3579, .F. ) ;
#1185 = AXIS2_PLACEMENT_3D ( 'NONE', #3487, #2578, #2653 ) ;
#1186 = LINE ( 'NONE', #2779, #2629 ) ;
#1187 = DIRECTION ( 'NONE',  ( 0.000000000000000000, -0.000000000000000000, 1.000000000000000000 ) ) ;
#1188 = VERTEX_POINT ( 'NONE', #2131 ) ;
#1189 = VECTOR ( 'NONE', #2462, 1000.000000000000114 ) ;
#1190 = CARTESIAN_POINT ( 'NONE',  ( -56.00000000000000711, 55.99999999999999289, 2.999999999999999112 ) ) ;
#1191 = FACE_OUTER_BOUND ( 'NONE', #1773, .T. ) ;
#1192 = DIRECTION ( 'NONE',  ( -0.000000000000000000, -0.000000000000000000, 1.000000000000000000 ) ) ;
#1193 = ORIENTED_EDGE ( 'NONE', *, *, #2502, .F. ) ;
#1194 = ORIENTED_EDGE ( 'NONE', *, *, #303, .T. ) ;
#1195 = CARTESIAN_POINT ( 'NONE',  ( 59.00000000000000711, 59.00000000000000711, -4.000000000000000000 ) ) ;
#1196 = EDGE_LOOP ( 'NONE', ( #3137, #2183, #643, #1684 ) ) ;
#1197 = DIRECTION ( 'NONE',  ( -1.000000000000000000, 0.000000000000000000, 0.000000000000000000 ) ) ;
#1198 = DIRECTION ( 'NONE',  ( -0.000000000000000000, -0.000000000000000000, 1.000000000000000000 ) ) ;
#1199 = CARTESIAN_POINT ( 'NONE',  ( -56.00000000000000000, -6.938893903907228378E-15, 6.000000000000000000 ) ) ;
#1200 = ORIENTED_EDGE ( 'NONE', *, *, #2043, .F. ) ;
#1201 = DIRECTION ( 'NONE',  ( 0.000000000000000000, 0.000000000000000000, 1.000000000000000000 ) ) ;
#1202 = EDGE_CURVE ( 'NONE', #1470, #2347, #2175, .T. ) ;
#1203 = CARTESIAN_POINT ( 'NONE',  ( 45.44999999999997442, 48.00000000000000000, 6.000000000000000000 ) ) ;
#1204 = ORIENTED_EDGE ( 'NONE', *, *, #788, .T. ) ;
#1205 = ADVANCED_FACE ( 'NONE', ( #679 ), #754, .T. ) ;
#1206 = DIRECTION ( 'NONE',  ( -1.000000000000000000, 0.000000000000000000, 0.000000000000000000 ) ) ;
#1207 = LINE ( 'NONE', #2872, #2039 ) ;
#1208 = DIRECTION ( 'NONE',  ( -0.000000000000000000, -0.000000000000000000, -1.000000000000000000 ) ) ;
#1209 = ORIENTED_EDGE ( 'NONE', *, *, #2253, .F. ) ;
#1210 = EDGE_CURVE ( 'NONE', #121, #1965, #2641, .T. ) ;
#1211 = ORIENTED_EDGE ( 'NONE', *, *, #500, .F. ) ;
#1212 = CARTESIAN_POINT ( 'NONE',  ( -56.75000000000001421, -39.49999999999999289, 5.999999999999998224 ) ) ;
#1213 = VERTEX_POINT ( 'NONE', #1870 ) ;
#1214 = ADVANCED_FACE ( 'NONE', ( #3255 ), #3511, .F. ) ;
#1215 = LINE ( 'NONE', #609, #2300 ) ;
#1216 = CARTESIAN_POINT ( 'NONE',  ( 36.99999999999999289, 48.00000000000000000, 3.000000000000000000 ) ) ;
#1217 = ORIENTED_EDGE ( 'NONE', *, *, #984, .F. ) ;
#1218 = DIRECTION ( 'NONE',  ( 0.000000000000000000, 0.000000000000000000, -1.000000000000000000 ) ) ;
#1219 = FACE_OUTER_BOUND ( 'NONE', #384, .T. ) ;
#1220 = ADVANCED_FACE ( 'NONE', ( #1310 ), #385, .F. ) ;
#1221 = AXIS2_PLACEMENT_3D ( 'NONE', #2722, #456, #3512 ) ;
#1222 = ORIENTED_EDGE ( 'NONE', *, *, #2285, .T. ) ;
#1223 = VECTOR ( 'NONE', #803, 1000.000000000000000 ) ;
#1224 = DIRECTION ( 'NONE',  ( -0.000000000000000000, -0.000000000000000000, -1.000000000000000000 ) ) ;
#1225 = VECTOR ( 'NONE', #541, 1000.000000000000000 ) ;
#1226 = CARTESIAN_POINT ( 'NONE',  ( 59.00000000000000711, 39.50000000000004263, 30.00000000000000000 ) ) ;
#1227 = VECTOR ( 'NONE', #2719, 1000.000000000000000 ) ;
#1228 = CARTESIAN_POINT ( 'NONE',  ( -61.24999999999999289, 59.00000000000000000, 24.00000000000000000 ) ) ;
#1229 = EDGE_CURVE ( 'NONE', #417, #2153, #737, .T. ) ;
#1230 = EDGE_LOOP ( 'NONE', ( #220, #3224 ) ) ;
#1231 = ORIENTED_EDGE ( 'NONE', *, *, #65, .F. ) ;
#1232 = DIRECTION ( 'NONE',  ( 1.000000000000000000, 1.850371707708596969E-14, -0.000000000000000000 ) ) ;
#1233 = VERTEX_POINT ( 'NONE', #1546 ) ;
#1234 = AXIS2_PLACEMENT_3D ( 'NONE', #2628, #496, #1331 ) ;
#1235 = DIRECTION ( 'NONE',  ( 0.000000000000000000, 0.000000000000000000, 1.000000000000000000 ) ) ;
#1236 = CARTESIAN_POINT ( 'NONE',  ( 56.00000000000000711, 39.50000000000004263, 5.999999999999998224 ) ) ;
#1237 = CARTESIAN_POINT ( 'NONE',  ( 0.000000000000000000, 37.00000000000000000, 3.000000000000000000 ) ) ;
#1238 = AXIS2_PLACEMENT_3D ( 'NONE', #857, #1946, #3066 ) ;
#1239 = EDGE_LOOP ( 'NONE', ( #2587, #3620, #860, #1071 ) ) ;
#1240 = LINE ( 'NONE', #84, #526 ) ;
#1241 = VECTOR ( 'NONE', #455, 1000.000000000000000 ) ;
#1242 = CYLINDRICAL_SURFACE ( 'NONE', #1593, 3.000000000000000000 ) ;
#1243 = AXIS2_PLACEMENT_3D ( 'NONE', #3464, #2066, #3186 ) ;
#1244 = EDGE_LOOP ( 'NONE', ( #921, #2833, #2306, #2098 ) ) ;
#1245 = CARTESIAN_POINT ( 'NONE',  ( 45.75000000000000000, -48.00000000000000000, 0.000000000000000000 ) ) ;
#1246 = AXIS2_PLACEMENT_3D ( 'NONE', #30, #1985, #3319 ) ;
#1247 = DIRECTION ( 'NONE',  ( 0.000000000000000000, 1.000000000000000000, 0.000000000000000000 ) ) ;
#1248 = DIRECTION ( 'NONE',  ( -0.000000000000000000, -0.000000000000000000, 1.000000000000000000 ) ) ;
#1249 = ORIENTED_EDGE ( 'NONE', *, *, #470, .T. ) ;
#1250 = AXIS2_PLACEMENT_3D ( 'NONE', #2354, #1997, #906 ) ;
#1251 = DIRECTION ( 'NONE',  ( -1.000000000000000000, 0.000000000000000000, 0.000000000000000000 ) ) ;
#1252 = ADVANCED_FACE ( 'NONE', ( #1849 ), #1833, .F. ) ;
#1253 = DIRECTION ( 'NONE',  ( -1.000000000000000000, 0.000000000000000000, 0.000000000000000000 ) ) ;
#1254 = ADVANCED_FACE ( 'NONE', ( #404 ), #134, .F. ) ;
#1255 = ORIENTED_EDGE ( 'NONE', *, *, #196, .F. ) ;
#1256 = DIRECTION ( 'NONE',  ( 0.000000000000000000, 0.000000000000000000, 1.000000000000000000 ) ) ;
#1257 = CARTESIAN_POINT ( 'NONE',  ( -6.567167444769341256E-15, 53.00000000000000000, -0.000000000000000000 ) ) ;
#1258 = EDGE_LOOP ( 'NONE', ( #484, #2539, #2330, #1267 ) ) ;
#1259 = ORIENTED_EDGE ( 'NONE', *, *, #3430, .T. ) ;
#1260 = LINE ( 'NONE', #3501, #769 ) ;
#1261 = EDGE_CURVE ( 'NONE', #2016, #1869, #2074, .T. ) ;
#1262 = DIRECTION ( 'NONE',  ( -0.000000000000000000, -0.000000000000000000, -1.000000000000000000 ) ) ;
#1263 = EDGE_LOOP ( 'NONE', ( #2321, #1609, #1768, #118 ) ) ;
#1264 = CARTESIAN_POINT ( 'NONE',  ( 48.00000000000000000, 48.00000000000000000, 6.000000000000000000 ) ) ;
#1265 = DIRECTION ( 'NONE',  ( -1.239088197126290570E-16, 1.000000000000000000, 0.000000000000000000 ) ) ;
#1266 = DIRECTION ( 'NONE',  ( 0.000000000000000000, 0.000000000000000000, 1.000000000000000000 ) ) ;
#1267 = ORIENTED_EDGE ( 'NONE', *, *, #2839, .F. ) ;
#1268 = FILL_AREA_STYLE ('',( #1809 ) ) ;
#1269 = DIRECTION ( 'NONE',  ( 1.000000000000000000, 0.000000000000000000, 0.000000000000000000 ) ) ;
#1270 = EDGE_CURVE ( 'NONE', #2245, #3476, #360, .T. ) ;
#1271 = VERTEX_POINT ( 'NONE', #2371 ) ;
#1272 = CARTESIAN_POINT ( 'NONE',  ( -56.00000000000001421, 40.00000000000000000, 1.242640687119283216 ) ) ;
#1273 = FACE_OUTER_BOUND ( 'NONE', #3438, .T. ) ;
#1274 = CARTESIAN_POINT ( 'NONE',  ( -58.99999999999999289, -59.00000000000000000, 24.00000000000000000 ) ) ;
#1275 = EDGE_CURVE ( 'NONE', #2947, #3600, #2953, .T. ) ;
#1276 = ORIENTED_EDGE ( 'NONE', *, *, #2173, .F. ) ;
#1277 = DIRECTION ( 'NONE',  ( 1.000000000000000000, 0.000000000000000000, 0.000000000000000000 ) ) ;
#1278 = CARTESIAN_POINT ( 'NONE',  ( 48.00000000000000000, 48.00000000000000000, 0.000000000000000000 ) ) ;
#1279 = VERTEX_POINT ( 'NONE', #2662 ) ;
#1280 = LINE ( 'NONE', #1008, #3242 ) ;
#1281 = CARTESIAN_POINT ( 'NONE',  ( 58.99999999999997868, -59.00000000000000711, -4.000000000000000000 ) ) ;
#1282 = DIRECTION ( 'NONE',  ( -1.000000000000000000, 0.000000000000000000, 0.000000000000000000 ) ) ;
#1283 = ADVANCED_FACE ( 'NONE', ( #1941 ), #3346, .T. ) ;
#1284 = EDGE_LOOP ( 'NONE', ( #2647, #2263, #1422, #2604, #2778 ) ) ;
#1285 =( NAMED_UNIT ( * ) SI_UNIT ( $, .STERADIAN. ) SOLID_ANGLE_UNIT ( ) );
#1286 = AXIS2_PLACEMENT_3D ( 'NONE', #550, #2770, #854 ) ;
#1287 = DIRECTION ( 'NONE',  ( 1.000000000000000000, 0.000000000000000000, 0.000000000000000000 ) ) ;
#1288 = TOROIDAL_SURFACE ( 'NONE', #2219, 11.00000000000000000, 3.000000000000000000 ) ;
#1289 = VECTOR ( 'NONE', #266, 1000.000000000000000 ) ;
#1290 = EDGE_LOOP ( 'NONE', ( #1739, #968, #1193, #1294, #632, #701, #1650, #368, #94, #158, #2594, #2942, #1313, #3452, #2798, #3125, #2222, #3 ) ) ;
#1291 = DIRECTION ( 'NONE',  ( 1.176083712526648949E-16, -1.000000000000000000, -0.000000000000000000 ) ) ;
#1292 = DIRECTION ( 'NONE',  ( 0.000000000000000000, 0.000000000000000000, 1.000000000000000000 ) ) ;
#1293 = DIRECTION ( 'NONE',  ( -1.000000000000000000, -1.619075244245022269E-14, 0.000000000000000000 ) ) ;
#1294 = ORIENTED_EDGE ( 'NONE', *, *, #2788, .T. ) ;
#1295 = ORIENTED_EDGE ( 'NONE', *, *, #830, .T. ) ;
#1296 = LINE ( 'NONE', #192, #828 ) ;
#1297 = CYLINDRICAL_SURFACE ( 'NONE', #1367, 2.250000000000001776 ) ;
#1298 = AXIS2_PLACEMENT_3D ( 'NONE', #725, #1856, #463 ) ;
#1299 = EDGE_CURVE ( 'NONE', #855, #3024, #1102, .T. ) ;
#1300 = ORIENTED_EDGE ( 'NONE', *, *, #1781, .T. ) ;
#1301 = AXIS2_PLACEMENT_3D ( 'NONE', #1606, #161, #3523 ) ;
#1302 = DIRECTION ( 'NONE',  ( 1.000000000000000000, 1.850371707708596969E-14, -0.000000000000000000 ) ) ;
#1303 = AXIS2_PLACEMENT_3D ( 'NONE', #487, #2716, #1282 ) ;
#1304 = CARTESIAN_POINT ( 'NONE',  ( 58.99999999999999289, -59.00000000000000000, 30.00000000000000000 ) ) ;
#1305 = EDGE_LOOP ( 'NONE', ( #773, #3510, #1504, #1011 ) ) ;
#1306 = DIRECTION ( 'NONE',  ( 1.000000000000000000, 0.000000000000000000, 0.000000000000000000 ) ) ;
#1307 = DIRECTION ( 'NONE',  ( 1.000000000000000000, 0.000000000000000000, 0.000000000000000000 ) ) ;
#1308 = VECTOR ( 'NONE', #2094, 1000.000000000000000 ) ;
#1309 = ORIENTED_EDGE ( 'NONE', *, *, #2551, .F. ) ;
#1310 = FACE_OUTER_BOUND ( 'NONE', #902, .T. ) ;
#1311 = LINE ( 'NONE', #698, #2626 ) ;
#1312 = CARTESIAN_POINT ( 'NONE',  ( -53.00000000000000000, 37.00000000000000000, 0.000000000000000000 ) ) ;
#1313 = ORIENTED_EDGE ( 'NONE', *, *, #2042, .T. ) ;
#1314 = CARTESIAN_POINT ( 'NONE',  ( -58.99999999999999289, 58.99999999999999289, -4.000000000000000000 ) ) ;
#1315 = FACE_OUTER_BOUND ( 'NONE', #2459, .T. ) ;
#1316 = ORIENTED_EDGE ( 'NONE', *, *, #621, .F. ) ;
#1317 = EDGE_CURVE ( 'NONE', #2240, #230, #530, .T. ) ;
#1318 = CARTESIAN_POINT ( 'NONE',  ( 59.00000000000001421, 13.25000000000002487, 30.00000000000000355 ) ) ;
#1319 = AXIS2_PLACEMENT_3D ( 'NONE', #868, #21, #798 ) ;
#1320 = LINE ( 'NONE', #2433, #471 ) ;
#1321 = ORIENTED_EDGE ( 'NONE', *, *, #13, .T. ) ;
#1322 = ADVANCED_FACE ( 'NONE', ( #3368 ), #3060, .F. ) ;
#1323 = DIRECTION ( 'NONE',  ( 0.7071067811865453523, 0.7071067811865496822, 0.000000000000000000 ) ) ;
#1324 = EDGE_CURVE ( 'NONE', #2047, #2346, #2118, .T. ) ;
#1325 = ORIENTED_EDGE ( 'NONE', *, *, #3519, .F. ) ;
#1326 = CARTESIAN_POINT ( 'NONE',  ( -45.44999999999998863, 48.00000000000000000, 6.000000000000000000 ) ) ;
#1327 = LINE ( 'NONE', #153, #928 ) ;
#1328 = CARTESIAN_POINT ( 'NONE',  ( 56.00000000000000711, 39.50000000000004263, 5.999999999999998224 ) ) ;
#1329 = ORIENTED_EDGE ( 'NONE', *, *, #523, .T. ) ;
#1330 = EDGE_LOOP ( 'NONE', ( #3446, #1660, #2078, #831 ) ) ;
#1331 = DIRECTION ( 'NONE',  ( 1.000000000000000000, 0.000000000000000000, 0.000000000000000000 ) ) ;
#1332 = DIRECTION ( 'NONE',  ( -0.000000000000000000, 0.000000000000000000, 1.000000000000000000 ) ) ;
#1333 = VERTEX_POINT ( 'NONE', #2511 ) ;
#1334 = CARTESIAN_POINT ( 'NONE',  ( -58.99999999999997868, -41.74999999999998579, 30.00000000000000000 ) ) ;
#1335 = EDGE_CURVE ( 'NONE', #2346, #847, #2184, .T. ) ;
#1336 = FACE_OUTER_BOUND ( 'NONE', #2879, .T. ) ;
#1337 = ORIENTED_EDGE ( 'NONE', *, *, #1202, .F. ) ;
#1338 = DIRECTION ( 'NONE',  ( 1.176083712526648949E-16, -1.000000000000000000, 0.000000000000000000 ) ) ;
#1339 = ADVANCED_FACE ( 'NONE', ( #3290 ), #852, .F. ) ;
#1340 = ORIENTED_EDGE ( 'NONE', *, *, #2453, .F. ) ;
#1341 = AXIS2_PLACEMENT_3D ( 'NONE', #884, #2329, #939 ) ;
#1342 = FACE_OUTER_BOUND ( 'NONE', #777, .T. ) ;
#1343 = AXIS2_PLACEMENT_3D ( 'NONE', #3133, #3145, #3416 ) ;
#1344 = DIRECTION ( 'NONE',  ( -0.7071067811865383579, 8.659560562354821925E-17, 0.7071067811865567876 ) ) ;
#1345 = CIRCLE ( 'NONE', #2221, 2.250000000000001776 ) ;
#1346 = VERTEX_POINT ( 'NONE', #3563 ) ;
#1347 = ORIENTED_EDGE ( 'NONE', *, *, #1779, .T. ) ;
#1348 = CARTESIAN_POINT ( 'NONE',  ( -47.99999999999999289, -40.00000000000000000, 3.000000000000000000 ) ) ;
#1349 = CARTESIAN_POINT ( 'NONE',  ( 58.99999999999997868, -59.00000000000000711, 30.00000000000000000 ) ) ;
#1350 = PLANE ( 'NONE',  #2915 ) ;
#1351 = VERTEX_POINT ( 'NONE', #2241 ) ;
#1352 = AXIS2_PLACEMENT_3D ( 'NONE', #910, #629, #1817 ) ;
#1353 = PLANE ( 'NONE',  #2646 ) ;
#1354 = DIRECTION ( 'NONE',  ( 0.000000000000000000, 0.000000000000000000, 1.000000000000000000 ) ) ;
#1355 = AXIS2_PLACEMENT_3D ( 'NONE', #57, #2295, #1179 ) ;
#1356 = ORIENTED_EDGE ( 'NONE', *, *, #3104, .F. ) ;
#1357 = AXIS2_PLACEMENT_3D ( 'NONE', #3214, #3269, #2353 ) ;
#1358 = CARTESIAN_POINT ( 'NONE',  ( 53.00000000000000000, -37.00000000000000000, 0.000000000000000000 ) ) ;
#1359 = AXIS2_PLACEMENT_3D ( 'NONE', #1484, #688, #339 ) ;
#1360 = ADVANCED_FACE ( 'NONE', ( #812 ), #1477, .F. ) ;
#1361 = ORIENTED_EDGE ( 'NONE', *, *, #1007, .T. ) ;
#1362 = ADVANCED_FACE ( 'NONE', ( #254 ), #3306, .T. ) ;
#1363 = DIRECTION ( 'NONE',  ( 0.7071067811865383579, 0.000000000000000000, 0.7071067811865567876 ) ) ;
#1364 = CARTESIAN_POINT ( 'NONE',  ( -61.58333333333332860, -10.66666666666665186, 1.166666666666619667 ) ) ;
#1365 = ORIENTED_EDGE ( 'NONE', *, *, #3606, .F. ) ;
#1366 = ORIENTED_EDGE ( 'NONE', *, *, #891, .T. ) ;
#1367 = AXIS2_PLACEMENT_3D ( 'NONE', #157, #2414, #464 ) ;
#1368 = CARTESIAN_POINT ( 'NONE',  ( 45.75000000000000000, 48.00000000000000000, 5.699999999999987743 ) ) ;
#1369 = DIRECTION ( 'NONE',  ( -0.000000000000000000, -0.000000000000000000, 1.000000000000000000 ) ) ;
#1370 = DIRECTION ( 'NONE',  ( 0.5773502691896228445, 0.5773502691896299499, -0.5773502691896245098 ) ) ;
#1371 = EDGE_CURVE ( 'NONE', #2888, #2405, #3639, .T. ) ;
#1372 = ORIENTED_EDGE ( 'NONE', *, *, #2344, .F. ) ;
#1373 = DIRECTION ( 'NONE',  ( -0.000000000000000000, -0.000000000000000000, -1.000000000000000000 ) ) ;
#1374 = ORIENTED_EDGE ( 'NONE', *, *, #3090, .T. ) ;
#1375 = ADVANCED_FACE ( 'NONE', ( #1921 ), #779, .F. ) ;
#1376 = VERTEX_POINT ( 'NONE', #1902 ) ;
#1377 = DIRECTION ( 'NONE',  ( 0.000000000000000000, -0.000000000000000000, 1.000000000000000000 ) ) ;
#1378 = CARTESIAN_POINT ( 'NONE',  ( 64.99999999999997158, -59.00000000000000711, -4.000000000000000000 ) ) ;
#1379 = ADVANCED_FACE ( 'NONE', ( #1342 ), #1764, .F. ) ;
#1380 = ORIENTED_EDGE ( 'NONE', *, *, #13, .F. ) ;
#1381 = EDGE_LOOP ( 'NONE', ( #1971, #473, #3529, #2209, #3284 ) ) ;
#1382 = DIRECTION ( 'NONE',  ( -1.000000000000000000, 0.000000000000000000, 0.000000000000000000 ) ) ;
#1383 = PLANE ( 'NONE',  #3479 ) ;
#1384 = DIRECTION ( 'NONE',  ( 0.000000000000000000, 1.000000000000000000, 0.000000000000000000 ) ) ;
#1385 = ADVANCED_FACE ( 'NONE', ( #216 ), #2456, .F. ) ;
#1386 = ORIENTED_EDGE ( 'NONE', *, *, #783, .T. ) ;
#1387 = CARTESIAN_POINT ( 'NONE',  ( 48.00000000000000000, 48.00000000000000000, 5.699999999999987743 ) ) ;
#1388 = DIRECTION ( 'NONE',  ( 0.000000000000000000, 1.000000000000000000, 0.000000000000000000 ) ) ;
#1389 = EDGE_LOOP ( 'NONE', ( #2842, #1139, #687, #1568 ) ) ;
#1390 = CARTESIAN_POINT ( 'NONE',  ( 15.50000000000000711, -56.00000000000000711, 5.999999999999998224 ) ) ;
#1391 = CARTESIAN_POINT ( 'NONE',  ( 59.00000000000001421, 13.25000000000002487, -4.000000000000000000 ) ) ;
#1392 = EDGE_CURVE ( 'NONE', #1816, #2270, #2235, .T. ) ;
#1393 = ORIENTED_EDGE ( 'NONE', *, *, #670, .F. ) ;
#1394 = DIRECTION ( 'NONE',  ( -0.000000000000000000, -0.000000000000000000, -1.000000000000000000 ) ) ;
#1395 = CARTESIAN_POINT ( 'NONE',  ( -15.49999999999998934, 56.00000000000000711, 5.999999999999998224 ) ) ;
#1396 = AXIS2_PLACEMENT_3D ( 'NONE', #676, #521, #1306 ) ;
#1397 = AXIS2_PLACEMENT_3D ( 'NONE', #2090, #680, #2955 ) ;
#1398 = ORIENTED_EDGE ( 'NONE', *, *, #1144, .T. ) ;
#1399 = VERTEX_POINT ( 'NONE', #236 ) ;
#1400 = AXIS2_PLACEMENT_3D ( 'NONE', #1181, #2898, #3424 ) ;
#1401 = DIRECTION ( 'NONE',  ( -1.000000000000000000, 0.000000000000000000, -0.000000000000000000 ) ) ;
#1402 = CARTESIAN_POINT ( 'NONE',  ( 39.99999999999999289, -56.00000000000000711, 3.000000000000000000 ) ) ;
#1403 = CIRCLE ( 'NONE', #283, 2.999999999999995559 ) ;
#1404 = FACE_BOUND ( 'NONE', #2549, .T. ) ;
#1405 = VECTOR ( 'NONE', #2208, 1000.000000000000000 ) ;
#1406 = EDGE_LOOP ( 'NONE', ( #1521, #3625, #1045, #2421 ) ) ;
#1407 = EDGE_CURVE ( 'NONE', #3281, #2204, #2762, .T. ) ;
#1408 = LINE ( 'NONE', #43, #2803 ) ;
#1409 = EDGE_CURVE ( 'NONE', #2688, #2016, #3131, .T. ) ;
#1410 = DIRECTION ( 'NONE',  ( 1.000000000000000000, 0.000000000000000000, 0.000000000000000000 ) ) ;
#1411 = ORIENTED_EDGE ( 'NONE', *, *, #3287, .T. ) ;
#1412 = VECTOR ( 'NONE', #1218, 1000.000000000000000 ) ;
#1413 = LINE ( 'NONE', #1140, #3340 ) ;
#1414 = AXIS2_PLACEMENT_3D ( 'NONE', #3568, #3590, #206 ) ;
#1415 = LINE ( 'NONE', #2529, #1182 ) ;
#1416 = ADVANCED_FACE ( 'NONE', ( #3206 ), #2905, .F. ) ;
#1417 = VERTEX_POINT ( 'NONE', #1804 ) ;
#1418 = AXIS2_PLACEMENT_3D ( 'NONE', #1620, #2469, #3577 ) ;
#1419 = LINE ( 'NONE', #1364, #3571 ) ;
#1420 = AXIS2_PLACEMENT_3D ( 'NONE', #2871, #1500, #412 ) ;
#1421 = ORIENTED_EDGE ( 'NONE', *, *, #2019, .T. ) ;
#1422 = ORIENTED_EDGE ( 'NONE', *, *, #1743, .F. ) ;
#1423 = LINE ( 'NONE', #887, #1988 ) ;
#1424 = VECTOR ( 'NONE', #2650, 1000.000000000000000 ) ;
#1425 = DIRECTION ( 'NONE',  ( 1.000000000000000000, 1.239088197126290817E-16, -0.000000000000000000 ) ) ;
#1426 = DIRECTION ( 'NONE',  ( -0.000000000000000000, -0.000000000000000000, -1.000000000000000000 ) ) ;
#1427 = VECTOR ( 'NONE', #1369, 1000.000000000000000 ) ;
#1428 = VERTEX_POINT ( 'NONE', #1516 ) ;
#1429 = CARTESIAN_POINT ( 'NONE',  ( -61.24999999999999289, 59.00000000000000000, 29.69999999999997087 ) ) ;
#1430 = CARTESIAN_POINT ( 'NONE',  ( -58.99999999999999289, -59.00000000000000000, 29.70000000000000995 ) ) ;
#1431 = ADVANCED_FACE ( 'NONE', ( #3431 ), #1727, .F. ) ;
#1432 = EDGE_LOOP ( 'NONE', ( #736, #1194, #2450, #837, #353, #3451, #941, #293, #3252, #2921, #1347, #2179, #2499, #1734, #172, #3534 ) ) ;
#1433 = CARTESIAN_POINT ( 'NONE',  ( -56.74999999999997868, -6.674275068588731150E-15, 5.999999999999998224 ) ) ;
#1434 = CARTESIAN_POINT ( 'NONE',  ( -58.99999999999999289, -59.00000000000000000, 24.00000000000000000 ) ) ;
#1435 = EDGE_CURVE ( 'NONE', #1832, #2576, #2005, .T. ) ;
#1436 = EDGE_LOOP ( 'NONE', ( #1655, #1955, #1560, #195 ) ) ;
#1437 = CARTESIAN_POINT ( 'NONE',  ( 39.50000000000000711, -56.00000000000000711, 30.00000000000000000 ) ) ;
#1438 = ORIENTED_EDGE ( 'NONE', *, *, #2019, .F. ) ;
#1439 = DIRECTION ( 'NONE',  ( -0.000000000000000000, -0.000000000000000000, 1.000000000000000000 ) ) ;
#1440 = PLANE ( 'NONE',  #2941 ) ;
#1441 = CARTESIAN_POINT ( 'NONE',  ( -58.99999999999998579, -13.24999999999997868, 30.00000000000000000 ) ) ;
#1442 = ORIENTED_EDGE ( 'NONE', *, *, #211, .F. ) ;
#1443 = CARTESIAN_POINT ( 'NONE',  ( -47.99999999999999289, -48.00000000000000000, 3.000000000000000000 ) ) ;
#1444 = LINE ( 'NONE', #304, #1536 ) ;
#1445 = ORIENTED_EDGE ( 'NONE', *, *, #835, .T. ) ;
#1446 = CARTESIAN_POINT ( 'NONE',  ( 48.00000000000000000, -48.00000000000000000, 6.000000000000000000 ) ) ;
#1447 = CARTESIAN_POINT ( 'NONE',  ( -58.99999999999999289, 59.00000000000000000, 24.00000000000000000 ) ) ;
#1448 = ORIENTED_EDGE ( 'NONE', *, *, #2903, .T. ) ;
#1449 = ADVANCED_FACE ( 'NONE', ( #123 ), #2308, .T. ) ;
#1450 = DIRECTION ( 'NONE',  ( -1.000000000000000000, 0.000000000000000000, 0.000000000000000000 ) ) ;
#1451 = ORIENTED_EDGE ( 'NONE', *, *, #2167, .T. ) ;
#1452 = CARTESIAN_POINT ( 'NONE',  ( -61.54999999999999005, -59.00000000000000000, 30.00000000000000000 ) ) ;
#1453 = DIRECTION ( 'NONE',  ( 1.000000000000000000, 0.000000000000000000, 0.000000000000000000 ) ) ;
#1454 = CARTESIAN_POINT ( 'NONE',  ( 61.24999999999999289, 59.00000000000000000, 24.00000000000000000 ) ) ;
#1455 =( BOUNDED_CURVE ( )  B_SPLINE_CURVE ( 3, ( #70, #2288, #361, #932 ),
 .UNSPECIFIED., .F., .T. ) 
 B_SPLINE_CURVE_WITH_KNOTS ( ( 4, 4 ),
 ( 0.000000000000000000, 1.570796326794897668 ),
 .UNSPECIFIED. ) 
 CURVE ( )  GEOMETRIC_REPRESENTATION_ITEM ( )  RATIONAL_B_SPLINE_CURVE ( ( 1.000000000000000000, 0.8047378541243646044, 0.8047378541243646044, 1.000000000000000000 ) ) 
 REPRESENTATION_ITEM ( '' )  );
#1456 = VECTOR ( 'NONE', #2076, 1000.000000000000000 ) ;
#1457 = ORIENTED_EDGE ( 'NONE', *, *, #2749, .F. ) ;
#1458 = PLANE ( 'NONE',  #1688 ) ;
#1459 = AXIS2_PLACEMENT_3D ( 'NONE', #2458, #3369, #1069 ) ;
#1460 = CARTESIAN_POINT ( 'NONE',  ( 39.50000000000000711, -59.00000000000000711, 5.999999999999998224 ) ) ;
#1461 = AXIS2_PLACEMENT_3D ( 'NONE', #413, #1537, #2381 ) ;
#1462 = AXIS2_PLACEMENT_3D ( 'NONE', #1195, #1505, #1145 ) ;
#1463 = ORIENTED_EDGE ( 'NONE', *, *, #1544, .T. ) ;
#1464 = FACE_OUTER_BOUND ( 'NONE', #363, .T. ) ;
#1465 = DIRECTION ( 'NONE',  ( -0.000000000000000000, 0.000000000000000000, -1.000000000000000000 ) ) ;
#1466 = DIRECTION ( 'NONE',  ( -0.000000000000000000, -0.000000000000000000, -1.000000000000000000 ) ) ;
#1467 = ORIENTED_EDGE ( 'NONE', *, *, #1202, .T. ) ;
#1468 = DIRECTION ( 'NONE',  ( -0.000000000000000000, -1.000000000000000000, -0.000000000000000000 ) ) ;
#1469 = EDGE_CURVE ( 'NONE', #1853, #2947, #1535, .T. ) ;
#1470 = VERTEX_POINT ( 'NONE', #1245 ) ;
#1471 = CARTESIAN_POINT ( 'NONE',  ( -56.74999999999997158, -39.49999999999999289, 5.999999999999998224 ) ) ;
#1472 = LINE ( 'NONE', #1777, #280 ) ;
#1473 = DIRECTION ( 'NONE',  ( 0.000000000000000000, 0.000000000000000000, 1.000000000000000000 ) ) ;
#1474 = CIRCLE ( 'NONE', #2931, 3.000000000000002665 ) ;
#1475 = ADVANCED_FACE ( 'NONE', ( #969 ), #2923, .T. ) ;
#1476 = EDGE_LOOP ( 'NONE', ( #1231, #1374, #3189, #3155 ) ) ;
#1477 = CONICAL_SURFACE ( 'NONE', #776, 2.550000000000010481, 0.7853981633974352894 ) ;
#1478 = DIRECTION ( 'NONE',  ( -0.000000000000000000, -0.000000000000000000, -1.000000000000000000 ) ) ;
#1479 = CARTESIAN_POINT ( 'NONE',  ( -36.99999999999999289, 0.000000000000000000, 3.000000000000000000 ) ) ;
#1480 = AXIS2_PLACEMENT_3D ( 'NONE', #2575, #1187, #1742 ) ;
#1481 = ADVANCED_FACE ( 'NONE', ( #1464 ), #3113, .F. ) ;
#1482 = ORIENTED_EDGE ( 'NONE', *, *, #2577, .T. ) ;
#1483 = CIRCLE ( 'NONE', #2533, 2.250000000000001776 ) ;
#1484 = CARTESIAN_POINT ( 'NONE',  ( -6.567167444769341256E-15, 53.00000000000000000, 3.000000000000000000 ) ) ;
#1485 = DIRECTION ( 'NONE',  ( 0.000000000000000000, 0.000000000000000000, -1.000000000000000000 ) ) ;
#1486 = DIRECTION ( 'NONE',  ( 1.239088197126290817E-16, 1.000000000000000000, 0.000000000000000000 ) ) ;
#1487 = VERTEX_POINT ( 'NONE', #394 ) ;
#1488 = EDGE_LOOP ( 'NONE', ( #1717, #3414 ) ) ;
#1489 = CARTESIAN_POINT ( 'NONE',  ( 36.99999999999999289, 53.00000000000000000, 0.000000000000000000 ) ) ;
#1490 = ORIENTED_EDGE ( 'NONE', *, *, #3613, .F. ) ;
#1491 = CARTESIAN_POINT ( 'NONE',  ( 39.99999999999999289, 48.00000000000000000, 3.000000000000000000 ) ) ;
#1492 = LINE ( 'NONE', #332, #77 ) ;
#1493 = DIRECTION ( 'NONE',  ( -0.000000000000000000, -0.000000000000000000, 1.000000000000000000 ) ) ;
#1494 = ADVANCED_FACE ( 'NONE', ( #359 ), #68, .T. ) ;
#1495 = EDGE_LOOP ( 'NONE', ( #1309, #2758, #3298, #1366 ) ) ;
#1496 = FACE_OUTER_BOUND ( 'NONE', #3235, .T. ) ;
#1497 = DIRECTION ( 'NONE',  ( 0.000000000000000000, 0.000000000000000000, -1.000000000000000000 ) ) ;
#1498 = EDGE_CURVE ( 'NONE', #417, #2365, #90, .T. ) ;
#1499 = ORIENTED_EDGE ( 'NONE', *, *, #527, .F. ) ;
#1500 = DIRECTION ( 'NONE',  ( 0.000000000000000000, 0.000000000000000000, 1.000000000000000000 ) ) ;
#1501 = CARTESIAN_POINT ( 'NONE',  ( 58.99999999999999289, 59.00000000000000000, 29.70000000000000995 ) ) ;
#1502 = CARTESIAN_POINT ( 'NONE',  ( 56.00000000000000711, -55.99999999999999289, 30.00000000000000000 ) ) ;
#1503 = ORIENTED_EDGE ( 'NONE', *, *, #32, .T. ) ;
#1504 = ORIENTED_EDGE ( 'NONE', *, *, #3158, .T. ) ;
#1505 = DIRECTION ( 'NONE',  ( 1.000000000000000000, 1.176083712526648949E-16, -0.000000000000000000 ) ) ;
#1506 = ORIENTED_EDGE ( 'NONE', *, *, #574, .F. ) ;
#1507 = CARTESIAN_POINT ( 'NONE',  ( -39.49999999999999289, 56.00000000000000711, 5.999999999999998224 ) ) ;
#1508 = CARTESIAN_POINT ( 'NONE',  ( -50.51471862576141092, -59.00000000000000711, 30.00000000000000000 ) ) ;
#1509 = CARTESIAN_POINT ( 'NONE',  ( 47.99999999999999289, 40.00000000000000000, 6.000000000000000000 ) ) ;
#1510 = VERTEX_POINT ( 'NONE', #3447 ) ;
#1511 = DIRECTION ( 'NONE',  ( 0.000000000000000000, 0.000000000000000000, 1.000000000000000000 ) ) ;
#1512 = LINE ( 'NONE', #2003, #476 ) ;
#1513 = VECTOR ( 'NONE', #3497, 1000.000000000000000 ) ;
#1514 = EDGE_LOOP ( 'NONE', ( #1087, #1222, #2966, #1931 ) ) ;
#1515 = EDGE_CURVE ( 'NONE', #272, #1832, #2995, .T. ) ;
#1516 = CARTESIAN_POINT ( 'NONE',  ( 56.74999999999998579, 59.00000000000000000, 24.00000000000000000 ) ) ;
#1517 = AXIS2_PLACEMENT_3D ( 'NONE', #278, #302, #2520 ) ;
#1518 = FACE_OUTER_BOUND ( 'NONE', #2559, .T. ) ;
#1519 = AXIS2_PLACEMENT_3D ( 'NONE', #2199, #3636, #1608 ) ;
#1520 = CARTESIAN_POINT ( 'NONE',  ( 56.74999999999997868, 15.50000000000004086, 5.999999999999998224 ) ) ;
#1521 = ORIENTED_EDGE ( 'NONE', *, *, #748, .F. ) ;
#1522 = CARTESIAN_POINT ( 'NONE',  ( -58.99999999999999289, 50.51471862576143934, -4.000000000000000000 ) ) ;
#1523 = ADVANCED_FACE ( 'NONE', ( #2362 ), #2041, .F. ) ;
#1524 = ORIENTED_EDGE ( 'NONE', *, *, #2206, .T. ) ;
#1525 = DIRECTION ( 'NONE',  ( -1.000000000000000000, 0.000000000000000000, 0.000000000000000000 ) ) ;
#1526 = DIRECTION ( 'NONE',  ( -0.000000000000000000, -0.000000000000000000, -1.000000000000000000 ) ) ;
#1527 = DIRECTION ( 'NONE',  ( -0.000000000000000000, -0.000000000000000000, -1.000000000000000000 ) ) ;
#1528 = AXIS2_PLACEMENT_3D ( 'NONE', #905, #2588, #1735 ) ;
#1529 = ORIENTED_EDGE ( 'NONE', *, *, #282, .F. ) ;
#1530 = DIRECTION ( 'NONE',  ( 0.7071067811865586750, 0.000000000000000000, 0.7071067811865363595 ) ) ;
#1531 = AXIS2_PLACEMENT_3D ( 'NONE', #2981, #1914, #2178 ) ;
#1532 = DIRECTION ( 'NONE',  ( -0.000000000000000000, 0.000000000000000000, 1.000000000000000000 ) ) ;
#1533 = VECTOR ( 'NONE', #1569, 1000.000000000000000 ) ;
#1534 = ORIENTED_EDGE ( 'NONE', *, *, #1270, .T. ) ;
#1535 = LINE ( 'NONE', #1190, #2057 ) ;
#1536 = VECTOR ( 'NONE', #1388, 1000.000000000000000 ) ;
#1537 = DIRECTION ( 'NONE',  ( -0.000000000000000000, -0.000000000000000000, -1.000000000000000000 ) ) ;
#1538 = EDGE_CURVE ( 'NONE', #2820, #2638, #2082, .T. ) ;
#1539 = CARTESIAN_POINT ( 'NONE',  ( -58.99999999999999289, 50.51471862576143934, -4.000000000000000000 ) ) ;
#1540 = ORIENTED_EDGE ( 'NONE', *, *, #1845, .F. ) ;
#1541 = VECTOR ( 'NONE', #2392, 1000.000000000000000 ) ;
#1542 = CARTESIAN_POINT ( 'NONE',  ( 56.00000000000000711, -37.00000000000000000, 0.000000000000000000 ) ) ;
#1543 = DIRECTION ( 'NONE',  ( 0.000000000000000000, 0.000000000000000000, 1.000000000000000000 ) ) ;
#1544 = EDGE_CURVE ( 'NONE', #3251, #2737, #2822, .T. ) ;
#1545 = VERTEX_POINT ( 'NONE', #672 ) ;
#1546 = CARTESIAN_POINT ( 'NONE',  ( -36.99999999999999289, -48.00000000000000000, 0.000000000000000000 ) ) ;
#1547 = CARTESIAN_POINT ( 'NONE',  ( -39.99999999999999289, 56.00000000000000711, 3.000000000000000000 ) ) ;
#1548 = CARTESIAN_POINT ( 'NONE',  ( 55.99999999999999289, 56.00000000000000711, 30.00000000000000000 ) ) ;
#1549 = ORIENTED_EDGE ( 'NONE', *, *, #978, .F. ) ;
#1550 = LINE ( 'NONE', #3163, #3165 ) ;
#1551 = CARTESIAN_POINT ( 'NONE',  ( 59.00000000000001421, 13.25000000000002665, 30.00000000000000000 ) ) ;
#1552 = VECTOR ( 'NONE', #3238, 1000.000000000000000 ) ;
#1553 = EDGE_LOOP ( 'NONE', ( #3003, #2438, #1482, #234, #317, #2020, #338, #2026, #3076, #3371, #271 ) ) ;
#1554 = LINE ( 'NONE', #770, #2293 ) ;
#1555 = DIRECTION ( 'NONE',  ( 0.000000000000000000, 0.000000000000000000, 1.000000000000000000 ) ) ;
#1556 = CYLINDRICAL_SURFACE ( 'NONE', #1303, 2.250000000000001776 ) ;
#1557 = ORIENTED_EDGE ( 'NONE', *, *, #331, .T. ) ;
#1558 = DIRECTION ( 'NONE',  ( -0.000000000000000000, -0.000000000000000000, -1.000000000000000000 ) ) ;
#1559 = DIRECTION ( 'NONE',  ( -0.000000000000000000, -0.000000000000000000, 1.000000000000000000 ) ) ;
#1560 = ORIENTED_EDGE ( 'NONE', *, *, #2826, .F. ) ;
#1561 = EDGE_CURVE ( 'NONE', #443, #2771, #1786, .T. ) ;
#1562 = DIRECTION ( 'NONE',  ( 0.000000000000000000, 0.000000000000000000, 1.000000000000000000 ) ) ;
#1563 = CARTESIAN_POINT ( 'NONE',  ( -36.99999999999999289, -56.00000000000000711, 0.000000000000000000 ) ) ;
#1564 = PLANE ( 'NONE',  #3191 ) ;
#1565 = ORIENTED_EDGE ( 'NONE', *, *, #276, .F. ) ;
#1566 = CARTESIAN_POINT ( 'NONE',  ( 61.24999999999999289, 59.00000000000000000, 29.70000000000000995 ) ) ;
#1567 = DIRECTION ( 'NONE',  ( 0.000000000000000000, 0.000000000000000000, 1.000000000000000000 ) ) ;
#1568 = ORIENTED_EDGE ( 'NONE', *, *, #2077, .F. ) ;
#1569 = DIRECTION ( 'NONE',  ( -0.000000000000000000, -0.000000000000000000, 1.000000000000000000 ) ) ;
#1570 = VECTOR ( 'NONE', #1871, 1000.000000000000000 ) ;
#1571 = CARTESIAN_POINT ( 'NONE',  ( -56.74999999999994316, -15.49999999999999467, 5.999999999999998224 ) ) ;
#1572 = VERTEX_POINT ( 'NONE', #1334 ) ;
#1573 = LINE ( 'NONE', #2674, #750 ) ;
#1574 = AXIS2_PLACEMENT_3D ( 'NONE', #642, #3384, #2548 ) ;
#1575 = DIRECTION ( 'NONE',  ( 1.000000000000000000, -1.239088197126290817E-16, 0.000000000000000000 ) ) ;
#1576 = AXIS2_PLACEMENT_3D ( 'NONE', #2497, #1426, #3085 ) ;
#1577 = ORIENTED_EDGE ( 'NONE', *, *, #1590, .T. ) ;
#1578 = CARTESIAN_POINT ( 'NONE',  ( 53.34314575050759544, -61.00000000000000000, -20.97056274847713908 ) ) ;
#1579 = DIRECTION ( 'NONE',  ( 1.000000000000000000, 0.000000000000000000, 0.000000000000000000 ) ) ;
#1580 = EDGE_CURVE ( 'NONE', #1188, #2240, #3576, .T. ) ;
#1581 = VECTOR ( 'NONE', #2079, 1000.000000000000000 ) ;
#1582 = EDGE_LOOP ( 'NONE', ( #918, #1057, #1632, #2855 ) ) ;
#1583 = PLANE ( 'NONE',  #355 ) ;
#1584 = CYLINDRICAL_SURFACE ( 'NONE', #3475, 8.000000000000000000 ) ;
#1585 = AXIS2_PLACEMENT_3D ( 'NONE', #589, #1161, #1382 ) ;
#1586 = EDGE_CURVE ( 'NONE', #2947, #138, #1895, .T. ) ;
#1587 = ORIENTED_EDGE ( 'NONE', *, *, #3270, .T. ) ;
#1588 = VECTOR ( 'NONE', #2156, 1000.000000000000000 ) ;
#1589 = CARTESIAN_POINT ( 'NONE',  ( 39.99999999999999289, 0.000000000000000000, 6.000000000000000000 ) ) ;
#1590 = EDGE_CURVE ( 'NONE', #622, #2904, #3556, .T. ) ;
#1591 = DIRECTION ( 'NONE',  ( -1.000000000000000000, 0.000000000000000000, 0.000000000000000000 ) ) ;
#1592 = ORIENTED_EDGE ( 'NONE', *, *, #788, .F. ) ;
#1593 = AXIS2_PLACEMENT_3D ( 'NONE', #1479, #85, #1497 ) ;
#1594 = DIRECTION ( 'NONE',  ( -0.000000000000000000, 1.000000000000000000, -0.000000000000000000 ) ) ;
#1595 = CIRCLE ( 'NONE', #3120, 3.000000000000002665 ) ;
#1596 = VERTEX_POINT ( 'NONE', #3282 ) ;
#1597 = DIRECTION ( 'NONE',  ( 0.000000000000000000, -0.000000000000000000, 1.000000000000000000 ) ) ;
#1598 = FACE_OUTER_BOUND ( 'NONE', #2804, .T. ) ;
#1599 = ORIENTED_EDGE ( 'NONE', *, *, #1515, .F. ) ;
#1600 = PLANE ( 'NONE',  #3108 ) ;
#1601 = ADVANCED_FACE ( 'NONE', ( #486 ), #1353, .F. ) ;
#1602 = LINE ( 'NONE', #207, #543 ) ;
#1603 = EDGE_LOOP ( 'NONE', ( #1178, #1503, #3349, #2844 ) ) ;
#1604 = EDGE_CURVE ( 'NONE', #1088, #1618, #2467, .T. ) ;
#1605 = CARTESIAN_POINT ( 'NONE',  ( 55.99999999999999289, 56.00000000000000711, 30.00000000000000000 ) ) ;
#1606 = CARTESIAN_POINT ( 'NONE',  ( -47.99999999999999289, -48.00000000000000000, 6.000000000000000000 ) ) ;
#1607 = EDGE_LOOP ( 'NONE', ( #678, #1398, #103, #2617 ) ) ;
#1608 = DIRECTION ( 'NONE',  ( 1.000000000000000000, 0.000000000000000000, 0.000000000000000000 ) ) ;
#1609 = ORIENTED_EDGE ( 'NONE', *, *, #2095, .F. ) ;
#1610 = DIRECTION ( 'NONE',  ( -0.000000000000000000, -0.000000000000000000, 1.000000000000000000 ) ) ;
#1611 = CARTESIAN_POINT ( 'NONE',  ( 41.75000000000000711, -58.99999999999999289, 3.749999999999996003 ) ) ;
#1612 = CARTESIAN_POINT ( 'NONE',  ( 56.44999999999993889, -59.00000000000000000, 30.00000000000000000 ) ) ;
#1613 = EDGE_LOOP ( 'NONE', ( #3498, #433, #1211, #1785 ) ) ;
#1614 = ORIENTED_EDGE ( 'NONE', *, *, #2367, .F. ) ;
#1615 = DIRECTION ( 'NONE',  ( -1.000000000000000000, 0.000000000000000000, 0.000000000000000000 ) ) ;
#1616 = CARTESIAN_POINT ( 'NONE',  ( 61.24999999999999289, -59.00000000000000000, 24.00000000000000000 ) ) ;
#1617 = CARTESIAN_POINT ( 'NONE',  ( 0.000000000000000000, -37.00000000000000000, 3.000000000000000000 ) ) ;
#1618 = VERTEX_POINT ( 'NONE', #2963 ) ;
#1619 = FACE_OUTER_BOUND ( 'NONE', #2402, .T. ) ;
#1620 = CARTESIAN_POINT ( 'NONE',  ( 62.00000000000002132, -50.51471862576144645, -20.97056274847713908 ) ) ;
#1621 = EDGE_CURVE ( 'NONE', #2827, #1333, #1823, .T. ) ;
#1622 = ORIENTED_EDGE ( 'NONE', *, *, #1956, .F. ) ;
#1623 = DIRECTION ( 'NONE',  ( 1.239088197126290817E-16, -1.000000000000000000, 0.000000000000000000 ) ) ;
#1624 = ORIENTED_EDGE ( 'NONE', *, *, #193, .T. ) ;
#1625 = VECTOR ( 'NONE', #2440, 1000.000000000000000 ) ;
#1626 = CARTESIAN_POINT ( 'NONE',  ( 50.51471862576140381, -61.99999999999999289, -4.000000000000000000 ) ) ;
#1627 = AXIS2_PLACEMENT_3D ( 'NONE', #3198, #2281, #406 ) ;
#1628 = CARTESIAN_POINT ( 'NONE',  ( -56.74999999999998579, -59.00000000000000000, 29.70000000000000995 ) ) ;
#1629 = EDGE_CURVE ( 'NONE', #3515, #1855, #983, .T. ) ;
#1630 = CIRCLE ( 'NONE', #1574, 3.000000000000000000 ) ;
#1631 = ORIENTED_EDGE ( 'NONE', *, *, #1736, .F. ) ;
#1632 = ORIENTED_EDGE ( 'NONE', *, *, #2192, .T. ) ;
#1633 = DIRECTION ( 'NONE',  ( -0.000000000000000000, -0.000000000000000000, -1.000000000000000000 ) ) ;
#1634 = DIRECTION ( 'NONE',  ( -0.000000000000000000, -0.000000000000000000, -1.000000000000000000 ) ) ;
#1635 = LINE ( 'NONE', #1981, #877 ) ;
#1636 = ORIENTED_EDGE ( 'NONE', *, *, #3540, .F. ) ;
#1637 = PRESENTATION_STYLE_ASSIGNMENT (( #2927 ) ) ;
#1638 = CIRCLE ( 'NONE', #3167, 2.999999999999995559 ) ;
#1639 = DIRECTION ( 'NONE',  ( 0.000000000000000000, 0.000000000000000000, -1.000000000000000000 ) ) ;
#1640 = ORIENTED_EDGE ( 'NONE', *, *, #2817, .T. ) ;
#1641 = EDGE_CURVE ( 'NONE', #2047, #2204, #3521, .T. ) ;
#1642 = LINE ( 'NONE', #232, #1289 ) ;
#1643 = VECTOR ( 'NONE', #2406, 1000.000000000000000 ) ;
#1644 = ORIENTED_EDGE ( 'NONE', *, *, #1498, .T. ) ;
#1645 = DIRECTION ( 'NONE',  ( 1.000000000000000000, 0.000000000000000000, 0.000000000000000000 ) ) ;
#1646 = EDGE_CURVE ( 'NONE', #2240, #2365, #1554, .T. ) ;
#1647 = DIRECTION ( 'NONE',  ( -1.000000000000000000, 0.000000000000000000, 0.000000000000000000 ) ) ;
#1648 = AXIS2_PLACEMENT_3D ( 'NONE', #2797, #3089, #2541 ) ;
#1649 = VERTEX_POINT ( 'NONE', #159 ) ;
#1650 = ORIENTED_EDGE ( 'NONE', *, *, #65, .T. ) ;
#1651 = AXIS2_PLACEMENT_3D ( 'NONE', #2846, #2897, #3180 ) ;
#1652 = DIRECTION ( 'NONE',  ( -1.000000000000000000, 0.000000000000000000, 0.000000000000000000 ) ) ;
#1653 = DIRECTION ( 'NONE',  ( -0.000000000000000000, 0.000000000000000000, -1.000000000000000000 ) ) ;
#1654 = DIRECTION ( 'NONE',  ( -1.000000000000000000, 0.000000000000000000, 0.000000000000000000 ) ) ;
#1655 = ORIENTED_EDGE ( 'NONE', *, *, #1053, .T. ) ;
#1656 = LINE ( 'NONE', #2540, #942 ) ;
#1657 = EDGE_CURVE ( 'NONE', #2361, #1399, #1280, .T. ) ;
#1658 = DIRECTION ( 'NONE',  ( 0.000000000000000000, 0.000000000000000000, 1.000000000000000000 ) ) ;
#1659 = EDGE_CURVE ( 'NONE', #965, #3634, #3000, .T. ) ;
#1660 = ORIENTED_EDGE ( 'NONE', *, *, #2126, .F. ) ;
#1661 = DIRECTION ( 'NONE',  ( -0.000000000000000000, 0.000000000000000000, 1.000000000000000000 ) ) ;
#1662 = DIRECTION ( 'NONE',  ( 0.000000000000000000, 0.000000000000000000, 1.000000000000000000 ) ) ;
#1663 = EDGE_CURVE ( 'NONE', #741, #495, #3300, .T. ) ;
#1664 = VERTEX_POINT ( 'NONE', #2397 ) ;
#1665 = DIRECTION ( 'NONE',  ( -0.000000000000000000, -0.000000000000000000, 1.000000000000000000 ) ) ;
#1666 = CARTESIAN_POINT ( 'NONE',  ( 39.99999999999999289, -55.99999999999998579, 1.242640687119284770 ) ) ;
#1667 = EDGE_CURVE ( 'NONE', #1705, #2503, #790, .T. ) ;
#1668 = ORIENTED_EDGE ( 'NONE', *, *, #670, .T. ) ;
#1669 = EDGE_CURVE ( 'NONE', #2153, #3638, #2121, .T. ) ;
#1670 = EDGE_LOOP ( 'NONE', ( #494, #3190, #3091, #183 ) ) ;
#1671 = FACE_BOUND ( 'NONE', #1864, .T. ) ;
#1672 = LINE ( 'NONE', #1149, #3420 ) ;
#1673 = CARTESIAN_POINT ( 'NONE',  ( 56.00000000000000711, 15.50000000000004086, 5.999999999999998224 ) ) ;
#1674 = ORIENTED_EDGE ( 'NONE', *, *, #1964, .T. ) ;
#1675 = CARTESIAN_POINT ( 'NONE',  ( 0.000000000000000000, 0.000000000000000000, 6.000000000000000000 ) ) ;
#1676 = DIRECTION ( 'NONE',  ( 0.7071067811865497932, 0.7071067811865453523, 0.000000000000000000 ) ) ;
#1677 = ORIENTED_EDGE ( 'NONE', *, *, #452, .T. ) ;
#1678 = CARTESIAN_POINT ( 'NONE',  ( -53.00000000000000000, -6.567167444769341256E-15, 3.000000000000000000 ) ) ;
#1679 = DIRECTION ( 'NONE',  ( 0.7071067811865453523, 0.7071067811865497932, 0.000000000000000000 ) ) ;
#1680 = VERTEX_POINT ( 'NONE', #1840 ) ;
#1681 = CARTESIAN_POINT ( 'NONE',  ( 38.75735931288070901, -54.75735931288069480, -1.076072228735579641E-16 ) ) ;
#1682 = VECTOR ( 'NONE', #889, 1000.000000000000000 ) ;
#1683 = AXIS2_PLACEMENT_3D ( 'NONE', #2185, #813, #238 ) ;
#1684 = ORIENTED_EDGE ( 'NONE', *, *, #3383, .T. ) ;
#1685 = ORIENTED_EDGE ( 'NONE', *, *, #170, .F. ) ;
#1686 = AXIS2_PLACEMENT_3D ( 'NONE', #2655, #2964, #3505 ) ;
#1687 = DIRECTION ( 'NONE',  ( 0.000000000000000000, -1.000000000000000000, 0.000000000000000000 ) ) ;
#1688 = AXIS2_PLACEMENT_3D ( 'NONE', #1675, #2283, #1724 ) ;
#1689 = LINE ( 'NONE', #1349, #3179 ) ;
#1690 = CIRCLE ( 'NONE', #1806, 2.250000000000001776 ) ;
#1691 = CARTESIAN_POINT ( 'NONE',  ( -47.99999999999999289, 40.00000000000000000, 6.000000000000000000 ) ) ;
#1692 = EDGE_CURVE ( 'NONE', #510, #1945, #745, .T. ) ;
#1693 = ORIENTED_EDGE ( 'NONE', *, *, #3104, .T. ) ;
#1694 = CARTESIAN_POINT ( 'NONE',  ( -56.74999999999998579, -59.00000000000000000, 24.00000000000000000 ) ) ;
#1695 = DIRECTION ( 'NONE',  ( 0.000000000000000000, 0.000000000000000000, 1.000000000000000000 ) ) ;
#1696 = ADVANCED_FACE ( 'NONE', ( #1619 ), #466, .F. ) ;
#1697 = VERTEX_POINT ( 'NONE', #2432 ) ;
#1698 = FACE_BOUND ( 'NONE', #1230, .T. ) ;
#1699 = AXIS2_PLACEMENT_3D ( 'NONE', #34, #3115, #1700 ) ;
#1700 = DIRECTION ( 'NONE',  ( 1.000000000000000000, 0.000000000000000000, 0.000000000000000000 ) ) ;
#1701 = ORIENTED_EDGE ( 'NONE', *, *, #3055, .F. ) ;
#1702 = VECTOR ( 'NONE', #199, 1000.000000000000000 ) ;
#1703 = CARTESIAN_POINT ( 'NONE',  ( 36.99999999999999289, 0.000000000000000000, 3.000000000000000000 ) ) ;
#1704 = VECTOR ( 'NONE', #2418, 1000.000000000000000 ) ;
#1705 = VERTEX_POINT ( 'NONE', #1880 ) ;
#1706 = DIRECTION ( 'NONE',  ( -1.000000000000000000, 0.000000000000000000, 0.000000000000000000 ) ) ;
#1707 = VECTOR ( 'NONE', #1061, 1000.000000000000000 ) ;
#1708 = CARTESIAN_POINT ( 'NONE',  ( -15.49999999999998934, 56.00000000000000711, 5.999999999999998224 ) ) ;
#1709 = CARTESIAN_POINT ( 'NONE',  ( 50.25000000000000000, -48.00000000000000000, 6.000000000000000000 ) ) ;
#1710 = VERTEX_POINT ( 'NONE', #1605 ) ;
#1711 = DIRECTION ( 'NONE',  ( 0.000000000000000000, 0.000000000000000000, -1.000000000000000000 ) ) ;
#1712 = PLANE ( 'NONE',  #1246 ) ;
#1713 = ORIENTED_EDGE ( 'NONE', *, *, #1275, .F. ) ;
#1714 = ADVANCED_FACE ( 'NONE', ( #209 ), #2825, .F. ) ;
#1715 = DIRECTION ( 'NONE',  ( 1.239088197126290817E-16, -1.000000000000000000, 0.000000000000000000 ) ) ;
#1716 = CYLINDRICAL_SURFACE ( 'NONE', #1699, 2.250000000000001776 ) ;
#1717 = ORIENTED_EDGE ( 'NONE', *, *, #2654, .T. ) ;
#1718 = FACE_OUTER_BOUND ( 'NONE', #3608, .T. ) ;
#1719 = ORIENTED_EDGE ( 'NONE', *, *, #104, .T. ) ;
#1720 = CARTESIAN_POINT ( 'NONE',  ( -50.55000000000002558, -48.00000000000000000, 6.000000000000000000 ) ) ;
#1721 = DIRECTION ( 'NONE',  ( -0.5773502691896191807, -0.5773502691896351680, -0.5773502691896229555 ) ) ;
#1722 = DIRECTION ( 'NONE',  ( 0.000000000000000000, 1.000000000000000000, 0.000000000000000000 ) ) ;
#1723 = ORIENTED_EDGE ( 'NONE', *, *, #3061, .F. ) ;
#1724 = DIRECTION ( 'NONE',  ( 1.000000000000000000, 0.000000000000000000, 0.000000000000000000 ) ) ;
#1725 = FACE_OUTER_BOUND ( 'NONE', #1239, .T. ) ;
#1726 = EDGE_LOOP ( 'NONE', ( #2657, #1529, #1004, #913 ) ) ;
#1727 = CYLINDRICAL_SURFACE ( 'NONE', #3591, 2.250000000000001776 ) ;
#1728 = DIRECTION ( 'NONE',  ( 1.000000000000000000, 1.239088197126290570E-16, 0.000000000000000000 ) ) ;
#1729 = EDGE_CURVE ( 'NONE', #3456, #3065, #3536, .T. ) ;
#1730 = CARTESIAN_POINT ( 'NONE',  ( 47.99999999999999289, 40.00000000000000000, 3.000000000000000000 ) ) ;
#1731 = EDGE_LOOP ( 'NONE', ( #3079, #3543, #3288, #1990 ) ) ;
#1732 = CARTESIAN_POINT ( 'NONE',  ( -36.99999999999999289, 48.00000000000000000, 3.000000000000000000 ) ) ;
#1733 = EDGE_CURVE ( 'NONE', #2092, #488, #2938, .T. ) ;
#1734 = ORIENTED_EDGE ( 'NONE', *, *, #3601, .T. ) ;
#1735 = DIRECTION ( 'NONE',  ( -1.000000000000000000, -1.239088197126290570E-16, 0.000000000000000000 ) ) ;
#1736 = EDGE_CURVE ( 'NONE', #1878, #2228, #3378, .T. ) ;
#1737 = LINE ( 'NONE', #2863, #3514 ) ;
#1738 = DIRECTION ( 'NONE',  ( 0.000000000000000000, 0.000000000000000000, 1.000000000000000000 ) ) ;
#1739 = ORIENTED_EDGE ( 'NONE', *, *, #2958, .F. ) ;
#1740 = DIRECTION ( 'NONE',  ( 0.000000000000000000, 0.000000000000000000, 1.000000000000000000 ) ) ;
#1741 = AXIS2_PLACEMENT_3D ( 'NONE', #2387, #2913, #2426 ) ;
#1742 = DIRECTION ( 'NONE',  ( 1.000000000000000000, 0.000000000000000000, 0.000000000000000000 ) ) ;
#1743 = EDGE_CURVE ( 'NONE', #2723, #3589, #281, .T. ) ;
#1744 = VECTOR ( 'NONE', #974, 1000.000000000000000 ) ;
#1745 = ORIENTED_EDGE ( 'NONE', *, *, #3036, .F. ) ;
#1746 = DIRECTION ( 'NONE',  ( -1.239088197126290817E-16, 1.000000000000000000, 0.000000000000000000 ) ) ;
#1747 = DIRECTION ( 'NONE',  ( 1.000000000000000000, 0.000000000000000000, 0.000000000000000000 ) ) ;
#1748 = CARTESIAN_POINT ( 'NONE',  ( -56.74999999999994316, -15.49999999999999467, 30.00000000000000000 ) ) ;
#1749 = CONICAL_SURFACE ( 'NONE', #2227, 2.250000000000001776, 0.7853981633974640442 ) ;
#1750 = ORIENTED_EDGE ( 'NONE', *, *, #104, .F. ) ;
#1751 = ORIENTED_EDGE ( 'NONE', *, *, #2275, .F. ) ;
#1752 = ADVANCED_FACE ( 'NONE', ( #2195 ), #1712, .T. ) ;
#1753 = AXIS2_PLACEMENT_3D ( 'NONE', #1977, #273, #1401 ) ;
#1754 = DIRECTION ( 'NONE',  ( 0.000000000000000000, 0.000000000000000000, -1.000000000000000000 ) ) ;
#1755 = CIRCLE ( 'NONE', #2466, 5.999999999999998224 ) ;
#1756 = ORIENTED_EDGE ( 'NONE', *, *, #22, .T. ) ;
#1757 = EDGE_CURVE ( 'NONE', #469, #3469, #599, .T. ) ;
#1758 = FACE_OUTER_BOUND ( 'NONE', #14, .T. ) ;
#1759 = EDGE_CURVE ( 'NONE', #1680, #3456, #74, .T. ) ;
#1760 = CARTESIAN_POINT ( 'NONE',  ( 50.51471862576141092, 59.00000000000000711, 30.00000000000000000 ) ) ;
#1761 = DIRECTION ( 'NONE',  ( -1.000000000000000000, 0.000000000000000000, 0.000000000000000000 ) ) ;
#1762 = VECTOR ( 'NONE', #2622, 1000.000000000000000 ) ;
#1763 = ORIENTED_EDGE ( 'NONE', *, *, #257, .F. ) ;
#1764 = CONICAL_SURFACE ( 'NONE', #185, 2.550000000000010481, 0.7853981633974352894 ) ;
#1765 = CARTESIAN_POINT ( 'NONE',  ( 15.50000000000000711, -56.74999999999997868, 5.999999999999998224 ) ) ;
#1766 = DIRECTION ( 'NONE',  ( 0.000000000000000000, 0.000000000000000000, 1.000000000000000000 ) ) ;
#1767 = AXIS2_PLACEMENT_3D ( 'NONE', #3597, #11, #3051 ) ;
#1768 = ORIENTED_EDGE ( 'NONE', *, *, #869, .F. ) ;
#1769 = DIRECTION ( 'NONE',  ( -1.000000000000000000, -1.176083712526648949E-16, 0.000000000000000000 ) ) ;
#1770 = CARTESIAN_POINT ( 'NONE',  ( 56.74999999999998579, 59.00000000000000000, 29.70000000000000995 ) ) ;
#1771 = CARTESIAN_POINT ( 'NONE',  ( -13.25000000000004796, 59.00000000000000000, 3.750000000000051958 ) ) ;
#1772 = ORIENTED_EDGE ( 'NONE', *, *, #574, .T. ) ;
#1773 = EDGE_LOOP ( 'NONE', ( #251, #1900, #671, #3507 ) ) ;
#1774 = FACE_OUTER_BOUND ( 'NONE', #3367, .T. ) ;
#1775 = EDGE_CURVE ( 'NONE', #510, #2781, #1014, .T. ) ;
#1776 = ORIENTED_EDGE ( 'NONE', *, *, #87, .T. ) ;
#1777 = CARTESIAN_POINT ( 'NONE',  ( 56.00000000000000711, -55.99999999999999289, 30.00000000000000000 ) ) ;
#1778 = FACE_OUTER_BOUND ( 'NONE', #3607, .T. ) ;
#1779 = EDGE_CURVE ( 'NONE', #2113, #2073, #2523, .T. ) ;
#1780 = ORIENTED_EDGE ( 'NONE', *, *, #390, .F. ) ;
#1781 = EDGE_CURVE ( 'NONE', #2534, #1855, #319, .T. ) ;
#1782 = FACE_OUTER_BOUND ( 'NONE', #2658, .T. ) ;
#1783 = CARTESIAN_POINT ( 'NONE',  ( 47.99999999999999289, -37.00000000000000000, 0.000000000000000000 ) ) ;
#1784 = EDGE_CURVE ( 'NONE', #675, #3070, #2357, .T. ) ;
#1785 = ORIENTED_EDGE ( 'NONE', *, *, #3606, .T. ) ;
#1786 = LINE ( 'NONE', #3016, #3295 ) ;
#1787 = EDGE_CURVE ( 'NONE', #1869, #826, #1444, .T. ) ;
#1788 = CYLINDRICAL_SURFACE ( 'NONE', #1169, 3.000000000000002665 ) ;
#1789 = DIRECTION ( 'NONE',  ( -0.000000000000000000, -0.000000000000000000, -1.000000000000000000 ) ) ;
#1790 = EDGE_LOOP ( 'NONE', ( #2198, #421, #1763, #2048 ) ) ;
#1791 = DIRECTION ( 'NONE',  ( 0.000000000000000000, 0.000000000000000000, -1.000000000000000000 ) ) ;
#1792 = ORIENTED_EDGE ( 'NONE', *, *, #2625, .F. ) ;
#1793 = CARTESIAN_POINT ( 'NONE',  ( 47.99999999999999289, -48.00000000000000000, 0.000000000000000000 ) ) ;
#1794 = CARTESIAN_POINT ( 'NONE',  ( 39.50000000000000711, -59.00000000000000711, 30.00000000000000000 ) ) ;
#1795 = DIRECTION ( 'NONE',  ( 0.000000000000000000, -0.000000000000000000, -1.000000000000000000 ) ) ;
#1796 = ORIENTED_EDGE ( 'NONE', *, *, #2618, .F. ) ;
#1797 = CARTESIAN_POINT ( 'NONE',  ( -55.99999999999998579, -40.00000000000000000, 1.242640687119285436 ) ) ;
#1798 = EDGE_CURVE ( 'NONE', #3305, #2531, #132, .T. ) ;
#1799 = LINE ( 'NONE', #2557, #3176 ) ;
#1800 = CIRCLE ( 'NONE', #1221, 2.250000000000001776 ) ;
#1801 = ORIENTED_EDGE ( 'NONE', *, *, #3207, .F. ) ;
#1802 = VECTOR ( 'NONE', #573, 1000.000000000000000 ) ;
#1803 = ADVANCED_FACE ( 'NONE', ( #264 ), #2501, .F. ) ;
#1804 = CARTESIAN_POINT ( 'NONE',  ( 36.99999999999999289, -52.99999999999999289, 0.000000000000000000 ) ) ;
#1805 = DIRECTION ( 'NONE',  ( 0.000000000000000000, -1.000000000000000000, 0.000000000000000000 ) ) ;
#1806 = AXIS2_PLACEMENT_3D ( 'NONE', #2488, #2044, #2309 ) ;
#1807 = LINE ( 'NONE', #2873, #2053 ) ;
#1808 = ORIENTED_EDGE ( 'NONE', *, *, #3083, .F. ) ;
#1809 = FILL_AREA_STYLE_COLOUR ( '', #2096 ) ;
#1810 = DIRECTION ( 'NONE',  ( -0.000000000000000000, 0.000000000000000000, 1.000000000000000000 ) ) ;
#1811 = VERTEX_POINT ( 'NONE', #3633 ) ;
#1812 = LINE ( 'NONE', #995, #1241 ) ;
#1813 = CARTESIAN_POINT ( 'NONE',  ( 56.00000000000000711, 39.50000000000004263, 30.00000000000000000 ) ) ;
#1814 = CARTESIAN_POINT ( 'NONE',  ( -39.99999999999999289, 48.00000000000000000, 6.000000000000000000 ) ) ;
#1815 = VECTOR ( 'NONE', #1687, 1000.000000000000000 ) ;
#1816 = VERTEX_POINT ( 'NONE', #3359 ) ;
#1817 = DIRECTION ( 'NONE',  ( 1.000000000000000000, 0.000000000000000000, -0.000000000000000000 ) ) ;
#1818 = AXIS2_PLACEMENT_3D ( 'NONE', #2912, #2933, #187 ) ;
#1819 = LINE ( 'NONE', #2940, #15 ) ;
#1820 = VECTOR ( 'NONE', #2634, 1000.000000000000000 ) ;
#1821 = EDGE_CURVE ( 'NONE', #1855, #925, #1118, .T. ) ;
#1822 = ORIENTED_EDGE ( 'NONE', *, *, #2095, .T. ) ;
#1823 = LINE ( 'NONE', #448, #3415 ) ;
#1824 = PLANE ( 'NONE',  #2567 ) ;
#1825 =( BOUNDED_CURVE ( )  B_SPLINE_CURVE ( 3, ( #3599, #3542, #1080, #1062 ),
 .UNSPECIFIED., .F., .T. ) 
 B_SPLINE_CURVE_WITH_KNOTS ( ( 4, 4 ),
 ( 3.141592653589793116, 4.712388980384689674 ),
 .UNSPECIFIED. ) 
 CURVE ( )  GEOMETRIC_REPRESENTATION_ITEM ( )  RATIONAL_B_SPLINE_CURVE ( ( 1.000000000000000000, 0.8047378541243649375, 0.8047378541243649375, 1.000000000000000000 ) ) 
 REPRESENTATION_ITEM ( '' )  );
#1826 = CARTESIAN_POINT ( 'NONE',  ( -15.49999999999998934, 56.00000000000000711, 30.00000000000000000 ) ) ;
#1827 = ADVANCED_FACE ( 'NONE', ( #250 ), #3616, .F. ) ;
#1828 = ORIENTED_EDGE ( 'NONE', *, *, #3032, .T. ) ;
#1829 = VECTOR ( 'NONE', #2055, 1000.000000000000114 ) ;
#1830 = DIRECTION ( 'NONE',  ( 1.000000000000000000, 0.000000000000000000, 0.000000000000000000 ) ) ;
#1831 = LINE ( 'NONE', #693, #821 ) ;
#1832 = VERTEX_POINT ( 'NONE', #846 ) ;
#1833 = CYLINDRICAL_SURFACE ( 'NONE', #536, 3.000000000000002665 ) ;
#1834 = FACE_OUTER_BOUND ( 'NONE', #3582, .T. ) ;
#1835 = CARTESIAN_POINT ( 'NONE',  ( 45.75000000000000000, -48.00000000000000000, 6.000000000000000000 ) ) ;
#1836 = EDGE_LOOP ( 'NONE', ( #886, #588, #1175, #2004 ) ) ;
#1837 = CARTESIAN_POINT ( 'NONE',  ( 58.99999999999999289, -59.00000000000000000, 30.00000000000000000 ) ) ;
#1838 = CARTESIAN_POINT ( 'NONE',  ( -50.25000000000000000, 48.00000000000000000, 5.699999999999984190 ) ) ;
#1839 = EDGE_LOOP ( 'NONE', ( #2223, #265, #78, #1356 ) ) ;
#1840 = CARTESIAN_POINT ( 'NONE',  ( 61.00000000000000000, 53.34314575050763807, -4.000000000000000000 ) ) ;
#1841 = LINE ( 'NONE', #498, #580 ) ;
#1842 = DIRECTION ( 'NONE',  ( -1.239088197126290817E-16, 1.000000000000000000, 0.000000000000000000 ) ) ;
#1843 = ORIENTED_EDGE ( 'NONE', *, *, #1046, .T. ) ;
#1844 = CARTESIAN_POINT ( 'NONE',  ( -58.99999999999997868, -41.75000000000001421, 5.999999999999998224 ) ) ;
#1845 = EDGE_CURVE ( 'NONE', #1510, #3393, #1951, .T. ) ;
#1846 = CARTESIAN_POINT ( 'NONE',  ( 58.99999999999997868, 59.00000000000000711, -20.97056274847713908 ) ) ;
#1847 = EDGE_CURVE ( 'NONE', #3624, #624, #3485, .T. ) ;
#1848 = ORIENTED_EDGE ( 'NONE', *, *, #3363, .F. ) ;
#1849 = FACE_OUTER_BOUND ( 'NONE', #1258, .T. ) ;
#1850 = ADVANCED_FACE ( 'NONE', ( #2080 ), #2339, .F. ) ;
#1851 = CARTESIAN_POINT ( 'NONE',  ( 0.000000000000000000, -40.00000000000000000, 6.000000000000000000 ) ) ;
#1852 = DIRECTION ( 'NONE',  ( -0.000000000000000000, -0.000000000000000000, -1.000000000000000000 ) ) ;
#1853 = VERTEX_POINT ( 'NONE', #3204 ) ;
#1854 = APPLICATION_CONTEXT ( 'automotive_design' ) ;
#1855 = VERTEX_POINT ( 'NONE', #912 ) ;
#1856 = DIRECTION ( 'NONE',  ( 0.000000000000000000, 0.000000000000000000, 1.000000000000000000 ) ) ;
#1857 = ADVANCED_FACE ( 'NONE', ( #2902 ), #409, .F. ) ;
#1858 = DIRECTION ( 'NONE',  ( -1.000000000000000000, 0.000000000000000000, 0.000000000000000000 ) ) ;
#1859 = ORIENTED_EDGE ( 'NONE', *, *, #2814, .F. ) ;
#1860 = CARTESIAN_POINT ( 'NONE',  ( 45.75000000000000000, 48.00000000000000000, 5.699999999999987743 ) ) ;
#1861 = CIRCLE ( 'NONE', #1048, 2.250000000000001776 ) ;
#1862 = VECTOR ( 'NONE', #1942, 1000.000000000000000 ) ;
#1863 = CARTESIAN_POINT ( 'NONE',  ( 15.50000000000000711, -59.00000000000001421, 30.00000000000000000 ) ) ;
#1864 = EDGE_LOOP ( 'NONE', ( #804, #2698 ) ) ;
#1865 = VECTOR ( 'NONE', #1323, 1000.000000000000000 ) ;
#1866 = DIRECTION ( 'NONE',  ( 0.000000000000000000, -1.000000000000000000, 0.000000000000000000 ) ) ;
#1867 = AXIS2_PLACEMENT_3D ( 'NONE', #2191, #2249, #1654 ) ;
#1868 = EDGE_CURVE ( 'NONE', #1000, #628, #1799, .T. ) ;
#1869 = VERTEX_POINT ( 'NONE', #2284 ) ;
#1870 = CARTESIAN_POINT ( 'NONE',  ( 41.75000000000000711, -59.00000000000000711, 30.00000000000000000 ) ) ;
#1871 = DIRECTION ( 'NONE',  ( 0.000000000000000000, 1.000000000000000000, 0.000000000000000000 ) ) ;
#1872 = LINE ( 'NONE', #3272, #3567 ) ;
#1873 = ADVANCED_FACE ( 'NONE', ( #1725 ), #3128, .F. ) ;
#1874 = ORIENTED_EDGE ( 'NONE', *, *, #325, .F. ) ;
#1875 = FACE_OUTER_BOUND ( 'NONE', #844, .T. ) ;
#1876 = DIRECTION ( 'NONE',  ( -1.000000000000000000, 0.000000000000000000, 0.000000000000000000 ) ) ;
#1877 = VECTOR ( 'NONE', #3422, 1000.000000000000000 ) ;
#1878 = VERTEX_POINT ( 'NONE', #895 ) ;
#1879 = AXIS2_PLACEMENT_3D ( 'NONE', #2268, #829, #1939 ) ;
#1880 = CARTESIAN_POINT ( 'NONE',  ( -39.99999999999999289, 48.00000000000000000, 3.000000000000000000 ) ) ;
#1881 = AXIS2_PLACEMENT_3D ( 'NONE', #3168, #654, #1769 ) ;
#1882 = DIRECTION ( 'NONE',  ( 0.5773502691896245098, -0.5773502691896280625, -0.5773502691896247319 ) ) ;
#1883 = ORIENTED_EDGE ( 'NONE', *, *, #3316, .F. ) ;
#1884 = VECTOR ( 'NONE', #2139, 1000.000000000000000 ) ;
#1885 = PLANE ( 'NONE',  #2400 ) ;
#1886 = CIRCLE ( 'NONE', #2360, 5.999999999999998224 ) ;
#1887 = ORIENTED_EDGE ( 'NONE', *, *, #2144, .F. ) ;
#1888 = CARTESIAN_POINT ( 'NONE',  ( 48.00000000000000000, -48.00000000000000000, 6.000000000000000000 ) ) ;
#1889 = DIRECTION ( 'NONE',  ( -1.000000000000000000, 0.000000000000000000, 0.000000000000000000 ) ) ;
#1890 = ORIENTED_EDGE ( 'NONE', *, *, #1104, .T. ) ;
#1891 = CYLINDRICAL_SURFACE ( 'NONE', #2870, 3.000000000000002665 ) ;
#1892 = CYLINDRICAL_SURFACE ( 'NONE', #2530, 2.250000000000001776 ) ;
#1893 = EDGE_CURVE ( 'NONE', #2228, #3073, #1512, .T. ) ;
#1894 = ORIENTED_EDGE ( 'NONE', *, *, #3339, .T. ) ;
#1895 = LINE ( 'NONE', #728, #2177 ) ;
#1896 = CARTESIAN_POINT ( 'NONE',  ( 61.00000000000000711, -53.34314575050763807, -20.97056274847713908 ) ) ;
#1897 = ORIENTED_EDGE ( 'NONE', *, *, #2413, .F. ) ;
#1898 = EDGE_CURVE ( 'NONE', #2652, #1816, #3117, .T. ) ;
#1899 = CARTESIAN_POINT ( 'NONE',  ( 39.50000000000000711, -56.74999999999997158, 30.00000000000000000 ) ) ;
#1900 = ORIENTED_EDGE ( 'NONE', *, *, #1435, .T. ) ;
#1901 = PRODUCT_DEFINITION_CONTEXT ( 'detailed design', #3622, 'design' ) ;
#1902 = CARTESIAN_POINT ( 'NONE',  ( 64.99999999999997158, 59.00000000000000711, 30.00000000000000000 ) ) ;
#1903 = FACE_OUTER_BOUND ( 'NONE', #503, .T. ) ;
#1904 = ADVANCED_FACE ( 'NONE', ( #614 ), #2849, .T. ) ;
#1905 = ORIENTED_EDGE ( 'NONE', *, *, #3322, .F. ) ;
#1906 = ORIENTED_EDGE ( 'NONE', *, *, #36, .T. ) ;
#1907 = DIRECTION ( 'NONE',  ( 1.000000000000000000, 0.000000000000000000, 0.000000000000000000 ) ) ;
#1908 = PLANE ( 'NONE',  #135 ) ;
#1909 = CARTESIAN_POINT ( 'NONE',  ( 55.99999999999999289, 56.00000000000000711, 6.000000000000000000 ) ) ;
#1910 = ORIENTED_EDGE ( 'NONE', *, *, #1669, .T. ) ;
#1911 = CARTESIAN_POINT ( 'NONE',  ( -58.99999999999997868, -41.75000000000001421, 3.749999999999982681 ) ) ;
#1912 = ADVANCED_FACE ( 'NONE', ( #336 ), #120, .T. ) ;
#1913 = CARTESIAN_POINT ( 'NONE',  ( 58.99999999999997868, 59.00000000000000711, -4.000000000000000000 ) ) ;
#1914 = DIRECTION ( 'NONE',  ( -0.000000000000000000, -0.000000000000000000, 1.000000000000000000 ) ) ;
#1915 = ORIENTED_EDGE ( 'NONE', *, *, #32, .F. ) ;
#1916 = EDGE_CURVE ( 'NONE', #2827, #2203, #247, .T. ) ;
#1917 = AXIS2_PLACEMENT_3D ( 'NONE', #3491, #3525, #1094 ) ;
#1918 = CARTESIAN_POINT ( 'NONE',  ( 54.75735931288072322, -38.75735931288070901, -3.228216686206738306E-16 ) ) ;
#1919 = ORIENTED_EDGE ( 'NONE', *, *, #403, .T. ) ;
#1920 = VECTOR ( 'NONE', #2132, 1000.000000000000000 ) ;
#1921 = FACE_OUTER_BOUND ( 'NONE', #593, .T. ) ;
#1922 = VECTOR ( 'NONE', #1370, 1000.000000000000000 ) ;
#1923 = CARTESIAN_POINT ( 'NONE',  ( -58.99999999999999289, 59.00000000000000000, 24.00000000000000000 ) ) ;
#1924 = CIRCLE ( 'NONE', #1519, 2.250000000000001776 ) ;
#1925 = ORIENTED_EDGE ( 'NONE', *, *, #2618, .T. ) ;
#1926 = ORIENTED_EDGE ( 'NONE', *, *, #2709, .F. ) ;
#1927 = LINE ( 'NONE', #1089, #832 ) ;
#1928 = VECTOR ( 'NONE', #1711, 1000.000000000000000 ) ;
#1929 = CARTESIAN_POINT ( 'NONE',  ( 56.74999999999997158, 39.50000000000004263, 5.999999999999998224 ) ) ;
#1930 = DIRECTION ( 'NONE',  ( -1.000000000000000000, 0.000000000000000000, 0.000000000000000000 ) ) ;
#1931 = ORIENTED_EDGE ( 'NONE', *, *, #461, .F. ) ;
#1932 = DIRECTION ( 'NONE',  ( 0.000000000000000000, 0.000000000000000000, 1.000000000000000000 ) ) ;
#1933 = CARTESIAN_POINT ( 'NONE',  ( -39.99999999999999289, 0.000000000000000000, 6.000000000000000000 ) ) ;
#1934 = AXIS2_PLACEMENT_3D ( 'NONE', #2536, #24, #1652 ) ;
#1935 = ORIENTED_EDGE ( 'NONE', *, *, #3110, .T. ) ;
#1936 = AXIS2_PLACEMENT_3D ( 'NONE', #1447, #2561, #1142 ) ;
#1937 = DIRECTION ( 'NONE',  ( -0.000000000000000000, -0.000000000000000000, 1.000000000000000000 ) ) ;
#1938 = ADVANCED_FACE ( 'NONE', ( #2868 ), #1242, .F. ) ;
#1939 = DIRECTION ( 'NONE',  ( 1.000000000000000000, 0.000000000000000000, 0.000000000000000000 ) ) ;
#1940 = ORIENTED_EDGE ( 'NONE', *, *, #2586, .T. ) ;
#1941 = FACE_OUTER_BOUND ( 'NONE', #3463, .T. ) ;
#1942 = DIRECTION ( 'NONE',  ( -1.000000000000000000, -1.239088197126290817E-16, 0.000000000000000000 ) ) ;
#1943 = VECTOR ( 'NONE', #807, 1000.000000000000227 ) ;
#1944 = EDGE_LOOP ( 'NONE', ( #718, #1039, #1631, #3219 ) ) ;
#1945 = VERTEX_POINT ( 'NONE', #1203 ) ;
#1946 = DIRECTION ( 'NONE',  ( 0.000000000000000000, 0.000000000000000000, 1.000000000000000000 ) ) ;
#1947 = CARTESIAN_POINT ( 'NONE',  ( 13.25000000000000711, -59.00000000000000000, 3.749999999999996003 ) ) ;
#1948 = LINE ( 'NONE', #1112, #1405 ) ;
#1949 = ORIENTED_EDGE ( 'NONE', *, *, #2257, .T. ) ;
#1950 = DIRECTION ( 'NONE',  ( 1.000000000000000000, 0.000000000000000000, 0.000000000000000000 ) ) ;
#1951 = LINE ( 'NONE', #561, #716 ) ;
#1952 = EDGE_LOOP ( 'NONE', ( #2134, #2510, #3195, #1130 ) ) ;
#1953 = DIRECTION ( 'NONE',  ( 1.000000000000000000, 1.239088197126290817E-16, 0.000000000000000000 ) ) ;
#1954 = DIRECTION ( 'NONE',  ( -1.000000000000000000, 0.000000000000000000, 0.000000000000000000 ) ) ;
#1955 = ORIENTED_EDGE ( 'NONE', *, *, #350, .F. ) ;
#1956 = EDGE_CURVE ( 'NONE', #2888, #1878, #3164, .T. ) ;
#1957 = DIRECTION ( 'NONE',  ( 0.000000000000000000, -1.000000000000000000, 0.000000000000000000 ) ) ;
#1958 = VERTEX_POINT ( 'NONE', #2611 ) ;
#1959 = ORIENTED_EDGE ( 'NONE', *, *, #3450, .T. ) ;
#1960 = CYLINDRICAL_SURFACE ( 'NONE', #1177, 3.000000000000000000 ) ;
#1961 = ADVANCED_FACE ( 'NONE', ( #1219 ), #3444, .F. ) ;
#1962 = LINE ( 'NONE', #497, #1999 ) ;
#1963 = DIRECTION ( 'NONE',  ( -0.000000000000000000, 0.000000000000000000, 1.000000000000000000 ) ) ;
#1964 = EDGE_CURVE ( 'NONE', #1664, #2245, #2062, .T. ) ;
#1965 = VERTEX_POINT ( 'NONE', #1783 ) ;
#1966 = DIRECTION ( 'NONE',  ( 1.000000000000000000, 0.000000000000000000, 0.000000000000000000 ) ) ;
#1967 = DIRECTION ( 'NONE',  ( 0.000000000000000000, -1.000000000000000000, 0.000000000000000000 ) ) ;
#1968 = ORIENTED_EDGE ( 'NONE', *, *, #3222, .T. ) ;
#1969 = DIRECTION ( 'NONE',  ( -1.000000000000000000, 0.000000000000000000, -0.000000000000000000 ) ) ;
#1970 = CARTESIAN_POINT ( 'NONE',  ( -60.99999999999997868, -53.34314575050762386, 30.00000000000000000 ) ) ;
#1971 = ORIENTED_EDGE ( 'NONE', *, *, #1787, .T. ) ;
#1972 = DIRECTION ( 'NONE',  ( -0.000000000000000000, -0.000000000000000000, 1.000000000000000000 ) ) ;
#1973 = AXIS2_PLACEMENT_3D ( 'NONE', #2703, #2427, #442 ) ;
#1974 = EDGE_CURVE ( 'NONE', #1346, #3121, #391, .T. ) ;
#1975 = VECTOR ( 'NONE', #3326, 1000.000000000000000 ) ;
#1976 = EDGE_LOOP ( 'NONE', ( #892, #951, #1577, #3185 ) ) ;
#1977 = CARTESIAN_POINT ( 'NONE',  ( 0.000000000000000000, 0.000000000000000000, 0.000000000000000000 ) ) ;
#1978 = VECTOR ( 'NONE', #29, 1000.000000000000114 ) ;
#1979 = CARTESIAN_POINT ( 'NONE',  ( -50.25000000000000000, 48.00000000000000000, 0.000000000000000000 ) ) ;
#1980 = AXIS2_PLACEMENT_3D ( 'NONE', #3380, #2853, #3395 ) ;
#1981 = CARTESIAN_POINT ( 'NONE',  ( -61.24999999999999289, -59.00000000000000000, 29.70000000000000995 ) ) ;
#1982 = ADVANCED_FACE ( 'NONE', ( #140 ), #3518, .F. ) ;
#1983 = ORIENTED_EDGE ( 'NONE', *, *, #452, .F. ) ;
#1984 = DIRECTION ( 'NONE',  ( -0.000000000000000000, -0.000000000000000000, -1.000000000000000000 ) ) ;
#1985 = DIRECTION ( 'NONE',  ( -0.7071067811865519026, 0.7071067811865431318, 0.000000000000000000 ) ) ;
#1986 = ORIENTED_EDGE ( 'NONE', *, *, #1002, .T. ) ;
#1987 = PLANE ( 'NONE',  #3278 ) ;
#1988 = VECTOR ( 'NONE', #3082, 1000.000000000000000 ) ;
#1989 = LINE ( 'NONE', #711, #651 ) ;
#1990 = ORIENTED_EDGE ( 'NONE', *, *, #197, .F. ) ;
#1991 = CIRCLE ( 'NONE', #2819, 5.999999999999998224 ) ;
#1992 = LINE ( 'NONE', #2603, #1107 ) ;
#1993 = VECTOR ( 'NONE', #2218, 1000.000000000000000 ) ;
#1994 = EDGE_LOOP ( 'NONE', ( #114, #2341, #1157, #3106 ) ) ;
#1995 = CARTESIAN_POINT ( 'NONE',  ( -56.74999999999998579, -59.00000000000000000, 29.70000000000000995 ) ) ;
#1996 = AXIS2_PLACEMENT_3D ( 'NONE', #102, #2018, #2038 ) ;
#1997 = DIRECTION ( 'NONE',  ( 0.000000000000000000, -1.000000000000000000, 0.000000000000000000 ) ) ;
#1998 = FACE_OUTER_BOUND ( 'NONE', #1015, .T. ) ;
#1999 = VECTOR ( 'NONE', #1111, 1000.000000000000000 ) ;
#2000 = EDGE_LOOP ( 'NONE', ( #2795, #1372, #1042, #3213 ) ) ;
#2001 = DIRECTION ( 'NONE',  ( -1.000000000000000000, 0.000000000000000000, -0.000000000000000000 ) ) ;
#2002 = EDGE_CURVE ( 'NONE', #2916, #2820, #2419, .T. ) ;
#2003 = CARTESIAN_POINT ( 'NONE',  ( 13.25000000000000711, -59.00000000000000000, 30.00000000000000000 ) ) ;
#2004 = ORIENTED_EDGE ( 'NONE', *, *, #1659, .F. ) ;
#2005 = LINE ( 'NONE', #633, #1820 ) ;
#2006 = FACE_BOUND ( 'NONE', #822, .T. ) ;
#2007 = CARTESIAN_POINT ( 'NONE',  ( 39.99999999999999289, 48.00000000000000000, 6.000000000000000000 ) ) ;
#2008 = EDGE_CURVE ( 'NONE', #2633, #3200, #3223, .T. ) ;
#2009 = ADVANCED_FACE ( 'NONE', ( #2137 ), #1892, .F. ) ;
#2010 = ORIENTED_EDGE ( 'NONE', *, *, #3032, .F. ) ;
#2011 = DIRECTION ( 'NONE',  ( 0.000000000000000000, 0.000000000000000000, -1.000000000000000000 ) ) ;
#2012 = ORIENTED_EDGE ( 'NONE', *, *, #1158, .T. ) ;
#2013 = CARTESIAN_POINT ( 'NONE',  ( -61.24999999999999289, 59.00000000000000000, 24.00000000000000000 ) ) ;
#2014 = CARTESIAN_POINT ( 'NONE',  ( 56.74999999999998579, 59.00000000000000000, 29.70000000000000995 ) ) ;
#2015 = LINE ( 'NONE', #81, #512 ) ;
#2016 = VERTEX_POINT ( 'NONE', #1041 ) ;
#2017 = CARTESIAN_POINT ( 'NONE',  ( -39.99999999999999289, -56.00000000000000711, 3.000000000000000000 ) ) ;
#2018 = DIRECTION ( 'NONE',  ( 0.000000000000000000, -0.000000000000000000, -1.000000000000000000 ) ) ;
#2019 = EDGE_CURVE ( 'NONE', #2270, #999, #2710, .T. ) ;
#2020 = ORIENTED_EDGE ( 'NONE', *, *, #1781, .F. ) ;
#2021 = CARTESIAN_POINT ( 'NONE',  ( 59.00000000000000711, 59.00000000000000711, -4.000000000000000000 ) ) ;
#2022 = PLANE ( 'NONE',  #695 ) ;
#2023 = DIRECTION ( 'NONE',  ( 1.000000000000000000, 1.239088197126290817E-16, -0.000000000000000000 ) ) ;
#2024 = ADVANCED_FACE ( 'NONE', ( #3296 ), #1584, .T. ) ;
#2025 = ORIENTED_EDGE ( 'NONE', *, *, #1409, .T. ) ;
#2026 = ORIENTED_EDGE ( 'NONE', *, *, #1038, .F. ) ;
#2027 = CARTESIAN_POINT ( 'NONE',  ( -55.99999999999997868, -39.49999999999997868, 5.999999999999998224 ) ) ;
#2028 = PRODUCT ( 'part2-urban-dist-v2-case', 'part2-urban-dist-v2-case', '', ( #2476 ) ) ;
#2029 = ORIENTED_EDGE ( 'NONE', *, *, #2008, .T. ) ;
#2030 = LINE ( 'NONE', #2605, #648 ) ;
#2031 = DIRECTION ( 'NONE',  ( -1.000000000000000000, 1.239088197126290817E-16, 0.000000000000000000 ) ) ;
#2032 = DIRECTION ( 'NONE',  ( -1.000000000000000000, 0.000000000000000000, 0.000000000000000000 ) ) ;
#2033 = AXIS2_PLACEMENT_3D ( 'NONE', #2988, #2075, #3197 ) ;
#2034 = EDGE_CURVE ( 'NONE', #2250, #3073, #3502, .T. ) ;
#2035 = ORIENTED_EDGE ( 'NONE', *, *, #2441, .F. ) ;
#2036 = DIRECTION ( 'NONE',  ( -0.000000000000000000, -0.000000000000000000, 1.000000000000000000 ) ) ;
#2037 = VECTOR ( 'NONE', #3527, 1000.000000000000000 ) ;
#2038 = DIRECTION ( 'NONE',  ( -1.000000000000000000, 0.000000000000000000, 0.000000000000000000 ) ) ;
#2039 = VECTOR ( 'NONE', #602, 1000.000000000000000 ) ;
#2040 = ORIENTED_EDGE ( 'NONE', *, *, #2577, .F. ) ;
#2041 = PLANE ( 'NONE',  #1881 ) ;
#2042 = EDGE_CURVE ( 'NONE', #1680, #2361, #1595, .T. ) ;
#2043 = EDGE_CURVE ( 'NONE', #311, #925, #1819, .T. ) ;
#2044 = DIRECTION ( 'NONE',  ( 0.000000000000000000, 0.000000000000000000, 1.000000000000000000 ) ) ;
#2045 = CARTESIAN_POINT ( 'NONE',  ( 55.99999999999999289, 56.00000000000000711, 2.999999999999999112 ) ) ;
#2046 = VECTOR ( 'NONE', #1932, 1000.000000000000000 ) ;
#2047 = VERTEX_POINT ( 'NONE', #1838 ) ;
#2048 = ORIENTED_EDGE ( 'NONE', *, *, #2457, .F. ) ;
#2049 = EDGE_CURVE ( 'NONE', #3434, #1088, #428, .T. ) ;
#2050 = AXIS2_PLACEMENT_3D ( 'NONE', #564, #288, #3619 ) ;
#2051 = ADVANCED_FACE ( 'NONE', ( #3261 ), #2685, .T. ) ;
#2052 = CYLINDRICAL_SURFACE ( 'NONE', #454, 3.000000000000000000 ) ;
#2053 = VECTOR ( 'NONE', #1486, 1000.000000000000000 ) ;
#2054 = ORIENTED_EDGE ( 'NONE', *, *, #3339, .F. ) ;
#2055 = DIRECTION ( 'NONE',  ( -0.7071067811865546782, 8.659560562355017907E-17, 0.7071067811865403563 ) ) ;
#2056 = CARTESIAN_POINT ( 'NONE',  ( -50.25000000000000000, -48.00000000000000000, 5.699999999999987743 ) ) ;
#2057 = VECTOR ( 'NONE', #915, 1000.000000000000000 ) ;
#2058 = ORIENTED_EDGE ( 'NONE', *, *, #1629, .F. ) ;
#2059 = AXIS2_PLACEMENT_3D ( 'NONE', #2359, #2631, #685 ) ;
#2060 = DIRECTION ( 'NONE',  ( 0.000000000000000000, 0.000000000000000000, -1.000000000000000000 ) ) ;
#2061 = ADVANCED_FACE ( 'NONE', ( #1315 ), #1297, .F. ) ;
#2062 = LINE ( 'NONE', #3184, #539 ) ;
#2063 = VECTOR ( 'NONE', #2570, 1000.000000000000000 ) ;
#2064 = EDGE_LOOP ( 'NONE', ( #2952, #2525, #3241, #1808 ) ) ;
#2065 =( BOUNDED_CURVE ( )  B_SPLINE_CURVE ( 3, ( #966, #1797, #2302, #765 ),
 .UNSPECIFIED., .F., .F. ) 
 B_SPLINE_CURVE_WITH_KNOTS ( ( 4, 4 ),
 ( 3.141592653589793116, 4.712388980384689674 ),
 .UNSPECIFIED. ) 
 CURVE ( )  GEOMETRIC_REPRESENTATION_ITEM ( )  RATIONAL_B_SPLINE_CURVE ( ( 1.000000000000000000, 0.8047378541243649375, 0.8047378541243649375, 1.000000000000000000 ) ) 
 REPRESENTATION_ITEM ( '' )  );
#2066 = DIRECTION ( 'NONE',  ( -0.000000000000000000, -0.000000000000000000, -1.000000000000000000 ) ) ;
#2067 = FACE_OUTER_BOUND ( 'NONE', #2513, .T. ) ;
#2068 = LINE ( 'NONE', #2345, #2292 ) ;
#2069 = ORIENTED_EDGE ( 'NONE', *, *, #2542, .T. ) ;
#2070 = ORIENTED_EDGE ( 'NONE', *, *, #3327, .F. ) ;
#2071 = CARTESIAN_POINT ( 'NONE',  ( 61.24999999999999289, 59.00000000000000000, 29.70000000000000995 ) ) ;
#2072 = EDGE_CURVE ( 'NONE', #2282, #3059, #1483, .T. ) ;
#2073 = VERTEX_POINT ( 'NONE', #1023 ) ;
#2074 = LINE ( 'NONE', #2109, #1643 ) ;
#2075 = DIRECTION ( 'NONE',  ( -0.7071067811865496822, -0.7071067811865453523, -0.000000000000000000 ) ) ;
#2076 = DIRECTION ( 'NONE',  ( -0.000000000000000000, -0.000000000000000000, 1.000000000000000000 ) ) ;
#2077 = EDGE_CURVE ( 'NONE', #3005, #230, #743, .T. ) ;
#2078 = ORIENTED_EDGE ( 'NONE', *, *, #757, .F. ) ;
#2079 = DIRECTION ( 'NONE',  ( 1.000000000000000000, 1.239088197126290817E-16, 0.000000000000000000 ) ) ;
#2080 = FACE_OUTER_BOUND ( 'NONE', #191, .T. ) ;
#2081 = ORIENTED_EDGE ( 'NONE', *, *, #1729, .T. ) ;
#2082 = LINE ( 'NONE', #105, #301 ) ;
#2083 = DIRECTION ( 'NONE',  ( 1.000000000000000000, 0.000000000000000000, 0.000000000000000000 ) ) ;
#2084 = CARTESIAN_POINT ( 'NONE',  ( 0.000000000000000000, 0.000000000000000000, 30.00000000000000000 ) ) ;
#2085 = ORIENTED_EDGE ( 'NONE', *, *, #2945, .T. ) ;
#2086 =( NAMED_UNIT ( * ) PLANE_ANGLE_UNIT ( ) SI_UNIT ( $, .RADIAN. ) );
#2087 = LINE ( 'NONE', #1522, #1114 ) ;
#2088 = ORIENTED_EDGE ( 'NONE', *, *, #806, .F. ) ;
#2089 = CARTESIAN_POINT ( 'NONE',  ( 39.99999999999999289, 56.00000000000000711, 3.000000000000000000 ) ) ;
#2090 = CARTESIAN_POINT ( 'NONE',  ( -48.00000000000000000, -48.00000000000000000, 5.699999999999987743 ) ) ;
#2091 = DIRECTION ( 'NONE',  ( -0.000000000000000000, 0.000000000000000000, 1.000000000000000000 ) ) ;
#2092 = VERTEX_POINT ( 'NONE', #2430 ) ;
#2093 = CARTESIAN_POINT ( 'NONE',  ( 41.75000000000000711, -58.99999999999999289, 5.999999999999998224 ) ) ;
#2094 = DIRECTION ( 'NONE',  ( 0.000000000000000000, 0.000000000000000000, 1.000000000000000000 ) ) ;
#2095 = EDGE_CURVE ( 'NONE', #1664, #691, #423, .T. ) ;
#2096 = COLOUR_RGB ( '',0.7921568627450980005, 0.8196078431372548767, 0.9333333333333333481 ) ;
#2097 = AXIS2_PLACEMENT_3D ( 'NONE', #2492, #3348, #1450 ) ;
#2098 = ORIENTED_EDGE ( 'NONE', *, *, #1847, .T. ) ;
#2099 = AXIS2_PLACEMENT_3D ( 'NONE', #3124, #1722, #1738 ) ;
#2100 = DIRECTION ( 'NONE',  ( -0.000000000000000000, 1.000000000000000000, -0.000000000000000000 ) ) ;
#2101 = TOROIDAL_SURFACE ( 'NONE', #3573, 11.00000000000000000, 3.000000000000000000 ) ;
#2102 = CARTESIAN_POINT ( 'NONE',  ( 50.25000000000000000, 48.00000000000000000, 6.000000000000000000 ) ) ;
#2103 = CIRCLE ( 'NONE', #3160, 2.999999999999995559 ) ;
#2104 = DIRECTION ( 'NONE',  ( -1.000000000000000000, 0.000000000000000000, 0.000000000000000000 ) ) ;
#2105 = ORIENTED_EDGE ( 'NONE', *, *, #3561, .T. ) ;
#2106 = DIRECTION ( 'NONE',  ( 0.000000000000000000, 0.000000000000000000, -1.000000000000000000 ) ) ;
#2107 = CARTESIAN_POINT ( 'NONE',  ( 50.51471862576141092, 62.00000000000000711, -20.97056274847713908 ) ) ;
#2108 = EDGE_LOOP ( 'NONE', ( #249, #1534, #799, #1209, #2772 ) ) ;
#2109 = CARTESIAN_POINT ( 'NONE',  ( 6.938893903907228378E-15, -56.00000000000000000, 6.000000000000000000 ) ) ;
#2110 = LINE ( 'NONE', #1563, #2859 ) ;
#2111 = CARTESIAN_POINT ( 'NONE',  ( -53.00000000000000000, -6.567167444769341256E-15, -0.000000000000000000 ) ) ;
#2112 = CIRCLE ( 'NONE', #1238, 8.000000000000000000 ) ;
#2113 = VERTEX_POINT ( 'NONE', #2996 ) ;
#2114 = EDGE_LOOP ( 'NONE', ( #2669, #762, #3442, #3166, #2483, #2352, #2435, #262, #3520, #329, #1259, #3148 ) ) ;
#2115 = DIRECTION ( 'NONE',  ( -0.7071067811865711095, 8.659560562355222518E-17, 0.7071067811865240360 ) ) ;
#2116 = VECTOR ( 'NONE', #2023, 1000.000000000000000 ) ;
#2117 = CARTESIAN_POINT ( 'NONE',  ( -53.34314575050759544, -61.00000000000000711, -20.97056274847713908 ) ) ;
#2118 = CIRCLE ( 'NONE', #2936, 2.250000000000001776 ) ;
#2119 = EDGE_LOOP ( 'NONE', ( #1890, #1340, #2010, #3018 ) ) ;
#2120 = EDGE_CURVE ( 'NONE', #2146, #2092, #1602, .T. ) ;
#2121 = LINE ( 'NONE', #3263, #420 ) ;
#2122 = AXIS2_PLACEMENT_3D ( 'NONE', #1153, #1639, #2761 ) ;
#2123 = CARTESIAN_POINT ( 'NONE',  ( -56.74999999999998579, 59.00000000000000000, 24.00000000000000000 ) ) ;
#2124 = CARTESIAN_POINT ( 'NONE',  ( 39.99999999999999289, -56.00000000000000711, 6.000000000000000000 ) ) ;
#2125 = VERTEX_POINT ( 'NONE', #556 ) ;
#2126 = EDGE_CURVE ( 'NONE', #495, #75, #2792, .T. ) ;
#2127 = CARTESIAN_POINT ( 'NONE',  ( -50.51471862576141092, -59.00000000000000711, -4.000000000000000000 ) ) ;
#2128 = CARTESIAN_POINT ( 'NONE',  ( -55.99999999999997868, -39.49999999999997868, 30.00000000000000000 ) ) ;
#2129 = EDGE_CURVE ( 'NONE', #2250, #96, #1672, .T. ) ;
#2130 = ORIENTED_EDGE ( 'NONE', *, *, #2667, .T. ) ;
#2131 = CARTESIAN_POINT ( 'NONE',  ( -39.49999999999999289, 56.75000000000002842, 30.00000000000000000 ) ) ;
#2132 = DIRECTION ( 'NONE',  ( 0.000000000000000000, 1.000000000000000000, 0.000000000000000000 ) ) ;
#2133 = DIRECTION ( 'NONE',  ( -0.000000000000000000, -0.000000000000000000, -1.000000000000000000 ) ) ;
#2134 = ORIENTED_EDGE ( 'NONE', *, *, #2709, .T. ) ;
#2135 = ORIENTED_EDGE ( 'NONE', *, *, #1604, .T. ) ;
#2136 = LINE ( 'NONE', #801, #772 ) ;
#2137 = FACE_OUTER_BOUND ( 'NONE', #1670, .T. ) ;
#2138 = ORIENTED_EDGE ( 'NONE', *, *, #2558, .T. ) ;
#2139 = DIRECTION ( 'NONE',  ( -1.176083712526648949E-16, 1.000000000000000000, 0.000000000000000000 ) ) ;
#2140 = ADVANCED_FACE ( 'NONE', ( #3084 ), #858, .F. ) ;
#2141 = CARTESIAN_POINT ( 'NONE',  ( -56.44999999999993889, 59.00000000000000000, 30.00000000000000000 ) ) ;
#2142 = EDGE_LOOP ( 'NONE', ( #89, #534, #1887, #3172 ) ) ;
#2143 = CARTESIAN_POINT ( 'NONE',  ( 50.25000000000000000, 48.00000000000000000, 5.699999999999987743 ) ) ;
#2144 = EDGE_CURVE ( 'NONE', #965, #3434, #3610, .T. ) ;
#2145 = ADVANCED_FACE ( 'NONE', ( #2537 ), #1383, .T. ) ;
#2146 = VERTEX_POINT ( 'NONE', #3026 ) ;
#2147 = LINE ( 'NONE', #3495, #239 ) ;
#2148 = DIRECTION ( 'NONE',  ( 1.000000000000000000, 1.239088197126290817E-16, -0.000000000000000000 ) ) ;
#2149 =( NAMED_UNIT ( * ) SI_UNIT ( $, .STERADIAN. ) SOLID_ANGLE_UNIT ( ) );
#2150 = ORIENTED_EDGE ( 'NONE', *, *, #984, .T. ) ;
#2151 = DIRECTION ( 'NONE',  ( 1.176083712526648949E-16, -1.000000000000000000, 0.000000000000000000 ) ) ;
#2152 = CARTESIAN_POINT ( 'NONE',  ( 47.99999999999999289, -48.00000000000000000, 3.000000000000000000 ) ) ;
#2153 = VERTEX_POINT ( 'NONE', #3067 ) ;
#2154 = CARTESIAN_POINT ( 'NONE',  ( -39.99999999999999289, 0.000000000000000000, 3.000000000000000000 ) ) ;
#2155 = VECTOR ( 'NONE', #1036, 1000.000000000000000 ) ;
#2156 = DIRECTION ( 'NONE',  ( -0.000000000000000000, -1.000000000000000000, -0.000000000000000000 ) ) ;
#2157 = VERTEX_POINT ( 'NONE', #1402 ) ;
#2158 = VECTOR ( 'NONE', #1984, 1000.000000000000000 ) ;
#2159 = AXIS2_PLACEMENT_3D ( 'NONE', #1446, #2544, #1747 ) ;
#2160 = DIRECTION ( 'NONE',  ( 0.000000000000000000, 0.000000000000000000, -1.000000000000000000 ) ) ;
#2161 = ORIENTED_EDGE ( 'NONE', *, *, #2077, .T. ) ;
#2162 = EDGE_CURVE ( 'NONE', #2916, #469, #1886, .T. ) ;
#2163 = DIRECTION ( 'NONE',  ( -1.000000000000000000, 0.000000000000000000, 0.000000000000000000 ) ) ;
#2164 = CARTESIAN_POINT ( 'NONE',  ( -48.00000000000000000, -48.00000000000000000, 5.699999999999987743 ) ) ;
#2165 = EDGE_CURVE ( 'NONE', #2073, #2252, #2715, .T. ) ;
#2166 = CARTESIAN_POINT ( 'NONE',  ( 55.99999999999999289, 56.00000000000000711, 30.00000000000000000 ) ) ;
#2167 = EDGE_CURVE ( 'NONE', #1213, #999, #1689, .T. ) ;
#2168 = VECTOR ( 'NONE', #1615, 1000.000000000000000 ) ;
#2169 = EDGE_LOOP ( 'NONE', ( #2473, #165, #2479, #93, #1063, #1300, #2058, #1848, #658, #904, #2025, #3129 ) ) ;
#2170 = DIRECTION ( 'NONE',  ( 1.000000000000000000, 3.469446951953619316E-15, 0.000000000000000000 ) ) ;
#2171 = DIRECTION ( 'NONE',  ( 0.000000000000000000, 0.000000000000000000, 1.000000000000000000 ) ) ;
#2172 = CIRCLE ( 'NONE', #2050, 2.250000000000001776 ) ;
#2173 = EDGE_CURVE ( 'NONE', #1279, #417, #2496, .T. ) ;
#2174 = ORIENTED_EDGE ( 'NONE', *, *, #504, .T. ) ;
#2175 = CIRCLE ( 'NONE', #1357, 2.250000000000001776 ) ;
#2176 = DIRECTION ( 'NONE',  ( -0.7071067811865586750, 8.659560562355069676E-17, 0.7071067811865363595 ) ) ;
#2177 = VECTOR ( 'NONE', #2690, 1000.000000000000000 ) ;
#2178 = DIRECTION ( 'NONE',  ( -1.000000000000000000, 0.000000000000000000, 0.000000000000000000 ) ) ;
#2179 = ORIENTED_EDGE ( 'NONE', *, *, #2165, .T. ) ;
#2180 = AXIS2_PLACEMENT_3D ( 'NONE', #1460, #2920, #630 ) ;
#2181 = DIRECTION ( 'NONE',  ( 0.7071067811865453523, 8.316167683706410871E-17, 0.7071067811865497932 ) ) ;
#2182 = VECTOR ( 'NONE', #3102, 1000.000000000000000 ) ;
#2183 = ORIENTED_EDGE ( 'NONE', *, *, #2970, .T. ) ;
#2184 = LINE ( 'NONE', #1326, #714 ) ;
#2185 = CARTESIAN_POINT ( 'NONE',  ( 48.00000000000000000, 48.00000000000000000, 5.699999999999987743 ) ) ;
#2186 = EDGE_CURVE ( 'NONE', #488, #2092, #1135, .T. ) ;
#2187 = ORIENTED_EDGE ( 'NONE', *, *, #3270, .F. ) ;
#2188 = ORIENTED_EDGE ( 'NONE', *, *, #1038, .T. ) ;
#2189 = CARTESIAN_POINT ( 'NONE',  ( 48.00000000000000000, -48.00000000000000000, 6.000000000000000000 ) ) ;
#2190 = LINE ( 'NONE', #2516, #1427 ) ;
#2191 = CARTESIAN_POINT ( 'NONE',  ( 58.99999999999999289, 59.00000000000000000, 30.00000000000000000 ) ) ;
#2192 = EDGE_CURVE ( 'NONE', #2203, #1346, #2190, .T. ) ;
#2193 = ORIENTED_EDGE ( 'NONE', *, *, #2569, .T. ) ;
#2194 = DIRECTION ( 'NONE',  ( 1.000000000000000000, -0.000000000000000000, -0.000000000000000000 ) ) ;
#2195 = FACE_OUTER_BOUND ( 'NONE', #2431, .T. ) ;
#2196 = CIRCLE ( 'NONE', #2486, 2.550000000000052225 ) ;
#2197 = CARTESIAN_POINT ( 'NONE',  ( 58.99999999999997868, 13.25000000000003908, 30.00000000000000000 ) ) ;
#2198 = ORIENTED_EDGE ( 'NONE', *, *, #2856, .T. ) ;
#2199 = CARTESIAN_POINT ( 'NONE',  ( 48.00000000000000000, -48.00000000000000000, 5.699999999999984190 ) ) ;
#2200 = EDGE_LOOP ( 'NONE', ( #1506, #553 ) ) ;
#2201 = CARTESIAN_POINT ( 'NONE',  ( -48.00000000000000000, 48.00000000000000000, 5.699999999999984190 ) ) ;
#2202 = CARTESIAN_POINT ( 'NONE',  ( -39.99999999999999289, -56.00000000000000711, 3.000000000000000000 ) ) ;
#2203 = VERTEX_POINT ( 'NONE', #1616 ) ;
#2204 = VERTEX_POINT ( 'NONE', #1979 ) ;
#2205 = DIRECTION ( 'NONE',  ( -1.000000000000000000, 0.000000000000000000, 0.000000000000000000 ) ) ;
#2206 = EDGE_CURVE ( 'NONE', #740, #1680, #1962, .T. ) ;
#2207 = PLANE ( 'NONE',  #3301 ) ;
#2208 = DIRECTION ( 'NONE',  ( 0.000000000000000000, 0.000000000000000000, 1.000000000000000000 ) ) ;
#2209 = ORIENTED_EDGE ( 'NONE', *, *, #3408, .T. ) ;
#2210 = DIRECTION ( 'NONE',  ( 1.239088197126290817E-16, -1.000000000000000000, 0.000000000000000000 ) ) ;
#2211 = ADVANCED_FACE ( 'NONE', ( #2739 ), #3353, .T. ) ;
#2212 = DIRECTION ( 'NONE',  ( 0.000000000000000000, -1.000000000000000000, -0.000000000000000000 ) ) ;
#2213 = ORIENTED_EDGE ( 'NONE', *, *, #1586, .F. ) ;
#2214 = CARTESIAN_POINT ( 'NONE',  ( -48.00000000000000000, 48.00000000000000000, 5.699999999999984190 ) ) ;
#2215 = DIRECTION ( 'NONE',  ( 0.000000000000000000, 0.000000000000000000, -1.000000000000000000 ) ) ;
#2216 = ORIENTED_EDGE ( 'NONE', *, *, #470, .F. ) ;
#2217 = CIRCLE ( 'NONE', #3396, 2.250000000000001776 ) ;
#2218 = DIRECTION ( 'NONE',  ( 1.176083712526648949E-16, -1.000000000000000000, 0.000000000000000000 ) ) ;
#2219 = AXIS2_PLACEMENT_3D ( 'NONE', #907, #1795, #3406 ) ;
#2220 = CARTESIAN_POINT ( 'NONE',  ( 47.99999999999999289, 40.00000000000000000, 0.000000000000000000 ) ) ;
#2221 = AXIS2_PLACEMENT_3D ( 'NONE', #2214, #1937, #3285 ) ;
#2222 = ORIENTED_EDGE ( 'NONE', *, *, #1898, .T. ) ;
#2223 = ORIENTED_EDGE ( 'NONE', *, *, #1692, .F. ) ;
#2224 = PLANE ( 'NONE',  #1585 ) ;
#2225 = CARTESIAN_POINT ( 'NONE',  ( -48.00000000000000000, -48.00000000000000000, 6.000000000000000000 ) ) ;
#2226 = LINE ( 'NONE', #1691, #225 ) ;
#2227 = AXIS2_PLACEMENT_3D ( 'NONE', #1387, #2264, #1950 ) ;
#2228 = VERTEX_POINT ( 'NONE', #1947 ) ;
#2229 = CARTESIAN_POINT ( 'NONE',  ( -60.99999999999997868, -53.34314575050762386, -20.97056274847713908 ) ) ;
#2230 = CIRCLE ( 'NONE', #1934, 2.999999999999995559 ) ;
#2231 = DIRECTION ( 'NONE',  ( -1.000000000000000000, 0.000000000000000000, 0.000000000000000000 ) ) ;
#2232 = VECTOR ( 'NONE', #2382, 1000.000000000000000 ) ;
#2233 = ADVANCED_FACE ( 'NONE', ( #3313, #2775 ), #1908, .F. ) ;
#2234 = ORIENTED_EDGE ( 'NONE', *, *, #2558, .F. ) ;
#2235 = CIRCLE ( 'NONE', #840, 3.000000000000002665 ) ;
#2236 = CARTESIAN_POINT ( 'NONE',  ( 56.74999999999997868, 15.50000000000004086, 5.999999999999998224 ) ) ;
#2237 = DIRECTION ( 'NONE',  ( -0.000000000000000000, -0.000000000000000000, -1.000000000000000000 ) ) ;
#2238 = ADVANCED_FACE ( 'NONE', ( #1090 ), #2207, .T. ) ;
#2239 = AXIS2_PLACEMENT_3D ( 'NONE', #1079, #579, #824 ) ;
#2240 = VERTEX_POINT ( 'NONE', #2316 ) ;
#2241 = CARTESIAN_POINT ( 'NONE',  ( 50.55000000000002558, 48.00000000000000000, 6.000000000000000000 ) ) ;
#2242 = DIRECTION ( 'NONE',  ( -0.000000000000000000, -0.000000000000000000, -1.000000000000000000 ) ) ;
#2243 = AXIS2_PLACEMENT_3D ( 'NONE', #1003, #2725, #2961 ) ;
#2244 = EDGE_CURVE ( 'NONE', #2547, #795, #2881, .T. ) ;
#2245 = VERTEX_POINT ( 'NONE', #2552 ) ;
#2246 = VERTEX_POINT ( 'NONE', #1760 ) ;
#2247 = CARTESIAN_POINT ( 'NONE',  ( -48.00000000000000000, 48.00000000000000000, 0.000000000000000000 ) ) ;
#2248 = DIRECTION ( 'NONE',  ( 1.000000000000000000, 0.000000000000000000, 0.000000000000000000 ) ) ;
#2249 = DIRECTION ( 'NONE',  ( -0.000000000000000000, -0.000000000000000000, -1.000000000000000000 ) ) ;
#2250 = VERTEX_POINT ( 'NONE', #1508 ) ;
#2251 = CARTESIAN_POINT ( 'NONE',  ( 36.99999999999999289, -48.00000000000000000, 0.000000000000000000 ) ) ;
#2252 = VERTEX_POINT ( 'NONE', #3480 ) ;
#2253 = EDGE_CURVE ( 'NONE', #795, #2335, #116, .T. ) ;
#2254 = DIRECTION ( 'NONE',  ( 0.5773502691896280625, 0.5773502691896245098, -0.5773502691896246208 ) ) ;
#2255 = CARTESIAN_POINT ( 'NONE',  ( 58.99999999999997868, 59.00000000000000711, 30.00000000000000000 ) ) ;
#2256 = EDGE_LOOP ( 'NONE', ( #2294, #1925, #28, #365 ) ) ;
#2257 = EDGE_CURVE ( 'NONE', #2820, #1088, #2624, .T. ) ;
#2258 = CARTESIAN_POINT ( 'NONE',  ( -58.99999999999999289, 59.00000000000000000, 24.00000000000000000 ) ) ;
#2259 = ORIENTED_EDGE ( 'NONE', *, *, #1317, .F. ) ;
#2260 = DIRECTION ( 'NONE',  ( 1.000000000000000000, 0.000000000000000000, 0.000000000000000000 ) ) ;
#2261 = DIRECTION ( 'NONE',  ( -1.000000000000000000, 0.000000000000000000, 0.000000000000000000 ) ) ;
#2262 = LINE ( 'NONE', #1441, #2801 ) ;
#2263 = ORIENTED_EDGE ( 'NONE', *, *, #596, .T. ) ;
#2264 = DIRECTION ( 'NONE',  ( 0.000000000000000000, 0.000000000000000000, 1.000000000000000000 ) ) ;
#2265 = CARTESIAN_POINT ( 'NONE',  ( -55.99999999999997868, -15.49999999999998224, 30.00000000000000000 ) ) ;
#2266 = ORIENTED_EDGE ( 'NONE', *, *, #3250, .T. ) ;
#2267 = DIRECTION ( 'NONE',  ( 0.000000000000000000, 0.000000000000000000, -1.000000000000000000 ) ) ;
#2268 = CARTESIAN_POINT ( 'NONE',  ( -48.00000000000000000, -48.00000000000000000, 5.699999999999987743 ) ) ;
#2269 = EDGE_CURVE ( 'NONE', #3624, #2409, #3458, .T. ) ;
#2270 = VERTEX_POINT ( 'NONE', #3423 ) ;
#2271 = CIRCLE ( 'NONE', #1396, 8.000000000000000000 ) ;
#2272 = FACE_OUTER_BOUND ( 'NONE', #128, .T. ) ;
#2273 = ADVANCED_FACE ( 'NONE', ( #2331 ), #590, .F. ) ;
#2274 = CIRCLE ( 'NONE', #1056, 3.000000000000000000 ) ;
#2275 = EDGE_CURVE ( 'NONE', #121, #691, #899, .T. ) ;
#2276 = ORIENTED_EDGE ( 'NONE', *, *, #2186, .T. ) ;
#2277 = AXIS2_PLACEMENT_3D ( 'NONE', #1501, #1555, #2740 ) ;
#2278 = CARTESIAN_POINT ( 'NONE',  ( 55.99999999999999289, 40.00000000000000000, 3.000000000000000000 ) ) ;
#2279 = CARTESIAN_POINT ( 'NONE',  ( -39.49999999999999289, 56.75000000000002842, 5.999999999999998224 ) ) ;
#2280 = VECTOR ( 'NONE', #3343, 1000.000000000000000 ) ;
#2281 = DIRECTION ( 'NONE',  ( 0.000000000000000000, 0.000000000000000000, 1.000000000000000000 ) ) ;
#2282 = VERTEX_POINT ( 'NONE', #2590 ) ;
#2283 = DIRECTION ( 'NONE',  ( 0.000000000000000000, 0.000000000000000000, 1.000000000000000000 ) ) ;
#2284 = CARTESIAN_POINT ( 'NONE',  ( -39.99999999999999289, -56.00000000000000711, 6.000000000000000000 ) ) ;
#2285 = EDGE_CURVE ( 'NONE', #3220, #3251, #963, .T. ) ;
#2286 = VERTEX_POINT ( 'NONE', #664 ) ;
#2287 = VECTOR ( 'NONE', #2060, 1000.000000000000000 ) ;
#2288 = CARTESIAN_POINT ( 'NONE',  ( 39.99999999999998579, 56.00000000000001421, 1.242640687119283216 ) ) ;
#2289 = AXIS2_PLACEMENT_3D ( 'NONE', #3075, #2854, #603 ) ;
#2290 = CARTESIAN_POINT ( 'NONE',  ( -39.99999999999999289, -48.00000000000000000, 6.000000000000000000 ) ) ;
#2291 = EDGE_LOOP ( 'NONE', ( #1915, #3578, #2376, #3268 ) ) ;
#2292 = VECTOR ( 'NONE', #1789, 1000.000000000000000 ) ;
#2293 = VECTOR ( 'NONE', #2670, 1000.000000000000000 ) ;
#2294 = ORIENTED_EDGE ( 'NONE', *, *, #1324, .F. ) ;
#2295 = DIRECTION ( 'NONE',  ( 0.7071067811865496822, -0.7071067811865453523, 0.000000000000000000 ) ) ;
#2296 = AXIS2_PLACEMENT_3D ( 'NONE', #927, #652, #1766 ) ;
#2297 = CARTESIAN_POINT ( 'NONE',  ( 58.99999999999997868, 59.00000000000000711, 30.00000000000000000 ) ) ;
#2298 = FACE_OUTER_BOUND ( 'NONE', #208, .T. ) ;
#2299 = EDGE_CURVE ( 'NONE', #2153, #1697, #370, .T. ) ;
#2300 = VECTOR ( 'NONE', #1721, 1000.000000000000000 ) ;
#2301 = VERTEX_POINT ( 'NONE', #1163 ) ;
#2302 = CARTESIAN_POINT ( 'NONE',  ( -54.75735931288069480, -38.75735931288070901, 3.228216686206738306E-16 ) ) ;
#2303 = CARTESIAN_POINT ( 'NONE',  ( 58.99999999999999289, -59.00000000000000000, 24.00000000000000000 ) ) ;
#2304 = ADVANCED_FACE ( 'NONE', ( #315 ), #1440, .T. ) ;
#2305 = ADVANCED_FACE ( 'NONE', ( #3440 ), #80, .F. ) ;
#2306 = ORIENTED_EDGE ( 'NONE', *, *, #3327, .T. ) ;
#2307 = EDGE_CURVE ( 'NONE', #622, #67, #1215, .T. ) ;
#2308 = PLANE ( 'NONE',  #1128 ) ;
#2309 = DIRECTION ( 'NONE',  ( -1.000000000000000000, 0.000000000000000000, 0.000000000000000000 ) ) ;
#2310 = DIRECTION ( 'NONE',  ( -1.000000000000000000, 0.000000000000000000, 0.000000000000000000 ) ) ;
#2311 = ORIENTED_EDGE ( 'NONE', *, *, #113, .T. ) ;
#2312 = ORIENTED_EDGE ( 'NONE', *, *, #1586, .T. ) ;
#2313 = PLANE ( 'NONE',  #879 ) ;
#2314 = ORIENTED_EDGE ( 'NONE', *, *, #2774, .F. ) ;
#2315 = CARTESIAN_POINT ( 'NONE',  ( 56.00000000000000711, 15.50000000000004086, 5.999999999999998224 ) ) ;
#2316 = CARTESIAN_POINT ( 'NONE',  ( -41.74999999999995026, 59.00000000000000711, 30.00000000000000000 ) ) ;
#2317 = FACE_OUTER_BOUND ( 'NONE', #1263, .T. ) ;
#2318 = ORIENTED_EDGE ( 'NONE', *, *, #621, .T. ) ;
#2319 = LINE ( 'NONE', #1765, #1412 ) ;
#2320 = CARTESIAN_POINT ( 'NONE',  ( 15.50000000000000711, -59.00000000000001421, 5.999999999999998224 ) ) ;
#2321 = ORIENTED_EDGE ( 'NONE', *, *, #2275, .T. ) ;
#2322 =( BOUNDED_CURVE ( )  B_SPLINE_CURVE ( 3, ( #2784, #3057, #342, #3637 ),
 .UNSPECIFIED., .F., .F. ) 
 B_SPLINE_CURVE_WITH_KNOTS ( ( 4, 4 ),
 ( 1.570796326794896558, 3.141592653589793116 ),
 .UNSPECIFIED. ) 
 CURVE ( )  GEOMETRIC_REPRESENTATION_ITEM ( )  RATIONAL_B_SPLINE_CURVE ( ( 1.000000000000000000, 0.8047378541243649375, 0.8047378541243649375, 1.000000000000000000 ) ) 
 REPRESENTATION_ITEM ( '' )  );
#2323 = EDGE_CURVE ( 'NONE', #407, #438, #3245, .T. ) ;
#2324 = DIRECTION ( 'NONE',  ( -0.5773502691896262862, 0.5773502691896280625, -0.5773502691896228445 ) ) ;
#2325 = FACE_OUTER_BOUND ( 'NONE', #2706, .T. ) ;
#2326 = CARTESIAN_POINT ( 'NONE',  ( 61.24999999999999289, 59.00000000000000000, 24.00000000000000000 ) ) ;
#2327 = ORIENTED_EDGE ( 'NONE', *, *, #485, .F. ) ;
#2328 = ORIENTED_EDGE ( 'NONE', *, *, #1002, .F. ) ;
#2329 = DIRECTION ( 'NONE',  ( 0.000000000000000000, -0.000000000000000000, -1.000000000000000000 ) ) ;
#2330 = ORIENTED_EDGE ( 'NONE', *, *, #403, .F. ) ;
#2331 = FACE_OUTER_BOUND ( 'NONE', #1389, .T. ) ;
#2332 = CARTESIAN_POINT ( 'NONE',  ( -55.99999999999997868, -15.49999999999998224, 5.999999999999998224 ) ) ;
#2333 = CIRCLE ( 'NONE', #169, 5.999999999999998224 ) ;
#2334 = CONICAL_SURFACE ( 'NONE', #935, 2.550000000000010481, 0.7853981633974352894 ) ;
#2335 = VERTEX_POINT ( 'NONE', #1180 ) ;
#2336 = CARTESIAN_POINT ( 'NONE',  ( 52.99999999999999289, 37.00000000000000000, 0.000000000000000000 ) ) ;
#2337 = AXIS2_PLACEMENT_3D ( 'NONE', #434, #713, #1830 ) ;
#2338 = VECTOR ( 'NONE', #3304, 1000.000000000000000 ) ;
#2339 = PLANE ( 'NONE',  #2180 ) ;
#2340 = CIRCLE ( 'NONE', #761, 5.999999999999998224 ) ;
#2341 = ORIENTED_EDGE ( 'NONE', *, *, #3201, .F. ) ;
#2342 = CARTESIAN_POINT ( 'NONE',  ( 48.00000000000000000, -48.00000000000000000, 5.699999999999984190 ) ) ;
#2343 = DIRECTION ( 'NONE',  ( -1.000000000000000000, 0.000000000000000000, 0.000000000000000000 ) ) ;
#2344 = EDGE_CURVE ( 'NONE', #75, #1664, #1492, .T. ) ;
#2345 = CARTESIAN_POINT ( 'NONE',  ( -45.75000000000000000, -48.00000000000000000, 6.000000000000000000 ) ) ;
#2346 = VERTEX_POINT ( 'NONE', #3139 ) ;
#2347 = VERTEX_POINT ( 'NONE', #923 ) ;
#2348 = CIRCLE ( 'NONE', #235, 2.250000000000001776 ) ;
#2349 = CARTESIAN_POINT ( 'NONE',  ( -36.99999999999999289, -48.00000000000000000, 3.000000000000000000 ) ) ;
#2350 = EDGE_CURVE ( 'NONE', #3065, #975, #1737, .T. ) ;
#2351 = AXIS2_PLACEMENT_3D ( 'NONE', #2084, #415, #2104 ) ;
#2352 = ORIENTED_EDGE ( 'NONE', *, *, #1868, .T. ) ;
#2353 = DIRECTION ( 'NONE',  ( -1.000000000000000000, 0.000000000000000000, 0.000000000000000000 ) ) ;
#2354 = CARTESIAN_POINT ( 'NONE',  ( 36.99999999999999289, -48.00000000000000000, 3.000000000000000000 ) ) ;
#2355 = LINE ( 'NONE', #1199, #49 ) ;
#2356 = EDGE_LOOP ( 'NONE', ( #1119, #173, #1640, #3562 ) ) ;
#2357 = CIRCLE ( 'NONE', #3054, 2.549999999999996714 ) ;
#2358 = CARTESIAN_POINT ( 'NONE',  ( 50.25000000000000000, -48.00000000000000000, 5.699999999999984190 ) ) ;
#2359 = CARTESIAN_POINT ( 'NONE',  ( 62.00000000000000711, 50.51471862576143934, -20.97056274847713908 ) ) ;
#2360 = AXIS2_PLACEMENT_3D ( 'NONE', #802, #1634, #244 ) ;
#2361 = VERTEX_POINT ( 'NONE', #2606 ) ;
#2362 = FACE_OUTER_BOUND ( 'NONE', #23, .T. ) ;
#2363 = CARTESIAN_POINT ( 'NONE',  ( 39.50000000000000711, -56.00000000000000711, 5.999999999999998224 ) ) ;
#2364 = LINE ( 'NONE', #3228, #592 ) ;
#2365 = VERTEX_POINT ( 'NONE', #351 ) ;
#2366 = CARTESIAN_POINT ( 'NONE',  ( 48.00000000000000000, 48.00000000000000000, 6.000000000000000000 ) ) ;
#2367 = EDGE_CURVE ( 'NONE', #2688, #2405, #1472, .T. ) ;
#2368 = CARTESIAN_POINT ( 'NONE',  ( -50.25000000000000000, -48.00000000000000000, 6.000000000000000000 ) ) ;
#2369 = EDGE_LOOP ( 'NONE', ( #491, #1897, #1457, #2213 ) ) ;
#2370 = EDGE_CURVE ( 'NONE', #1000, #795, #3271, .T. ) ;
#2371 = CARTESIAN_POINT ( 'NONE',  ( -36.99999999999999289, -53.00000000000000000, 0.000000000000000000 ) ) ;
#2372 = DIRECTION ( 'NONE',  ( -1.000000000000000000, -1.239088197126290817E-16, 0.000000000000000000 ) ) ;
#2373 = DIRECTION ( 'NONE',  ( 0.000000000000000000, -0.000000000000000000, -1.000000000000000000 ) ) ;
#2374 = ORIENTED_EDGE ( 'NONE', *, *, #1141, .F. ) ;
#2375 = ADVANCED_FACE ( 'NONE', ( #1598 ), #204, .F. ) ;
#2376 = ORIENTED_EDGE ( 'NONE', *, *, #237, .T. ) ;
#2377 = CARTESIAN_POINT ( 'NONE',  ( -38.75735931288070901, -54.75735931288072322, -3.228216686206738306E-16 ) ) ;
#2378 = CARTESIAN_POINT ( 'NONE',  ( 47.99999999999999289, -48.00000000000000000, 6.000000000000000000 ) ) ;
#2379 = ORIENTED_EDGE ( 'NONE', *, *, #2777, .F. ) ;
#2380 = DIRECTION ( 'NONE',  ( -0.000000000000000000, -0.000000000000000000, -1.000000000000000000 ) ) ;
#2381 = DIRECTION ( 'NONE',  ( -1.000000000000000000, 0.000000000000000000, 0.000000000000000000 ) ) ;
#2382 = DIRECTION ( 'NONE',  ( -0.000000000000000000, -0.000000000000000000, 1.000000000000000000 ) ) ;
#2383 = ORIENTED_EDGE ( 'NONE', *, *, #2002, .F. ) ;
#2384 = LINE ( 'NONE', #3509, #2977 ) ;
#2385 = ORIENTED_EDGE ( 'NONE', *, *, #1371, .T. ) ;
#2386 = DIRECTION ( 'NONE',  ( 1.000000000000000000, 0.000000000000000000, 0.000000000000000000 ) ) ;
#2387 = CARTESIAN_POINT ( 'NONE',  ( -58.99999999999998579, -13.24999999999997691, -4.000000000000000000 ) ) ;
#2388 = DIRECTION ( 'NONE',  ( 0.000000000000000000, 0.000000000000000000, -1.000000000000000000 ) ) ;
#2389 = EDGE_CURVE ( 'NONE', #2534, #3265, #1327, .T. ) ;
#2390 = ORIENTED_EDGE ( 'NONE', *, *, #3387, .F. ) ;
#2391 = LINE ( 'NONE', #1566, #1005 ) ;
#2392 = DIRECTION ( 'NONE',  ( 0.000000000000000000, 0.000000000000000000, 1.000000000000000000 ) ) ;
#2393 = CIRCLE ( 'NONE', #2507, 3.000000000000000000 ) ;
#2394 = ADVANCED_FACE ( 'NONE', ( #1834 ), #2679, .T. ) ;
#2395 = VECTOR ( 'NONE', #2475, 1000.000000000000000 ) ;
#2396 = ORIENTED_EDGE ( 'NONE', *, *, #18, .F. ) ;
#2397 = CARTESIAN_POINT ( 'NONE',  ( 47.99999999999999289, -40.00000000000000000, 3.000000000000000000 ) ) ;
#2398 = EDGE_CURVE ( 'NONE', #1346, #1333, #1800, .T. ) ;
#2399 = CARTESIAN_POINT ( 'NONE',  ( -53.34314575050759544, -61.00000000000000711, 30.00000000000000000 ) ) ;
#2400 = AXIS2_PLACEMENT_3D ( 'NONE', #2732, #1338, #3019 ) ;
#2401 = CARTESIAN_POINT ( 'NONE',  ( -60.99999999999997868, -53.34314575050762386, -4.000000000000000000 ) ) ;
#2402 = EDGE_LOOP ( 'NONE', ( #479, #2318, #1154, #2054 ) ) ;
#2403 = CARTESIAN_POINT ( 'NONE',  ( -61.99999999999997868, -50.51471862576143934, -4.000000000000000000 ) ) ;
#2404 = AXIS2_PLACEMENT_3D ( 'NONE', #3358, #2555, #1966 ) ;
#2405 = VERTEX_POINT ( 'NONE', #996 ) ;
#2406 = DIRECTION ( 'NONE',  ( 1.000000000000000000, 1.239088197126290817E-16, 0.000000000000000000 ) ) ;
#2407 = DIRECTION ( 'NONE',  ( -0.000000000000000000, -0.000000000000000000, 1.000000000000000000 ) ) ;
#2408 = CARTESIAN_POINT ( 'NONE',  ( 50.51471862576141092, 62.00000000000000711, -4.000000000000000000 ) ) ;
#2409 = VERTEX_POINT ( 'NONE', #1813 ) ;
#2410 = ORIENTED_EDGE ( 'NONE', *, *, #2367, .T. ) ;
#2411 = DIRECTION ( 'NONE',  ( 0.7071067811865546782, 0.000000000000000000, 0.7071067811865403563 ) ) ;
#2412 = CIRCLE ( 'NONE', #299, 2.549999999999996714 ) ;
#2413 = EDGE_CURVE ( 'NONE', #2252, #3600, #167, .T. ) ;
#2414 = DIRECTION ( 'NONE',  ( -0.000000000000000000, -0.000000000000000000, 1.000000000000000000 ) ) ;
#2415 = AXIS2_PLACEMENT_3D ( 'NONE', #3038, #2721, #2439 ) ;
#2416 = ORIENTED_EDGE ( 'NONE', *, *, #1046, .F. ) ;
#2417 = EDGE_CURVE ( 'NONE', #1417, #121, #976, .T. ) ;
#2418 = DIRECTION ( 'NONE',  ( -0.7071067811865464625, 0.7071067811865486830, 0.000000000000000000 ) ) ;
#2419 = CIRCLE ( 'NONE', #2243, 3.000000000000002665 ) ;
#2420 = CARTESIAN_POINT ( 'NONE',  ( 6.674275068588731150E-15, -56.74999999999997868, 5.999999999999998224 ) ) ;
#2421 = ORIENTED_EDGE ( 'NONE', *, *, #3484, .F. ) ;
#2422 = CARTESIAN_POINT ( 'NONE',  ( 48.00000000000000000, -48.00000000000000000, 6.000000000000000000 ) ) ;
#2423 = CYLINDRICAL_SURFACE ( 'NONE', #640, 3.000000000000000000 ) ;
#2424 = ORIENTED_EDGE ( 'NONE', *, *, #3365, .T. ) ;
#2425 = CARTESIAN_POINT ( 'NONE',  ( 0.000000000000000000, 40.00000000000000000, 6.000000000000000000 ) ) ;
#2426 = DIRECTION ( 'NONE',  ( 0.000000000000000000, 0.000000000000000000, -1.000000000000000000 ) ) ;
#2427 = DIRECTION ( 'NONE',  ( 0.000000000000000000, 0.000000000000000000, 1.000000000000000000 ) ) ;
#2428 = EDGE_LOOP ( 'NONE', ( #19, #3033, #3385, #874, #212, #2410, #2937, #1801, #1321, #3503, #100, #660 ) ) ;
#2429 = FACE_OUTER_BOUND ( 'NONE', #3317, .T. ) ;
#2430 = CARTESIAN_POINT ( 'NONE',  ( -45.44999999999997442, -48.00000000000000000, 6.000000000000000000 ) ) ;
#2431 = EDGE_LOOP ( 'NONE', ( #1073, #1393, #1883, #1983 ) ) ;
#2432 = CARTESIAN_POINT ( 'NONE',  ( -15.49999999999998934, 56.00000000000000711, 5.999999999999998224 ) ) ;
#2433 = CARTESIAN_POINT ( 'NONE',  ( -55.99999999999997868, -39.49999999999997868, 5.999999999999998224 ) ) ;
#2434 = ADVANCED_FACE ( 'NONE', ( #2644 ), #3564, .T. ) ;
#2435 = ORIENTED_EDGE ( 'NONE', *, *, #3383, .F. ) ;
#2436 = ADVANCED_FACE ( 'NONE', ( #1273 ), #2687, .F. ) ;
#2437 = CARTESIAN_POINT ( 'NONE',  ( -55.99999999999999289, 40.00000000000000000, 3.000000000000000000 ) ) ;
#2438 = ORIENTED_EDGE ( 'NONE', *, *, #2836, .T. ) ;
#2439 = DIRECTION ( 'NONE',  ( 1.000000000000000000, 0.000000000000000000, 0.000000000000000000 ) ) ;
#2440 = DIRECTION ( 'NONE',  ( -1.000000000000000000, -0.000000000000000000, -0.000000000000000000 ) ) ;
#2441 = EDGE_CURVE ( 'NONE', #2962, #2746, #136, .T. ) ;
#2442 = ORIENTED_EDGE ( 'NONE', *, *, #1845, .T. ) ;
#2443 = CARTESIAN_POINT ( 'NONE',  ( 58.99999999999997868, 59.00000000000000711, 30.00000000000000000 ) ) ;
#2444 = CARTESIAN_POINT ( 'NONE',  ( 61.55000000000003979, -59.00000000000000000, 30.00000000000000000 ) ) ;
#2445 = ORIENTED_EDGE ( 'NONE', *, *, #2958, .T. ) ;
#2446 = DIRECTION ( 'NONE',  ( 1.000000000000000000, -0.000000000000000000, -0.000000000000000000 ) ) ;
#2447 = CIRCLE ( 'NONE', #337, 5.999999999999998224 ) ;
#2448 = AXIS2_PLACEMENT_3D ( 'NONE', #2164, #2806, #3641 ) ;
#2449 = DIRECTION ( 'NONE',  ( 1.000000000000000000, 1.176083712526648949E-16, 0.000000000000000000 ) ) ;
#2450 = ORIENTED_EDGE ( 'NONE', *, *, #2417, .T. ) ;
#2451 = AXIS2_PLACEMENT_3D ( 'NONE', #2890, #970, #2083 ) ;
#2452 = CIRCLE ( 'NONE', #3221, 2.550000000000010481 ) ;
#2453 = EDGE_CURVE ( 'NONE', #2771, #2113, #405, .T. ) ;
#2454 = CARTESIAN_POINT ( 'NONE',  ( 61.00000000000000711, -53.34314575050763807, 30.00000000000000000 ) ) ;
#2455 = ORIENTED_EDGE ( 'NONE', *, *, #1964, .F. ) ;
#2456 = PLANE ( 'NONE',  #3533 ) ;
#2457 = EDGE_CURVE ( 'NONE', #1233, #1271, #2110, .T. ) ;
#2458 = CARTESIAN_POINT ( 'NONE',  ( 50.51471862576140381, -61.99999999999999289, 30.00000000000000000 ) ) ;
#2459 = EDGE_LOOP ( 'NONE', ( #3293, #392, #388, #410 ) ) ;
#2460 = ORIENTED_EDGE ( 'NONE', *, *, #1392, .F. ) ;
#2461 = PLANE ( 'NONE',  #1414 ) ;
#2462 = DIRECTION ( 'NONE',  ( 0.5773502691896281735, -0.5773502691896246208, -0.5773502691896245098 ) ) ;
#2463 = DIRECTION ( 'NONE',  ( 0.000000000000000000, 0.000000000000000000, -1.000000000000000000 ) ) ;
#2464 = CIRCLE ( 'NONE', #1879, 2.250000000000001776 ) ;
#2465 = ORIENTED_EDGE ( 'NONE', *, *, #2120, .F. ) ;
#2466 = AXIS2_PLACEMENT_3D ( 'NONE', #2729, #2745, #210 ) ;
#2467 = LINE ( 'NONE', #1318, #3239 ) ;
#2468 = AXIS2_PLACEMENT_3D ( 'NONE', #1085, #2851, #617 ) ;
#2469 = DIRECTION ( 'NONE',  ( 0.000000000000000000, 0.000000000000000000, 1.000000000000000000 ) ) ;
#2470 = ORIENTED_EDGE ( 'NONE', *, *, #943, .T. ) ;
#2471 = VECTOR ( 'NONE', #2446, 1000.000000000000000 ) ;
#2472 = CARTESIAN_POINT ( 'NONE',  ( 55.99999999999999289, 56.00000000000000711, 30.00000000000000000 ) ) ;
#2473 = ORIENTED_EDGE ( 'NONE', *, *, #978, .T. ) ;
#2474 = DIRECTION ( 'NONE',  ( -0.000000000000000000, -0.000000000000000000, 1.000000000000000000 ) ) ;
#2475 = DIRECTION ( 'NONE',  ( -0.000000000000000000, -0.000000000000000000, 1.000000000000000000 ) ) ;
#2476 = PRODUCT_CONTEXT ( 'NONE', #1854, 'mechanical' ) ;
#2477 = ORIENTED_EDGE ( 'NONE', *, *, #730, .T. ) ;
#2478 = EDGE_CURVE ( 'NONE', #3059, #2282, #2217, .T. ) ;
#2479 = ORIENTED_EDGE ( 'NONE', *, *, #246, .F. ) ;
#2480 = CYLINDRICAL_SURFACE ( 'NONE', #63, 5.999999999999998224 ) ;
#2481 = DIRECTION ( 'NONE',  ( -1.000000000000000000, 0.000000000000000000, 0.000000000000000000 ) ) ;
#2482 = LINE ( 'NONE', #1091, #2979 ) ;
#2483 = ORIENTED_EDGE ( 'NONE', *, *, #2370, .F. ) ;
#2484 = LINE ( 'NONE', #10, #1978 ) ;
#2485 = DIRECTION ( 'NONE',  ( 0.000000000000000000, -1.000000000000000000, 0.000000000000000000 ) ) ;
#2486 = AXIS2_PLACEMENT_3D ( 'NONE', #758, #1852, #3565 ) ;
#2487 = ORIENTED_EDGE ( 'NONE', *, *, #2167, .F. ) ;
#2488 = CARTESIAN_POINT ( 'NONE',  ( -48.00000000000000000, -48.00000000000000000, 0.000000000000000000 ) ) ;
#2489 = CARTESIAN_POINT ( 'NONE',  ( 48.00000000000000000, -48.00000000000000000, 0.000000000000000000 ) ) ;
#2490 = VERTEX_POINT ( 'NONE', #3550 ) ;
#2491 = CARTESIAN_POINT ( 'NONE',  ( 59.00000000000000711, 39.50000000000004263, 5.999999999999998224 ) ) ;
#2492 = CARTESIAN_POINT ( 'NONE',  ( -48.00000000000000000, -48.00000000000000000, 0.000000000000000000 ) ) ;
#2493 = ORIENTED_EDGE ( 'NONE', *, *, #3473, .F. ) ;
#2494 = ORIENTED_EDGE ( 'NONE', *, *, #2042, .F. ) ;
#2495 = DIRECTION ( 'NONE',  ( -1.000000000000000000, 0.000000000000000000, 0.000000000000000000 ) ) ;
#2496 = LINE ( 'NONE', #3388, #3058 ) ;
#2497 = CARTESIAN_POINT ( 'NONE',  ( -48.00000000000000000, -48.00000000000000000, 6.000000000000000000 ) ) ;
#2498 = EDGE_CURVE ( 'NONE', #3143, #3482, #1311, .T. ) ;
#2499 = ORIENTED_EDGE ( 'NONE', *, *, #2413, .T. ) ;
#2500 = DIRECTION ( 'NONE',  ( 1.000000000000000000, -0.000000000000000000, -0.000000000000000000 ) ) ;
#2501 = PLANE ( 'NONE',  #2122 ) ;
#2502 = EDGE_CURVE ( 'NONE', #1124, #2633, #2333, .T. ) ;
#2503 = VERTEX_POINT ( 'NONE', #1547 ) ;
#2504 = EDGE_CURVE ( 'NONE', #407, #826, #1018, .T. ) ;
#2505 = DIRECTION ( 'NONE',  ( 1.176083712526648949E-16, -1.000000000000000000, 0.000000000000000000 ) ) ;
#2506 = VECTOR ( 'NONE', #20, 1000.000000000000000 ) ;
#2507 = AXIS2_PLACEMENT_3D ( 'NONE', #1216, #333, #1473 ) ;
#2508 = DIRECTION ( 'NONE',  ( -1.000000000000000000, 0.000000000000000000, 0.000000000000000000 ) ) ;
#2509 = VECTOR ( 'NONE', #2210, 1000.000000000000000 ) ;
#2510 = ORIENTED_EDGE ( 'NONE', *, *, #1779, .F. ) ;
#2511 = CARTESIAN_POINT ( 'NONE',  ( 56.74999999999998579, -59.00000000000000000, 29.69999999999997087 ) ) ;
#2512 = CARTESIAN_POINT ( 'NONE',  ( 45.44999999999998863, -48.00000000000000000, 6.000000000000000000 ) ) ;
#2513 = EDGE_LOOP ( 'NONE', ( #499, #1034, #1674, #1499 ) ) ;
#2514 = ORIENTED_EDGE ( 'NONE', *, *, #2731, .T. ) ;
#2515 = LINE ( 'NONE', #4, #1815 ) ;
#2516 = CARTESIAN_POINT ( 'NONE',  ( 61.24999999999999289, -59.00000000000000000, 24.00000000000000000 ) ) ;
#2517 = LINE ( 'NONE', #2793, #1802 ) ;
#2518 = AXIS2_PLACEMENT_3D ( 'NONE', #2834, #861, #1116 ) ;
#2519 = ORIENTED_EDGE ( 'NONE', *, *, #2323, .T. ) ;
#2520 = DIRECTION ( 'NONE',  ( -1.000000000000000000, 0.000000000000000000, 0.000000000000000000 ) ) ;
#2521 = EDGE_CURVE ( 'NONE', #3310, #1958, #738, .T. ) ;
#2522 = CIRCLE ( 'NONE', #587, 3.000000000000002665 ) ;
#2523 = LINE ( 'NONE', #2818, #655 ) ;
#2524 = VECTOR ( 'NONE', #422, 1000.000000000000000 ) ;
#2525 = ORIENTED_EDGE ( 'NONE', *, *, #193, .F. ) ;
#2526 = ADVANCED_FACE ( 'NONE', ( #2701 ), #3217, .F. ) ;
#2527 = AXIS2_PLACEMENT_3D ( 'NONE', #439, #2678, #697 ) ;
#2528 = CARTESIAN_POINT ( 'NONE',  ( 45.75000000000000000, 48.00000000000000000, 0.000000000000000000 ) ) ;
#2529 = CARTESIAN_POINT ( 'NONE',  ( 59.00000000000000711, 59.00000000000000711, 3.750000000000051958 ) ) ;
#2530 = AXIS2_PLACEMENT_3D ( 'NONE', #3554, #1262, #3244 ) ;
#2531 = VERTEX_POINT ( 'NONE', #1628 ) ;
#2532 = CARTESIAN_POINT ( 'NONE',  ( 55.99999999999999289, -40.00000000000000000, 6.000000000000000000 ) ) ;
#2533 = AXIS2_PLACEMENT_3D ( 'NONE', #1278, #1332, #3538 ) ;
#2534 = VERTEX_POINT ( 'NONE', #292 ) ;
#2535 = ORIENTED_EDGE ( 'NONE', *, *, #3061, .T. ) ;
#2536 = CARTESIAN_POINT ( 'NONE',  ( -61.99999999999999289, 50.51471862576143934, -4.000000000000000000 ) ) ;
#2537 = FACE_OUTER_BOUND ( 'NONE', #2169, .T. ) ;
#2538 = PLANE ( 'NONE',  #171 ) ;
#2539 = ORIENTED_EDGE ( 'NONE', *, *, #126, .F. ) ;
#2540 = CARTESIAN_POINT ( 'NONE',  ( 59.00000000000001421, 15.50000000000004086, 30.00000000000000000 ) ) ;
#2541 = DIRECTION ( 'NONE',  ( -1.000000000000000000, 0.000000000000000000, 0.000000000000000000 ) ) ;
#2542 = EDGE_CURVE ( 'NONE', #1697, #1279, #797, .T. ) ;
#2543 = ORIENTED_EDGE ( 'NONE', *, *, #2918, .F. ) ;
#2544 = DIRECTION ( 'NONE',  ( -0.000000000000000000, -0.000000000000000000, 1.000000000000000000 ) ) ;
#2545 = EDGE_CURVE ( 'NONE', #178, #327, #1419, .T. ) ;
#2546 = DIRECTION ( 'NONE',  ( 0.000000000000000000, -0.000000000000000000, -1.000000000000000000 ) ) ;
#2547 = VERTEX_POINT ( 'NONE', #2532 ) ;
#2548 = DIRECTION ( 'NONE',  ( 0.000000000000000000, 0.000000000000000000, 1.000000000000000000 ) ) ;
#2549 = EDGE_LOOP ( 'NONE', ( #3258, #2276 ) ) ;
#2550 = LINE ( 'NONE', #1491, #1877 ) ;
#2551 = EDGE_CURVE ( 'NONE', #1428, #3220, #1054, .T. ) ;
#2552 = CARTESIAN_POINT ( 'NONE',  ( 47.99999999999999289, -40.00000000000000000, 6.000000000000000000 ) ) ;
#2553 = DIRECTION ( 'NONE',  ( 0.000000000000000000, -1.000000000000000000, 0.000000000000000000 ) ) ;
#2554 = ORIENTED_EDGE ( 'NONE', *, *, #2206, .F. ) ;
#2555 = DIRECTION ( 'NONE',  ( -0.000000000000000000, 0.000000000000000000, 1.000000000000000000 ) ) ;
#2556 =( BOUNDED_CURVE ( )  B_SPLINE_CURVE ( 3, ( #1358, #1918, #3035, #525 ),
 .UNSPECIFIED., .F., .T. ) 
 B_SPLINE_CURVE_WITH_KNOTS ( ( 4, 4 ),
 ( 4.712388980384689674, 6.283185307179586232 ),
 .UNSPECIFIED. ) 
 CURVE ( )  GEOMETRIC_REPRESENTATION_ITEM ( )  RATIONAL_B_SPLINE_CURVE ( ( 1.000000000000000000, 0.8047378541243649375, 0.8047378541243649375, 1.000000000000000000 ) ) 
 REPRESENTATION_ITEM ( '' )  );
#2557 = CARTESIAN_POINT ( 'NONE',  ( 55.99999999999999289, 56.00000000000000711, 30.00000000000000000 ) ) ;
#2558 = EDGE_CURVE ( 'NONE', #1417, #2157, #3192, .T. ) ;
#2559 = EDGE_LOOP ( 'NONE', ( #3321, #3210, #2234, #300 ) ) ;
#2560 = DIRECTION ( 'NONE',  ( -0.000000000000000000, 0.000000000000000000, -1.000000000000000000 ) ) ;
#2561 = DIRECTION ( 'NONE',  ( 0.000000000000000000, 0.000000000000000000, 1.000000000000000000 ) ) ;
#2562 = ORIENTED_EDGE ( 'NONE', *, *, #3632, .T. ) ;
#2563 = ADVANCED_FACE ( 'NONE', ( #1903 ), #3031, .F. ) ;
#2564 = DIRECTION ( 'NONE',  ( 0.000000000000000000, 0.000000000000000000, 1.000000000000000000 ) ) ;
#2565 = CONICAL_SURFACE ( 'NONE', #818, 2.250000000000001776, 0.7853981633974583820 ) ;
#2566 = ORIENTED_EDGE ( 'NONE', *, *, #2398, .F. ) ;
#2567 = AXIS2_PLACEMENT_3D ( 'NONE', #3187, #1805, #2924 ) ;
#2568 = PLANE ( 'NONE',  #1355 ) ;
#2569 = EDGE_CURVE ( 'NONE', #1710, #1596, #3605, .T. ) ;
#2570 = DIRECTION ( 'NONE',  ( -0.000000000000000000, 1.000000000000000000, -0.000000000000000000 ) ) ;
#2571 = VECTOR ( 'NONE', #1559, 1000.000000000000000 ) ;
#2572 = CARTESIAN_POINT ( 'NONE',  ( -56.74999999999998579, 59.00000000000000000, 29.69999999999997087 ) ) ;
#2573 = ORIENTED_EDGE ( 'NONE', *, *, #3499, .T. ) ;
#2574 = LINE ( 'NONE', #3107, #518 ) ;
#2575 = CARTESIAN_POINT ( 'NONE',  ( -47.99999999999999289, 48.00000000000000000, 6.000000000000000000 ) ) ;
#2576 = VERTEX_POINT ( 'NONE', #2512 ) ;
#2577 = EDGE_CURVE ( 'NONE', #638, #311, #3022, .T. ) ;
#2578 = DIRECTION ( 'NONE',  ( 0.000000000000000000, 0.000000000000000000, 1.000000000000000000 ) ) ;
#2579 = DIRECTION ( 'NONE',  ( -1.000000000000000000, 0.000000000000000000, 0.000000000000000000 ) ) ;
#2580 = AXIS2_PLACEMENT_3D ( 'NONE', #369, #620, #850 ) ;
#2581 = CARTESIAN_POINT ( 'NONE',  ( 58.99999999999999289, 59.00000000000000000, 29.70000000000000995 ) ) ;
#2582 = EDGE_LOOP ( 'NONE', ( #2460, #562, #1792, #1438 ) ) ;
#2583 = VECTOR ( 'NONE', #1354, 1000.000000000000000 ) ;
#2584 = DIRECTION ( 'NONE',  ( 0.000000000000000000, 1.000000000000000000, 0.000000000000000000 ) ) ;
#2585 = VECTOR ( 'NONE', #1068, 1000.000000000000000 ) ;
#2586 = EDGE_CURVE ( 'NONE', #2576, #576, #399, .T. ) ;
#2587 = ORIENTED_EDGE ( 'NONE', *, *, #3341, .F. ) ;
#2588 = DIRECTION ( 'NONE',  ( -1.239088197126290817E-16, 1.000000000000000000, 0.000000000000000000 ) ) ;
#2589 = AXIS2_PLACEMENT_3D ( 'NONE', #876, #1373, #2835 ) ;
#2590 = CARTESIAN_POINT ( 'NONE',  ( 50.25000000000000000, 48.00000000000000000, 0.000000000000000000 ) ) ;
#2591 = CARTESIAN_POINT ( 'NONE',  ( 39.99999999999999289, -48.00000000000000000, 6.000000000000000000 ) ) ;
#2592 = EDGE_CURVE ( 'NONE', #2908, #3005, #3337, .T. ) ;
#2593 = AXIS2_PLACEMENT_3D ( 'NONE', #274, #222, #3592 ) ;
#2594 = ORIENTED_EDGE ( 'NONE', *, *, #1729, .F. ) ;
#2595 = CARTESIAN_POINT ( 'NONE',  ( -58.99999999999997868, -13.24999999999994849, 30.00000000000000000 ) ) ;
#2596 = DIRECTION ( 'NONE',  ( 1.000000000000000000, 0.000000000000000000, 0.000000000000000000 ) ) ;
#2597 = VERTEX_POINT ( 'NONE', #3623 ) ;
#2598 = DIRECTION ( 'NONE',  ( -1.176083712526648949E-16, 1.000000000000000000, 0.000000000000000000 ) ) ;
#2599 = FACE_OUTER_BOUND ( 'NONE', #2200, .T. ) ;
#2600 = CARTESIAN_POINT ( 'NONE',  ( 53.34314575050759544, 61.00000000000000711, 30.00000000000000000 ) ) ;
#2601 = VERTEX_POINT ( 'NONE', #2202 ) ;
#2602 = VERTEX_POINT ( 'NONE', #1611 ) ;
#2603 = CARTESIAN_POINT ( 'NONE',  ( -56.75000000000001421, -39.49999999999999289, 30.00000000000000000 ) ) ;
#2604 = ORIENTED_EDGE ( 'NONE', *, *, #2794, .F. ) ;
#2605 = CARTESIAN_POINT ( 'NONE',  ( -56.75000000000001421, -39.49999999999999289, 30.00000000000000000 ) ) ;
#2606 = CARTESIAN_POINT ( 'NONE',  ( 59.00000000000000711, 50.51471862576143934, -4.000000000000000000 ) ) ;
#2607 = CARTESIAN_POINT ( 'NONE',  ( 53.34314575050759544, -61.00000000000000000, 30.00000000000000000 ) ) ;
#2608 = ORIENTED_EDGE ( 'NONE', *, *, #2521, .T. ) ;
#2609 = CARTESIAN_POINT ( 'NONE',  ( -56.44999999999993889, 59.00000000000000000, 30.00000000000000000 ) ) ;
#2610 = EDGE_CURVE ( 'NONE', #3097, #2597, #2735, .T. ) ;
#2611 = CARTESIAN_POINT ( 'NONE',  ( -47.99999999999999289, -40.00000000000000000, 6.000000000000000000 ) ) ;
#2612 = ORIENTED_EDGE ( 'NONE', *, *, #3287, .F. ) ;
#2613 = EDGE_CURVE ( 'NONE', #3409, #741, #2752, .T. ) ;
#2614 = DIRECTION ( 'NONE',  ( 1.000000000000000000, 0.000000000000000000, 0.000000000000000000 ) ) ;
#2615 = DIRECTION ( 'NONE',  ( -0.000000000000000000, -0.000000000000000000, -1.000000000000000000 ) ) ;
#2616 = DIRECTION ( 'NONE',  ( 0.000000000000000000, 0.000000000000000000, 1.000000000000000000 ) ) ;
#2617 = ORIENTED_EDGE ( 'NONE', *, *, #1629, .T. ) ;
#2618 = EDGE_CURVE ( 'NONE', #2047, #2301, #217, .T. ) ;
#2619 = EDGE_LOOP ( 'NONE', ( #2543, #306, #35, #1772 ) ) ;
#2620 = FACE_OUTER_BOUND ( 'NONE', #1952, .T. ) ;
#2621 = VERTEX_POINT ( 'NONE', #3307 ) ;
#2622 = DIRECTION ( 'NONE',  ( 2.312964634635746211E-15, -1.000000000000000000, -0.000000000000000000 ) ) ;
#2623 = AXIS2_PLACEMENT_3D ( 'NONE', #352, #3161, #2032 ) ;
#2624 = LINE ( 'NONE', #2297, #2063 ) ;
#2625 = EDGE_CURVE ( 'NONE', #999, #3469, #3093, .T. ) ;
#2626 = VECTOR ( 'NONE', #2407, 1000.000000000000000 ) ;
#2627 = ORIENTED_EDGE ( 'NONE', *, *, #1515, .T. ) ;
#2628 = CARTESIAN_POINT ( 'NONE',  ( -48.00000000000000000, 48.00000000000000000, 6.000000000000000000 ) ) ;
#2629 = VECTOR ( 'NONE', #3410, 1000.000000000000000 ) ;
#2630 = AXIS2_PLACEMENT_3D ( 'NONE', #2472, #1623, #1953 ) ;
#2631 = DIRECTION ( 'NONE',  ( 0.000000000000000000, 0.000000000000000000, 1.000000000000000000 ) ) ;
#2632 = EDGE_CURVE ( 'NONE', #2781, #510, #2800, .T. ) ;
#2633 = VERTEX_POINT ( 'NONE', #531 ) ;
#2634 = DIRECTION ( 'NONE',  ( -0.7071067811865383579, 8.659560562354821925E-17, 0.7071067811865567876 ) ) ;
#2635 = DIRECTION ( 'NONE',  ( -0.000000000000000000, -0.000000000000000000, 1.000000000000000000 ) ) ;
#2636 = DIRECTION ( 'NONE',  ( -1.000000000000000000, 0.000000000000000000, 0.000000000000000000 ) ) ;
#2637 = EDGE_CURVE ( 'NONE', #667, #3143, #48, .T. ) ;
#2638 = VERTEX_POINT ( 'NONE', #255 ) ;
#2639 = CIRCLE ( 'NONE', #706, 2.250000000000001776 ) ;
#2640 = CARTESIAN_POINT ( 'NONE',  ( -58.99999999999999289, -59.00000000000000000, 29.70000000000000995 ) ) ;
#2641 = CIRCLE ( 'NONE', #1064, 11.00000000000000355 ) ;
#2642 = EDGE_LOOP ( 'NONE', ( #3182, #2519, #1255, #2396 ) ) ;
#2643 = CARTESIAN_POINT ( 'NONE',  ( 47.99999999999999289, -48.00000000000000000, 6.000000000000000000 ) ) ;
#2644 = FACE_OUTER_BOUND ( 'NONE', #1436, .T. ) ;
#2645 = CARTESIAN_POINT ( 'NONE',  ( -56.74999999999998579, -59.00000000000000000, 24.00000000000000000 ) ) ;
#2646 = AXIS2_PLACEMENT_3D ( 'NONE', #3541, #228, #2743 ) ;
#2647 = ORIENTED_EDGE ( 'NONE', *, *, #934, .T. ) ;
#2648 = AXIS2_PLACEMENT_3D ( 'NONE', #3412, #64, #2596 ) ;
#2649 = CARTESIAN_POINT ( 'NONE',  ( -48.00000000000000000, -48.00000000000000000, 5.699999999999987743 ) ) ;
#2650 = DIRECTION ( 'NONE',  ( 0.7071067811865711095, 0.000000000000000000, 0.7071067811865240360 ) ) ;
#2651 = AXIS2_PLACEMENT_3D ( 'NONE', #482, #2668, #2976 ) ;
#2652 = VERTEX_POINT ( 'NONE', #1378 ) ;
#2653 = DIRECTION ( 'NONE',  ( 1.000000000000000000, 0.000000000000000000, 0.000000000000000000 ) ) ;
#2654 = EDGE_CURVE ( 'NONE', #653, #382, #578, .T. ) ;
#2655 = CARTESIAN_POINT ( 'NONE',  ( 47.99999999999999289, 48.00000000000000000, 6.000000000000000000 ) ) ;
#2656 = CARTESIAN_POINT ( 'NONE',  ( 47.99999999999999289, -37.00000000000000000, 3.000000000000000000 ) ) ;
#2657 = ORIENTED_EDGE ( 'NONE', *, *, #180, .F. ) ;
#2658 = EDGE_LOOP ( 'NONE', ( #744, #544 ) ) ;
#2659 = ADVANCED_FACE ( 'NONE', ( #3454 ), #867, .F. ) ;
#2660 = DIRECTION ( 'NONE',  ( 1.000000000000000000, 0.000000000000000000, 0.000000000000000000 ) ) ;
#2661 = EDGE_LOOP ( 'NONE', ( #723, #1463 ) ) ;
#2662 = CARTESIAN_POINT ( 'NONE',  ( -15.49999999999999289, 56.75000000000002132, 5.999999999999998224 ) ) ;
#2663 = CARTESIAN_POINT ( 'NONE',  ( -39.99999999999999289, -48.00000000000000000, 6.000000000000000000 ) ) ;
#2664 = CARTESIAN_POINT ( 'NONE',  ( -53.34314575050759544, 61.00000000000000000, -20.97056274847713908 ) ) ;
#2665 = ORIENTED_EDGE ( 'NONE', *, *, #2350, .T. ) ;
#2666 = LINE ( 'NONE', #2609, #3286 ) ;
#2667 = EDGE_CURVE ( 'NONE', #622, #2490, #1992, .T. ) ;
#2668 = DIRECTION ( 'NONE',  ( 0.000000000000000000, -0.000000000000000000, 1.000000000000000000 ) ) ;
#2669 = ORIENTED_EDGE ( 'NONE', *, *, #500, .T. ) ;
#2670 = DIRECTION ( 'NONE',  ( 0.000000000000000000, 0.000000000000000000, -1.000000000000000000 ) ) ;
#2671 = DIRECTION ( 'NONE',  ( 1.000000000000000000, 1.239088197126290817E-16, 0.000000000000000000 ) ) ;
#2672 = DIRECTION ( 'NONE',  ( 1.000000000000000000, 0.000000000000000000, 0.000000000000000000 ) ) ;
#2673 = EDGE_LOOP ( 'NONE', ( #2445, #1421, #2487, #3351, #2174, #334, #3345, #792 ) ) ;
#2674 = CARTESIAN_POINT ( 'NONE',  ( -61.24999999999999289, -59.00000000000000000, 24.00000000000000000 ) ) ;
#2675 = DIRECTION ( 'NONE',  ( 0.000000000000000000, 0.000000000000000000, 1.000000000000000000 ) ) ;
#2676 = ADVANCED_FACE ( 'NONE', ( #1718 ), #2565, .F. ) ;
#2677 = ORIENTED_EDGE ( 'NONE', *, *, #322, .F. ) ;
#2678 = DIRECTION ( 'NONE',  ( -0.000000000000000000, -0.000000000000000000, 1.000000000000000000 ) ) ;
#2679 = PLANE ( 'NONE',  #1741 ) ;
#2680 = DIRECTION ( 'NONE',  ( 1.239088197126290817E-16, -1.000000000000000000, 0.000000000000000000 ) ) ;
#2681 = ADVANCED_FACE ( 'NONE', ( #346 ), #2052, .F. ) ;
#2682 = ORIENTED_EDGE ( 'NONE', *, *, #2817, .F. ) ;
#2683 = CARTESIAN_POINT ( 'NONE',  ( 50.51471862576140381, -61.99999999999999289, -20.97056274847713908 ) ) ;
#2684 = STYLED_ITEM ( 'NONE', ( #1637 ), #27 ) ;
#2685 = PLANE ( 'NONE',  #2651 ) ;
#2686 = VECTOR ( 'NONE', #441, 1000.000000000000000 ) ;
#2687 = CONICAL_SURFACE ( 'NONE', #1397, 2.250000000000001776, 0.7853981633974640442 ) ;
#2688 = VERTEX_POINT ( 'NONE', #3401 ) ;
#2689 = VECTOR ( 'NONE', #2553, 1000.000000000000000 ) ;
#2690 = DIRECTION ( 'NONE',  ( 1.000000000000000000, -0.000000000000000000, 0.000000000000000000 ) ) ;
#2691 = AXIS2_PLACEMENT_3D ( 'NONE', #606, #312, #3419 ) ;
#2692 = ADVANCED_FACE ( 'NONE', ( #1774 ), #3119, .T. ) ;
#2693 = LINE ( 'NONE', #1896, #2583 ) ;
#2694 = ORIENTED_EDGE ( 'NONE', *, *, #2839, .T. ) ;
#2695 = LINE ( 'NONE', #3231, #2509 ) ;
#2696 = DIRECTION ( 'NONE',  ( -0.000000000000000000, -0.000000000000000000, -1.000000000000000000 ) ) ;
#2697 = CIRCLE ( 'NONE', #3407, 3.000000000000002665 ) ;
#2698 = ORIENTED_EDGE ( 'NONE', *, *, #378, .T. ) ;
#2699 = AXIS2_PLACEMENT_3D ( 'NONE', #2489, #2546, #1954 ) ;
#2700 = DIRECTION ( 'NONE',  ( -1.000000000000000000, 0.000000000000000000, 0.000000000000000000 ) ) ;
#2701 = FACE_OUTER_BOUND ( 'NONE', #1726, .T. ) ;
#2702 = EDGE_CURVE ( 'NONE', #272, #576, #2843, .T. ) ;
#2703 = CARTESIAN_POINT ( 'NONE',  ( -58.99999999999999289, -59.00000000000000000, 29.70000000000000995 ) ) ;
#2704 = ADVANCED_FACE ( 'NONE', ( #3136 ), #990, .F. ) ;
#2705 = AXIS2_PLACEMENT_3D ( 'NONE', #2255, #3381, #2824 ) ;
#2706 = EDGE_LOOP ( 'NONE', ( #397, #3262, #1713, #381 ) ) ;
#2707 = CARTESIAN_POINT ( 'NONE',  ( -58.99999999999999289, -59.00000000000000000, 24.00000000000000000 ) ) ;
#2708 = VECTOR ( 'NONE', #2474, 1000.000000000000000 ) ;
#2709 = EDGE_CURVE ( 'NONE', #1705, #2073, #2274, .T. ) ;
#2710 = LINE ( 'NONE', #981, #1308 ) ;
#2711 = EDGE_CURVE ( 'NONE', #2157, #2601, #3175, .T. ) ;
#2712 = AXIS2_PLACEMENT_3D ( 'NONE', #1095, #2212, #3336 ) ;
#2713 = ORIENTED_EDGE ( 'NONE', *, *, #830, .F. ) ;
#2714 = DIRECTION ( 'NONE',  ( 1.000000000000000000, 0.000000000000000000, -0.000000000000000000 ) ) ;
#2715 = CIRCLE ( 'NONE', #3001, 11.00000000000000355 ) ;
#2716 = DIRECTION ( 'NONE',  ( -0.000000000000000000, -0.000000000000000000, -1.000000000000000000 ) ) ;
#2717 = ORIENTED_EDGE ( 'NONE', *, *, #180, .T. ) ;
#2718 = ADVANCED_FACE ( 'NONE', ( #2857 ), #2895, .F. ) ;
#2719 = DIRECTION ( 'NONE',  ( -0.000000000000000000, -0.000000000000000000, -1.000000000000000000 ) ) ;
#2720 = VERTEX_POINT ( 'NONE', #920 ) ;
#2721 = DIRECTION ( 'NONE',  ( 0.000000000000000000, 0.000000000000000000, 1.000000000000000000 ) ) ;
#2722 = CARTESIAN_POINT ( 'NONE',  ( 58.99999999999999289, -59.00000000000000000, 29.69999999999997087 ) ) ;
#2723 = VERTEX_POINT ( 'NONE', #328 ) ;
#2724 = FACE_OUTER_BOUND ( 'NONE', #2582, .T. ) ;
#2725 = DIRECTION ( 'NONE',  ( -0.000000000000000000, -0.000000000000000000, -1.000000000000000000 ) ) ;
#2726 = ORIENTED_EDGE ( 'NONE', *, *, #1736, .T. ) ;
#2727 = ADVANCED_FACE ( 'NONE', ( #2828 ), #3152, .T. ) ;
#2728 = DIRECTION ( 'NONE',  ( -0.000000000000000000, 0.000000000000000000, -1.000000000000000000 ) ) ;
#2729 = CARTESIAN_POINT ( 'NONE',  ( 58.99999999999997868, 59.00000000000000711, 30.00000000000000000 ) ) ;
#2730 = ORIENTED_EDGE ( 'NONE', *, *, #3430, .F. ) ;
#2731 = EDGE_CURVE ( 'NONE', #741, #1649, #344, .T. ) ;
#2732 = CARTESIAN_POINT ( 'NONE',  ( 59.00000000000001421, -58.99999999999999289, -4.000000000000000000 ) ) ;
#2733 = ORIENTED_EDGE ( 'NONE', *, *, #345, .T. ) ;
#2734 = DIRECTION ( 'NONE',  ( 1.000000000000000000, 0.000000000000000000, 0.000000000000000000 ) ) ;
#2735 = LINE ( 'NONE', #1103, #1975 ) ;
#2736 = ORIENTED_EDGE ( 'NONE', *, *, #853, .T. ) ;
#2737 = VERTEX_POINT ( 'NONE', #903 ) ;
#2738 = DIRECTION ( 'NONE',  ( -3.469446951953619316E-15, 1.000000000000000000, 0.000000000000000000 ) ) ;
#2739 = FACE_OUTER_BOUND ( 'NONE', #56, .T. ) ;
#2740 = DIRECTION ( 'NONE',  ( 1.000000000000000000, 0.000000000000000000, 0.000000000000000000 ) ) ;
#2741 = ORIENTED_EDGE ( 'NONE', *, *, #794, .F. ) ;
#2742 = CLOSED_SHELL ( 'NONE', ( #3202, #3493, #2883, #416, #459, #2061, #568, #1283, #735, #348, #1481, #3199, #3040, #2436, #3275, #2009, #393, #1431, #483, #1494, #2727, #2997, #848, #2233, #3127, #1803, #1449, #2145, #3595, #2991, #3178, #3086, #1696, #1904, #1339, #2922, #604, #3266, #1322, #1172, #148, #131, #1220, #3472, #686, #489, #3080, #1961, #3308, #1028, #3402, #1385, #2526, #1379, #1360, #218, #1912, #1092, #2024, #3146, #1982, #1850, #1362, #3292, #2768, #2051, #1601, #436, #1205, #1375, #1827, #2718, #2394, #1254, #2692, #1752, #1523, #2304, #763, #2930, #2238, #682, #445, #2434, #2821, #2140, #286, #2211, #548, #1475, #1214, #367, #2659, #825, #3116, #477, #3435, #2676, #2563, #2878, #3153, #177, #3062, #1938, #2305, #3130, #1714, #2681, #2841, #3445, #1416, #598, #3427, #666, #2704, #3477, #1252, #2375, #2782, #1857, #2273, #1098, #440, #1873 ) ) ;
#2743 = DIRECTION ( 'NONE',  ( 2.312964634635746211E-15, -1.000000000000000000, 0.000000000000000000 ) ) ;
#2744 = VECTOR ( 'NONE', #2372, 1000.000000000000000 ) ;
#2745 = DIRECTION ( 'NONE',  ( 0.000000000000000000, 0.000000000000000000, 1.000000000000000000 ) ) ;
#2746 = VERTEX_POINT ( 'NONE', #1437 ) ;
#2747 = CIRCLE ( 'NONE', #1867, 2.549999999999996714 ) ;
#2748 = AXIS2_PLACEMENT_3D ( 'NONE', #201, #2181, #2783 ) ;
#2749 = EDGE_CURVE ( 'NONE', #138, #2252, #1630, .T. ) ;
#2750 = ORIENTED_EDGE ( 'NONE', *, *, #2794, .T. ) ;
#2751 = DIRECTION ( 'NONE',  ( -1.000000000000000000, 0.000000000000000000, 0.000000000000000000 ) ) ;
#2752 = LINE ( 'NONE', #2220, #3277 ) ;
#2753 = EDGE_LOOP ( 'NONE', ( #3043, #429, #727, #1442 ) ) ;
#2754 = ORIENTED_EDGE ( 'NONE', *, *, #211, .T. ) ;
#2755 = DIRECTION ( 'NONE',  ( -0.000000000000000000, -0.000000000000000000, 1.000000000000000000 ) ) ;
#2756 = DIRECTION ( 'NONE',  ( 1.239088197126290817E-16, -1.000000000000000000, -0.000000000000000000 ) ) ;
#2757 = CARTESIAN_POINT ( 'NONE',  ( -55.99999999999999289, -40.00000000000000711, 5.999999999999998224 ) ) ;
#2758 = ORIENTED_EDGE ( 'NONE', *, *, #3222, .F. ) ;
#2759 = AXIS2_PLACEMENT_3D ( 'NONE', #2581, #2616, #2636 ) ;
#2760 = CARTESIAN_POINT ( 'NONE',  ( -58.99999999999997868, 59.00000000000000711, -4.000000000000000000 ) ) ;
#2761 = DIRECTION ( 'NONE',  ( -1.000000000000000000, 0.000000000000000000, -0.000000000000000000 ) ) ;
#2762 = CIRCLE ( 'NONE', #2468, 2.250000000000001776 ) ;
#2763 = ORIENTED_EDGE ( 'NONE', *, *, #1229, .F. ) ;
#2764 = AXIS2_PLACEMENT_3D ( 'NONE', #3570, #1858, #1059 ) ;
#2765 = LINE ( 'NONE', #1082, #1227 ) ;
#2766 = AXIS2_PLACEMENT_3D ( 'NONE', #626, #646, #1453 ) ;
#2767 = ORIENTED_EDGE ( 'NONE', *, *, #2887, .F. ) ;
#2768 = ADVANCED_FACE ( 'NONE', ( #2272 ), #2313, .F. ) ;
#2769 = CARTESIAN_POINT ( 'NONE',  ( -48.00000000000000000, 48.00000000000000000, 6.000000000000000000 ) ) ;
#2770 = DIRECTION ( 'NONE',  ( -0.000000000000000000, -0.000000000000000000, 1.000000000000000000 ) ) ;
#2771 = VERTEX_POINT ( 'NONE', #1489 ) ;
#2772 = ORIENTED_EDGE ( 'NONE', *, *, #2244, .F. ) ;
#2773 = CARTESIAN_POINT ( 'NONE',  ( 0.000000000000000000, -37.00000000000000000, 3.000000000000000000 ) ) ;
#2774 = EDGE_CURVE ( 'NONE', #638, #855, #2087, .T. ) ;
#2775 = FACE_OUTER_BOUND ( 'NONE', #1553, .T. ) ;
#2776 = DIRECTION ( 'NONE',  ( -1.000000000000000000, 0.000000000000000000, 0.000000000000000000 ) ) ;
#2777 = EDGE_CURVE ( 'NONE', #1697, #1596, #1033, .T. ) ;
#2778 = ORIENTED_EDGE ( 'NONE', *, *, #961, .F. ) ;
#2779 = CARTESIAN_POINT ( 'NONE',  ( 56.00000000000000711, -55.99999999999999289, 30.00000000000000000 ) ) ;
#2780 = DIRECTION ( 'NONE',  ( -1.000000000000000000, 0.000000000000000000, 0.000000000000000000 ) ) ;
#2781 = VERTEX_POINT ( 'NONE', #2143 ) ;
#2782 = ADVANCED_FACE ( 'NONE', ( #3267 ), #3212, .F. ) ;
#2783 = DIRECTION ( 'NONE',  ( 1.176083712526648949E-16, -1.000000000000000000, 0.000000000000000000 ) ) ;
#2784 = CARTESIAN_POINT ( 'NONE',  ( 52.99999999999999289, 37.00000000000000000, 0.000000000000000000 ) ) ;
#2785 = EDGE_LOOP ( 'NONE', ( #2982, #2733, #1622, #2385 ) ) ;
#2786 = DIRECTION ( 'NONE',  ( -0.000000000000000000, -0.000000000000000000, 1.000000000000000000 ) ) ;
#2787 = DIRECTION ( 'NONE',  ( -0.000000000000000000, -0.000000000000000000, -1.000000000000000000 ) ) ;
#2788 = EDGE_CURVE ( 'NONE', #1124, #3024, #1403, .T. ) ;
#2789 = ORIENTED_EDGE ( 'NONE', *, *, #2504, .T. ) ;
#2790 = ORIENTED_EDGE ( 'NONE', *, *, #3225, .T. ) ;
#2791 = CARTESIAN_POINT ( 'NONE',  ( -58.99999999999997868, 59.00000000000000711, -20.97056274847713908 ) ) ;
#2792 = LINE ( 'NONE', #297, #1074 ) ;
#2793 = CARTESIAN_POINT ( 'NONE',  ( 39.99999999999999289, 56.00000000000000711, 6.000000000000000000 ) ) ;
#2794 = EDGE_CURVE ( 'NONE', #3265, #2723, #1831, .T. ) ;
#2795 = ORIENTED_EDGE ( 'NONE', *, *, #869, .T. ) ;
#2796 = CARTESIAN_POINT ( 'NONE',  ( -15.49999999999999289, 56.75000000000002132, 30.00000000000000000 ) ) ;
#2797 = CARTESIAN_POINT ( 'NONE',  ( 58.99999999999997868, 59.00000000000000711, -4.000000000000000000 ) ) ;
#2798 = ORIENTED_EDGE ( 'NONE', *, *, #3055, .T. ) ;
#2799 = CARTESIAN_POINT ( 'NONE',  ( 13.25000000000000533, -59.00000000000000711, 30.00000000000000000 ) ) ;
#2800 = CIRCLE ( 'NONE', #1683, 2.250000000000001776 ) ;
#2801 = VECTOR ( 'NONE', #591, 1000.000000000000000 ) ;
#2802 = CARTESIAN_POINT ( 'NONE',  ( 56.00000000000000711, -55.99999999999999289, 5.999999999999998224 ) ) ;
#2803 = VECTOR ( 'NONE', #1137, 1000.000000000000000 ) ;
#2804 = EDGE_LOOP ( 'NONE', ( #3041, #2314, #3037, #133 ) ) ;
#2805 = AXIS2_PLACEMENT_3D ( 'NONE', #3193, #1543, #2660 ) ;
#2806 = DIRECTION ( 'NONE',  ( 0.000000000000000000, 0.000000000000000000, 1.000000000000000000 ) ) ;
#2807 = ORIENTED_EDGE ( 'NONE', *, *, #3561, .F. ) ;
#2808 = ORIENTED_EDGE ( 'NONE', *, *, #2667, .F. ) ;
#2809 = CARTESIAN_POINT ( 'NONE',  ( 55.99999999999999289, 40.00000000000000000, 6.000000000000000000 ) ) ;
#2810 = DIRECTION ( 'NONE',  ( 1.000000000000000000, 0.000000000000000000, 0.000000000000000000 ) ) ;
#2811 = FACE_OUTER_BOUND ( 'NONE', #1607, .T. ) ;
#2812 = AXIS2_PLACEMENT_3D ( 'NONE', #2901, #3461, #684 ) ;
#2813 = VERTEX_POINT ( 'NONE', #130 ) ;
#2814 = EDGE_CURVE ( 'NONE', #3425, #653, #3233, .T. ) ;
#2815 = LINE ( 'NONE', #845, #2158 ) ;
#2816 = CIRCLE ( 'NONE', #3350, 2.250000000000001776 ) ;
#2817 = EDGE_CURVE ( 'NONE', #510, #3059, #184, .T. ) ;
#2818 = CARTESIAN_POINT ( 'NONE',  ( -36.99999999999999289, -0.000000000000000000, -0.000000000000000000 ) ) ;
#2819 = AXIS2_PLACEMENT_3D ( 'NONE', #432, #746, #2672 ) ;
#2820 = VERTEX_POINT ( 'NONE', #3253 ) ;
#2821 = ADVANCED_FACE ( 'NONE', ( #3492 ), #164, .T. ) ;
#2822 = CIRCLE ( 'NONE', #1243, 2.549999999999996714 ) ;
#2823 = CARTESIAN_POINT ( 'NONE',  ( -58.99999999999999289, -59.00000000000000000, 24.00000000000000000 ) ) ;
#2824 = DIRECTION ( 'NONE',  ( -1.000000000000000000, 0.000000000000000000, 0.000000000000000000 ) ) ;
#2825 = TOROIDAL_SURFACE ( 'NONE', #2239, 11.00000000000000000, 3.000000000000000000 ) ;
#2826 = EDGE_CURVE ( 'NONE', #2962, #1213, #1013, .T. ) ;
#2827 = VERTEX_POINT ( 'NONE', #2968 ) ;
#2828 = FACE_OUTER_BOUND ( 'NONE', #972, .T. ) ;
#2829 = ORIENTED_EDGE ( 'NONE', *, *, #1096, .F. ) ;
#2830 = DIRECTION ( 'NONE',  ( -1.000000000000000000, -1.176083712526648949E-16, 0.000000000000000000 ) ) ;
#2831 = DIRECTION ( 'NONE',  ( 1.000000000000000000, -0.000000000000000000, -0.000000000000000000 ) ) ;
#2832 = LINE ( 'NONE', #3628, #2689 ) ;
#2833 = ORIENTED_EDGE ( 'NONE', *, *, #1659, .T. ) ;
#2834 = CARTESIAN_POINT ( 'NONE',  ( 47.99999999999999289, 48.00000000000000000, 3.000000000000000000 ) ) ;
#2835 = DIRECTION ( 'NONE',  ( 1.000000000000000000, 0.000000000000000000, 0.000000000000000000 ) ) ;
#2836 = EDGE_CURVE ( 'NONE', #2837, #638, #2103, .T. ) ;
#2837 = VERTEX_POINT ( 'NONE', #472 ) ;
#2838 = CARTESIAN_POINT ( 'NONE',  ( -52.99999999999999289, -37.00000000000000000, 0.000000000000000000 ) ) ;
#2839 = EDGE_CURVE ( 'NONE', #3024, #3379, #2929, .T. ) ;
#2840 = DIRECTION ( 'NONE',  ( -1.000000000000000000, 0.000000000000000000, 0.000000000000000000 ) ) ;
#2841 = ADVANCED_FACE ( 'NONE', ( #2620 ), #2423, .F. ) ;
#2842 = ORIENTED_EDGE ( 'NONE', *, *, #2592, .F. ) ;
#2843 = LINE ( 'NONE', #37, #2506 ) ;
#2844 = ORIENTED_EDGE ( 'NONE', *, *, #237, .F. ) ;
#2845 = DIRECTION ( 'NONE',  ( 0.000000000000000000, -0.000000000000000000, 1.000000000000000000 ) ) ;
#2846 = CARTESIAN_POINT ( 'NONE',  ( -47.99999999999999289, -48.00000000000000000, 3.000000000000000000 ) ) ;
#2847 = CARTESIAN_POINT ( 'NONE',  ( 55.99999999999999289, 56.00000000000000711, 30.00000000000000000 ) ) ;
#2848 = ORIENTED_EDGE ( 'NONE', *, *, #1030, .T. ) ;
#2849 = PLANE ( 'NONE',  #3417 ) ;
#2850 = ORIENTED_EDGE ( 'NONE', *, *, #1784, .F. ) ;
#2851 = DIRECTION ( 'NONE',  ( 0.000000000000000000, -0.000000000000000000, -1.000000000000000000 ) ) ;
#2852 = EDGE_CURVE ( 'NONE', #2490, #1487, #111, .T. ) ;
#2853 = DIRECTION ( 'NONE',  ( -0.000000000000000000, 0.000000000000000000, 1.000000000000000000 ) ) ;
#2854 = DIRECTION ( 'NONE',  ( -0.000000000000000000, -0.000000000000000000, 1.000000000000000000 ) ) ;
#2855 = ORIENTED_EDGE ( 'NONE', *, *, #2398, .T. ) ;
#2856 = EDGE_CURVE ( 'NONE', #1233, #407, #2864, .T. ) ;
#2857 = FACE_OUTER_BOUND ( 'NONE', #1244, .T. ) ;
#2858 = CIRCLE ( 'NONE', #1973, 2.250000000000001776 ) ;
#2859 = VECTOR ( 'NONE', #2972, 1000.000000000000000 ) ;
#2860 = EDGE_LOOP ( 'NONE', ( #1796, #1146, #3418, #1078 ) ) ;
#2861 = VECTOR ( 'NONE', #2615, 1000.000000000000000 ) ;
#2862 = CARTESIAN_POINT ( 'NONE',  ( 47.99999999999999289, 48.00000000000000000, 0.000000000000000000 ) ) ;
#2863 = CARTESIAN_POINT ( 'NONE',  ( 53.34314575050759544, 61.00000000000000711, -20.97056274847713908 ) ) ;
#2864 = CIRCLE ( 'NONE', #3574, 3.000000000000000000 ) ;
#2865 = CYLINDRICAL_SURFACE ( 'NONE', #2623, 2.250000000000001776 ) ;
#2866 = ORIENTED_EDGE ( 'NONE', *, *, #72, .F. ) ;
#2867 = CARTESIAN_POINT ( 'NONE',  ( 6.567167444769341256E-15, -53.00000000000000000, 0.000000000000000000 ) ) ;
#2868 = FACE_OUTER_BOUND ( 'NONE', #1790, .T. ) ;
#2869 = VERTEX_POINT ( 'NONE', #2071 ) ;
#2870 = AXIS2_PLACEMENT_3D ( 'NONE', #2683, #1022, #1907 ) ;
#2871 = CARTESIAN_POINT ( 'NONE',  ( -58.99999999999997868, -59.00000000000000711, -20.97056274847713908 ) ) ;
#2872 = CARTESIAN_POINT ( 'NONE',  ( -60.99999999999998579, 53.34314575050763096, -20.97056274847713908 ) ) ;
#2873 = CARTESIAN_POINT ( 'NONE',  ( -56.00000000000000000, 6.938893903907228378E-15, 6.000000000000000000 ) ) ;
#2874 = ORIENTED_EDGE ( 'NONE', *, *, #390, .T. ) ;
#2875 = ORIENTED_EDGE ( 'NONE', *, *, #2654, .F. ) ;
#2876 = VECTOR ( 'NONE', #1266, 1000.000000000000000 ) ;
#2877 = DIRECTION ( 'NONE',  ( 1.000000000000000000, 1.850371707708596969E-14, 0.000000000000000000 ) ) ;
#2878 = ADVANCED_FACE ( 'NONE', ( #419 ), #3517, .F. ) ;
#2879 = EDGE_LOOP ( 'NONE', ( #1701, #1, #2383, #2416 ) ) ;
#2880 = PLANE ( 'NONE',  #2580 ) ;
#2881 = LINE ( 'NONE', #386, #2182 ) ;
#2882 = CARTESIAN_POINT ( 'NONE',  ( -58.99999999999999289, 59.00000000000000000, 24.00000000000000000 ) ) ;
#2883 = ADVANCED_FACE ( 'NONE', ( #400 ), #458, .F. ) ;
#2884 = ORIENTED_EDGE ( 'NONE', *, *, #662, .F. ) ;
#2885 = DIRECTION ( 'NONE',  ( -0.000000000000000000, -0.000000000000000000, -1.000000000000000000 ) ) ;
#2886 = DIRECTION ( 'NONE',  ( -0.000000000000000000, -1.000000000000000000, -0.000000000000000000 ) ) ;
#2887 = EDGE_CURVE ( 'NONE', #3393, #1399, #2384, .T. ) ;
#2888 = VERTEX_POINT ( 'NONE', #1390 ) ;
#2889 = DIRECTION ( 'NONE',  ( -1.000000000000000000, -1.176083712526648949E-16, 0.000000000000000000 ) ) ;
#2890 = CARTESIAN_POINT ( 'NONE',  ( 58.99999999999999289, 59.00000000000000000, 24.00000000000000000 ) ) ;
#2891 = DIRECTION ( 'NONE',  ( -1.000000000000000000, -0.000000000000000000, -0.000000000000000000 ) ) ;
#2892 = EDGE_CURVE ( 'NONE', #533, #3434, #3074, .T. ) ;
#2893 = ORIENTED_EDGE ( 'NONE', *, *, #1299, .T. ) ;
#2894 = ORIENTED_EDGE ( 'NONE', *, *, #1007, .F. ) ;
#2895 = PLANE ( 'NONE',  #933 ) ;
#2896 = EDGE_LOOP ( 'NONE', ( #1143, #2993, #1926, #1685 ) ) ;
#2897 = DIRECTION ( 'NONE',  ( -0.000000000000000000, 0.000000000000000000, 1.000000000000000000 ) ) ;
#2898 = DIRECTION ( 'NONE',  ( -0.000000000000000000, -0.000000000000000000, 1.000000000000000000 ) ) ;
#2899 = EDGE_CURVE ( 'NONE', #2346, #2047, #1345, .T. ) ;
#2900 = EDGE_LOOP ( 'NONE', ( #83, #2790, #2973, #2682 ) ) ;
#2901 = CARTESIAN_POINT ( 'NONE',  ( 58.99999999999997868, 59.00000000000000711, -20.97056274847713908 ) ) ;
#2902 = FACE_OUTER_BOUND ( 'NONE', #569, .T. ) ;
#2903 = EDGE_CURVE ( 'NONE', #3073, #1545, #545, .T. ) ;
#2904 = VERTEX_POINT ( 'NONE', #3580 ) ;
#2905 = CYLINDRICAL_SURFACE ( 'NONE', #1359, 3.000000000000002665 ) ;
#2906 = CYLINDRICAL_SURFACE ( 'NONE', #1686, 8.000000000000000000 ) ;
#2907 = LINE ( 'NONE', #2124, #357 ) ;
#2908 = VERTEX_POINT ( 'NONE', #849 ) ;
#2909 = LINE ( 'NONE', #1542, #3569 ) ;
#2910 = CARTESIAN_POINT ( 'NONE',  ( -58.99999999999997868, -50.51471862576143934, 30.00000000000000000 ) ) ;
#2911 = ORIENTED_EDGE ( 'NONE', *, *, #3612, .F. ) ;
#2912 = CARTESIAN_POINT ( 'NONE',  ( 0.000000000000000000, 0.000000000000000000, 5.999999999999998224 ) ) ;
#2913 = DIRECTION ( 'NONE',  ( -0.7071067811865445751, -0.7071067811865505703, -0.000000000000000000 ) ) ;
#2914 = LINE ( 'NONE', #2847, #517 ) ;
#2915 = AXIS2_PLACEMENT_3D ( 'NONE', #2944, #673, #379 ) ;
#2916 = VERTEX_POINT ( 'NONE', #2454 ) ;
#2917 = CARTESIAN_POINT ( 'NONE',  ( -36.99999999999999289, -53.00000000000000000, 0.000000000000000000 ) ) ;
#2918 = EDGE_CURVE ( 'NONE', #2346, #3281, #2765, .T. ) ;
#2919 = AXIS2_PLACEMENT_3D ( 'NONE', #2640, #149, #1269 ) ;
#2920 = DIRECTION ( 'NONE',  ( 1.000000000000000000, -0.000000000000000000, 0.000000000000000000 ) ) ;
#2921 = ORIENTED_EDGE ( 'NONE', *, *, #2453, .T. ) ;
#2922 = ADVANCED_FACE ( 'NONE', ( #1065, #3004 ), #793, .T. ) ;
#2923 = CYLINDRICAL_SURFACE ( 'NONE', #1420, 5.999999999999998224 ) ;
#2924 = DIRECTION ( 'NONE',  ( 0.000000000000000000, -0.000000000000000000, -1.000000000000000000 ) ) ;
#2925 = DIRECTION ( 'NONE',  ( 0.000000000000000000, 1.000000000000000000, 0.000000000000000000 ) ) ;
#2926 = ORIENTED_EDGE ( 'NONE', *, *, #1498, .F. ) ;
#2927 = SURFACE_STYLE_USAGE ( .BOTH. , #1032 ) ;
#2928 = VECTOR ( 'NONE', #3404, 1000.000000000000000 ) ;
#2929 = LINE ( 'NONE', #2910, #760 ) ;
#2930 = ADVANCED_FACE ( 'NONE', ( #490 ), #3618, .T. ) ;
#2931 = AXIS2_PLACEMENT_3D ( 'NONE', #144, #1466, #917 ) ;
#2932 = ORIENTED_EDGE ( 'NONE', *, *, #3315, .T. ) ;
#2933 = DIRECTION ( 'NONE',  ( 0.000000000000000000, 0.000000000000000000, 1.000000000000000000 ) ) ;
#2934 = DIRECTION ( 'NONE',  ( -0.000000000000000000, 0.000000000000000000, 1.000000000000000000 ) ) ;
#2935 = FACE_OUTER_BOUND ( 'NONE', #2114, .T. ) ;
#2936 = AXIS2_PLACEMENT_3D ( 'NONE', #2201, #1665, #1645 ) ;
#2937 = ORIENTED_EDGE ( 'NONE', *, *, #1371, .F. ) ;
#2938 = CIRCLE ( 'NONE', #2589, 2.550000000000024691 ) ;
#2939 = DIRECTION ( 'NONE',  ( -1.000000000000000000, 0.000000000000000000, 0.000000000000000000 ) ) ;
#2940 = CARTESIAN_POINT ( 'NONE',  ( -58.99999999999998579, -13.24999999999997691, 30.00000000000000355 ) ) ;
#2941 = AXIS2_PLACEMENT_3D ( 'NONE', #2279, #3405, #888 ) ;
#2942 = ORIENTED_EDGE ( 'NONE', *, *, #1759, .F. ) ;
#2943 = CARTESIAN_POINT ( 'NONE',  ( -39.49999999999999289, 56.75000000000002842, 30.00000000000000000 ) ) ;
#2944 = CARTESIAN_POINT ( 'NONE',  ( 0.000000000000000000, 0.000000000000000000, -4.000000000000000000 ) ) ;
#2945 = EDGE_CURVE ( 'NONE', #1832, #272, #1924, .T. ) ;
#2946 = CARTESIAN_POINT ( 'NONE',  ( -39.99999999999999289, -48.00000000000000000, 3.000000000000000000 ) ) ;
#2947 = VERTEX_POINT ( 'NONE', #2437 ) ;
#2948 = CARTESIAN_POINT ( 'NONE',  ( 39.50000000000000711, -56.74999999999997158, 5.999999999999998224 ) ) ;
#2949 = DIRECTION ( 'NONE',  ( 0.000000000000000000, 0.000000000000000000, 1.000000000000000000 ) ) ;
#2950 = EDGE_CURVE ( 'NONE', #2335, #3476, #505, .T. ) ;
#2951 = VECTOR ( 'NONE', #2388, 1000.000000000000000 ) ;
#2952 = ORIENTED_EDGE ( 'NONE', *, *, #2545, .T. ) ;
#2953 =( BOUNDED_CURVE ( )  B_SPLINE_CURVE ( 3, ( #152, #1272, #203, #3006 ),
 .UNSPECIFIED., .F., .T. ) 
 B_SPLINE_CURVE_WITH_KNOTS ( ( 4, 4 ),
 ( 0.000000000000000000, 1.570796326794897668 ),
 .UNSPECIFIED. ) 
 CURVE ( )  GEOMETRIC_REPRESENTATION_ITEM ( )  RATIONAL_B_SPLINE_CURVE ( ( 1.000000000000000000, 0.8047378541243646044, 0.8047378541243646044, 1.000000000000000000 ) ) 
 REPRESENTATION_ITEM ( '' )  );
#2954 = DIRECTION ( 'NONE',  ( 0.000000000000000000, -0.000000000000000000, -1.000000000000000000 ) ) ;
#2955 = DIRECTION ( 'NONE',  ( 1.000000000000000000, 0.000000000000000000, 0.000000000000000000 ) ) ;
#2956 = PRODUCT_DEFINITION_FORMATION_WITH_SPECIFIED_SOURCE ( 'ANY', '', #2028, .NOT_KNOWN. ) ;
#2957 = DIRECTION ( 'NONE',  ( -1.000000000000000000, -1.239088197126290817E-16, 0.000000000000000000 ) ) ;
#2958 = EDGE_CURVE ( 'NONE', #96, #2270, #3602, .T. ) ;
#2959 = ORIENTED_EDGE ( 'NONE', *, *, #1798, .F. ) ;
#2960 = FACE_OUTER_BOUND ( 'NONE', #3112, .T. ) ;
#2961 = DIRECTION ( 'NONE',  ( -1.000000000000000000, 0.000000000000000000, 0.000000000000000000 ) ) ;
#2962 = VERTEX_POINT ( 'NONE', #1899 ) ;
#2963 = CARTESIAN_POINT ( 'NONE',  ( 56.74999999999997868, 15.50000000000004086, 30.00000000000000000 ) ) ;
#2964 = DIRECTION ( 'NONE',  ( 0.000000000000000000, 0.000000000000000000, 1.000000000000000000 ) ) ;
#2965 = DIRECTION ( 'NONE',  ( -0.000000000000000000, -0.000000000000000000, -1.000000000000000000 ) ) ;
#2966 = ORIENTED_EDGE ( 'NONE', *, *, #3335, .F. ) ;
#2967 = LINE ( 'NONE', #3318, #1055 ) ;
#2968 = CARTESIAN_POINT ( 'NONE',  ( 56.74999999999998579, -59.00000000000000000, 24.00000000000000000 ) ) ;
#2969 = EDGE_LOOP ( 'NONE', ( #1935, #2807, #1540, #3028 ) ) ;
#2970 = EDGE_CURVE ( 'NONE', #1618, #965, #1047, .T. ) ;
#2971 = FACE_OUTER_BOUND ( 'NONE', #3254, .T. ) ;
#2972 = DIRECTION ( 'NONE',  ( -0.000000000000000000, -1.000000000000000000, -0.000000000000000000 ) ) ;
#2973 = ORIENTED_EDGE ( 'NONE', *, *, #2478, .F. ) ;
#2974 = EDGE_LOOP ( 'NONE', ( #1204, #1986, #2875, #1859 ) ) ;
#2975 = DIRECTION ( 'NONE',  ( -0.000000000000000000, -0.000000000000000000, 1.000000000000000000 ) ) ;
#2976 = DIRECTION ( 'NONE',  ( 1.000000000000000000, 0.000000000000000000, -0.000000000000000000 ) ) ;
#2977 = VECTOR ( 'NONE', #1594, 1000.000000000000000 ) ;
#2978 = EDGE_LOOP ( 'NONE', ( #295, #241, #150, #2992 ) ) ;
#2979 = VECTOR ( 'NONE', #1384, 1000.000000000000000 ) ;
#2980 = CARTESIAN_POINT ( 'NONE',  ( 0.000000000000000000, 40.00000000000000000, 3.000000000000000000 ) ) ;
#2981 = CARTESIAN_POINT ( 'NONE',  ( -58.99999999999999289, 59.00000000000000000, 29.69999999999997087 ) ) ;
#2982 = ORIENTED_EDGE ( 'NONE', *, *, #1120, .T. ) ;
#2983 = CARTESIAN_POINT ( 'NONE',  ( -15.49999999999998934, 56.00000000000000711, 5.999999999999998224 ) ) ;
#2984 = AXIS2_PLACEMENT_3D ( 'NONE', #3443, #1201, #926 ) ;
#2985 = ORIENTED_EDGE ( 'NONE', *, *, #1141, .T. ) ;
#2986 = VECTOR ( 'NONE', #2845, 1000.000000000000000 ) ;
#2987 = DIRECTION ( 'NONE',  ( 0.000000000000000000, 1.000000000000000000, 0.000000000000000000 ) ) ;
#2988 = CARTESIAN_POINT ( 'NONE',  ( 39.50000000000000711, -56.74999999999997158, 5.999999999999998224 ) ) ;
#2989 = CARTESIAN_POINT ( 'NONE',  ( 56.74999999999997158, 39.50000000000004263, 5.999999999999998224 ) ) ;
#2990 = VECTOR ( 'NONE', #2925, 1000.000000000000000 ) ;
#2991 = ADVANCED_FACE ( 'NONE', ( #3323 ), #3364, .T. ) ;
#2992 = ORIENTED_EDGE ( 'NONE', *, *, #1974, .F. ) ;
#2993 = ORIENTED_EDGE ( 'NONE', *, *, #2165, .F. ) ;
#2994 = CYLINDRICAL_SURFACE ( 'NONE', #60, 2.250000000000001776 ) ;
#2995 = CIRCLE ( 'NONE', #3471, 2.250000000000001776 ) ;
#2996 = CARTESIAN_POINT ( 'NONE',  ( -36.99999999999999289, 52.99999999999999289, 0.000000000000000000 ) ) ;
#2997 = ADVANCED_FACE ( 'NONE', ( #827 ), #1885, .T. ) ;
#2998 = AXIS2_PLACEMENT_3D ( 'NONE', #1913, #1138, #2231 ) ;
#2999 = ORIENTED_EDGE ( 'NONE', *, *, #1759, .T. ) ;
#3000 = LINE ( 'NONE', #1043, #1884 ) ;
#3001 = AXIS2_PLACEMENT_3D ( 'NONE', #25, #572, #2261 ) ;
#3002 = LINE ( 'NONE', #3302, #3355 ) ;
#3003 = ORIENTED_EDGE ( 'NONE', *, *, #1117, .F. ) ;
#3004 = FACE_OUTER_BOUND ( 'NONE', #3566, .T. ) ;
#3005 = VERTEX_POINT ( 'NONE', #810 ) ;
#3006 = CARTESIAN_POINT ( 'NONE',  ( -53.00000000000000000, 37.00000000000000000, 0.000000000000000000 ) ) ;
#3007 = CARTESIAN_POINT ( 'NONE',  ( 55.99999999999999289, 56.00000000000000711, 30.00000000000000000 ) ) ;
#3008 = DIRECTION ( 'NONE',  ( 1.239088197126290817E-16, -1.000000000000000000, 0.000000000000000000 ) ) ;
#3009 = ORIENTED_EDGE ( 'NONE', *, *, #717, .F. ) ;
#3010 = CARTESIAN_POINT ( 'NONE',  ( -15.49999999999998934, 56.00000000000000711, 5.999999999999998224 ) ) ;
#3011 = CIRCLE ( 'NONE', #551, 3.000000000000002665 ) ;
#3012 = EDGE_CURVE ( 'NONE', #284, #75, #2556, .T. ) ;
#3013 = CARTESIAN_POINT ( 'NONE',  ( 58.99999999999997868, -59.00000000000000711, 30.00000000000000000 ) ) ;
#3014 = ORIENTED_EDGE ( 'NONE', *, *, #934, .F. ) ;
#3015 = EDGE_CURVE ( 'NONE', #3638, #2534, #1642, .T. ) ;
#3016 = CARTESIAN_POINT ( 'NONE',  ( 36.99999999999999289, 56.00000000000000711, 0.000000000000000000 ) ) ;
#3017 = LINE ( 'NONE', #1044, #1010 ) ;
#3018 = ORIENTED_EDGE ( 'NONE', *, *, #958, .F. ) ;
#3019 = DIRECTION ( 'NONE',  ( 1.000000000000000000, 1.176083712526648949E-16, 0.000000000000000000 ) ) ;
#3020 = ORIENTED_EDGE ( 'NONE', *, *, #2637, .F. ) ;
#3021 = CARTESIAN_POINT ( 'NONE',  ( 0.000000000000000000, 0.000000000000000000, 0.000000000000000000 ) ) ;
#3022 = LINE ( 'NONE', #493, #1050 ) ;
#3023 = ORIENTED_EDGE ( 'NONE', *, *, #1120, .F. ) ;
#3024 = VERTEX_POINT ( 'NONE', #252 ) ;
#3025 = DIRECTION ( 'NONE',  ( 0.000000000000000000, 0.000000000000000000, -1.000000000000000000 ) ) ;
#3026 = CARTESIAN_POINT ( 'NONE',  ( -45.75000000000000000, -48.00000000000000000, 5.699999999999987743 ) ) ;
#3027 = DIRECTION ( 'NONE',  ( -0.7071067811865546782, 8.659560562355017907E-17, 0.7071067811865403563 ) ) ;
#3028 = ORIENTED_EDGE ( 'NONE', *, *, #214, .F. ) ;
#3029 = ORIENTED_EDGE ( 'NONE', *, *, #3174, .F. ) ;
#3030 = DIRECTION ( 'NONE',  ( -0.000000000000000000, -0.000000000000000000, -1.000000000000000000 ) ) ;
#3031 = CONICAL_SURFACE ( 'NONE', #1286, 2.550000000000052225, 0.7853981633974815857 ) ;
#3032 = EDGE_CURVE ( 'NONE', #1165, #2771, #1455, .T. ) ;
#3033 = ORIENTED_EDGE ( 'NONE', *, *, #2711, .T. ) ;
#3034 = VECTOR ( 'NONE', #2267, 1000.000000000000000 ) ;
#3035 = CARTESIAN_POINT ( 'NONE',  ( 56.00000000000000711, -40.00000000000000000, 1.242640687119285214 ) ) ;
#3036 = EDGE_CURVE ( 'NONE', #382, #653, #1690, .T. ) ;
#3037 = ORIENTED_EDGE ( 'NONE', *, *, #2836, .F. ) ;
#3038 = CARTESIAN_POINT ( 'NONE',  ( 58.99999999999997868, -59.00000000000000711, -20.97056274847713908 ) ) ;
#3039 = CARTESIAN_POINT ( 'NONE',  ( -50.55000000000001137, 48.00000000000000000, 6.000000000000000000 ) ) ;
#3040 = ADVANCED_FACE ( 'NONE', ( #1191 ), #226, .F. ) ;
#3041 = ORIENTED_EDGE ( 'NONE', *, *, #558, .F. ) ;
#3042 = CIRCLE ( 'NONE', #2518, 8.000000000000000000 ) ;
#3043 = ORIENTED_EDGE ( 'NONE', *, *, #896, .F. ) ;
#3044 = DIRECTION ( 'NONE',  ( 1.000000000000000000, -0.000000000000000000, -0.000000000000000000 ) ) ;
#3045 = DIRECTION ( 'NONE',  ( 0.7071067811865453523, -0.7071067811865497932, -0.000000000000000000 ) ) ;
#3046 = CARTESIAN_POINT ( 'NONE',  ( 0.000000000000000000, -40.00000000000000000, 6.000000000000000000 ) ) ;
#3047 = VECTOR ( 'NONE', #296, 1000.000000000000114 ) ;
#3048 = ORIENTED_EDGE ( 'NONE', *, *, #2502, .T. ) ;
#3049 = CIRCLE ( 'NONE', #3111, 2.250000000000001776 ) ;
#3050 = CARTESIAN_POINT ( 'NONE',  ( -50.51471862576139671, 59.00000000000000711, 30.00000000000000000 ) ) ;
#3051 = DIRECTION ( 'NONE',  ( -1.000000000000000000, 0.000000000000000000, 0.000000000000000000 ) ) ;
#3052 = AXIS2_PLACEMENT_3D ( 'NONE', #796, #1126, #549 ) ;
#3053 = ORIENTED_EDGE ( 'NONE', *, *, #914, .T. ) ;
#3054 = AXIS2_PLACEMENT_3D ( 'NONE', #597, #3030, #522 ) ;
#3055 = EDGE_CURVE ( 'NONE', #2638, #957, #581, .T. ) ;
#3056 = CARTESIAN_POINT ( 'NONE',  ( 13.25000000000000533, -59.00000000000000000, 30.00000000000000355 ) ) ;
#3057 = CARTESIAN_POINT ( 'NONE',  ( 54.75735931288069480, 38.75735931288070901, -1.076072228735579641E-16 ) ) ;
#3058 = VECTOR ( 'NONE', #872, 1000.000000000000000 ) ;
#3059 = VERTEX_POINT ( 'NONE', #2528 ) ;
#3060 = CYLINDRICAL_SURFACE ( 'NONE', #3360, 2.250000000000001776 ) ;
#3061 = EDGE_CURVE ( 'NONE', #2246, #2720, #3092, .T. ) ;
#3062 = ADVANCED_FACE ( 'NONE', ( #2325 ), #3432, .F. ) ;
#3063 = DIRECTION ( 'NONE',  ( 0.000000000000000000, 0.000000000000000000, -1.000000000000000000 ) ) ;
#3064 = ORIENTED_EDGE ( 'NONE', *, *, #331, .F. ) ;
#3065 = VERTEX_POINT ( 'NONE', #916 ) ;
#3066 = DIRECTION ( 'NONE',  ( 1.000000000000000000, 0.000000000000000000, 0.000000000000000000 ) ) ;
#3067 = CARTESIAN_POINT ( 'NONE',  ( -39.49999999999999289, 56.00000000000000711, 5.999999999999998224 ) ) ;
#3068 = CARTESIAN_POINT ( 'NONE',  ( 55.99999999999999289, 40.00000000000000000, 6.000000000000000000 ) ) ;
#3069 = VECTOR ( 'NONE', #2133, 1000.000000000000000 ) ;
#3070 = VERTEX_POINT ( 'NONE', #91 ) ;
#3071 = LINE ( 'NONE', #595, #1928 ) ;
#3072 = CARTESIAN_POINT ( 'NONE',  ( 10.33333333333336235, -61.91666666666666430, 0.8333333333333508008 ) ) ;
#3073 = VERTEX_POINT ( 'NONE', #2799 ) ;
#3074 = LINE ( 'NONE', #775, #53 ) ;
#3075 = CARTESIAN_POINT ( 'NONE',  ( -58.99999999999999289, 59.00000000000000000, 29.69999999999997087 ) ) ;
#3076 = ORIENTED_EDGE ( 'NONE', *, *, #1580, .T. ) ;
#3077 = CARTESIAN_POINT ( 'NONE',  ( 36.99999999999999289, -52.99999999999999289, 0.000000000000000000 ) ) ;
#3078 = EDGE_CURVE ( 'NONE', #847, #2301, #2452, .T. ) ;
#3079 = ORIENTED_EDGE ( 'NONE', *, *, #3473, .T. ) ;
#3080 = ADVANCED_FACE ( 'NONE', ( #2599 ), #2022, .F. ) ;
#3081 = ORIENTED_EDGE ( 'NONE', *, *, #853, .F. ) ;
#3082 = DIRECTION ( 'NONE',  ( 0.000000000000000000, 0.000000000000000000, 1.000000000000000000 ) ) ;
#3083 = EDGE_CURVE ( 'NONE', #178, #622, #287, .T. ) ;
#3084 = FACE_OUTER_BOUND ( 'NONE', #1495, .T. ) ;
#3085 = DIRECTION ( 'NONE',  ( -1.000000000000000000, 0.000000000000000000, 0.000000000000000000 ) ) ;
#3086 = ADVANCED_FACE ( 'NONE', ( #1698, #900 ), #1987, .F. ) ;
#3087 = ORIENTED_EDGE ( 'NONE', *, *, #2002, .T. ) ;
#3088 = CARTESIAN_POINT ( 'NONE',  ( 56.74999999999997158, 39.50000000000004263, 30.00000000000000000 ) ) ;
#3089 = DIRECTION ( 'NONE',  ( -0.000000000000000000, 0.000000000000000000, 1.000000000000000000 ) ) ;
#3090 = EDGE_CURVE ( 'NONE', #3596, #2837, #1207, .T. ) ;
#3091 = ORIENTED_EDGE ( 'NONE', *, *, #1407, .T. ) ;
#3092 = LINE ( 'NONE', #563, #3034 ) ;
#3093 = CIRCLE ( 'NONE', #1459, 3.000000000000002665 ) ;
#3094 = AXIS2_PLACEMENT_3D ( 'NONE', #3046, #3389, #873 ) ;
#3095 = PLANE ( 'NONE',  #1936 ) ;
#3096 = CIRCLE ( 'NONE', #1517, 8.000000000000000000 ) ;
#3097 = VERTEX_POINT ( 'NONE', #2838 ) ;
#3098 = AXIS2_PLACEMENT_3D ( 'NONE', #2107, #2675, #1287 ) ;
#3099 = CARTESIAN_POINT ( 'NONE',  ( 0.000000000000000000, 0.000000000000000000, 5.999999999999998224 ) ) ;
#3100 = EDGE_LOOP ( 'NONE', ( #2328, #3588, #38, #1745 ) ) ;
#3101 = DIRECTION ( 'NONE',  ( 0.000000000000000000, 0.000000000000000000, 1.000000000000000000 ) ) ;
#3102 = DIRECTION ( 'NONE',  ( -1.239088197126290817E-16, -1.000000000000000000, 0.000000000000000000 ) ) ;
#3103 = LINE ( 'NONE', #1709, #1223 ) ;
#3104 = EDGE_CURVE ( 'NONE', #1945, #1351, #694, .T. ) ;
#3105 = CIRCLE ( 'NONE', #2404, 8.000000000000000000 ) ;
#3106 = ORIENTED_EDGE ( 'NONE', *, *, #2610, .F. ) ;
#3107 = CARTESIAN_POINT ( 'NONE',  ( -58.99999999999999289, 58.99999999999999289, 3.749999999999982681 ) ) ;
#3108 = AXIS2_PLACEMENT_3D ( 'NONE', #3010, #2170, #2738 ) ;
#3109 = DIRECTION ( 'NONE',  ( 1.239088197126290817E-16, -1.000000000000000000, 0.000000000000000000 ) ) ;
#3110 = EDGE_CURVE ( 'NONE', #3634, #533, #1413, .T. ) ;
#3111 = AXIS2_PLACEMENT_3D ( 'NONE', #127, #1192, #2310 ) ;
#3112 = EDGE_LOOP ( 'NONE', ( #2736, #1677, #747, #559 ) ) ;
#3113 = CONICAL_SURFACE ( 'NONE', #1185, 2.250000000000001776, 0.7853981633974640442 ) ;
#3114 = DIRECTION ( 'NONE',  ( -0.000000000000000000, -0.000000000000000000, 1.000000000000000000 ) ) ;
#3115 = DIRECTION ( 'NONE',  ( -0.000000000000000000, -0.000000000000000000, 1.000000000000000000 ) ) ;
#3116 = ADVANCED_FACE ( 'NONE', ( #864 ), #583, .F. ) ;
#3117 = CIRCLE ( 'NONE', #1996, 5.999999999999998224 ) ;
#3118 = ORIENTED_EDGE ( 'NONE', *, *, #2269, .F. ) ;
#3119 = PLANE ( 'NONE',  #3631 ) ;
#3120 = AXIS2_PLACEMENT_3D ( 'NONE', #446, #1532, #3276 ) ;
#3121 = VERTEX_POINT ( 'NONE', #309 ) ;
#3122 = CARTESIAN_POINT ( 'NONE',  ( 59.00000000000000711, 41.75000000000005684, 3.749999999999982681 ) ) ;
#3123 = DIRECTION ( 'NONE',  ( 0.000000000000000000, 0.000000000000000000, 1.000000000000000000 ) ) ;
#3124 = CARTESIAN_POINT ( 'NONE',  ( 36.99999999999999289, 0.000000000000000000, 3.000000000000000000 ) ) ;
#3125 = ORIENTED_EDGE ( 'NONE', *, *, #3174, .T. ) ;
#3126 = FACE_OUTER_BOUND ( 'NONE', #8, .T. ) ;
#3127 = ADVANCED_FACE ( 'NONE', ( #2006, #323 ), #618, .F. ) ;
#3128 = CYLINDRICAL_SURFACE ( 'NONE', #2648, 3.000000000000002665 ) ;
#3129 = ORIENTED_EDGE ( 'NONE', *, *, #3408, .F. ) ;
#3130 = ADVANCED_FACE ( 'NONE', ( #1518 ), #1788, .F. ) ;
#3131 = LINE ( 'NONE', #377, #893 ) ;
#3132 = VECTOR ( 'NONE', #2680, 1000.000000000000000 ) ;
#3133 = CARTESIAN_POINT ( 'NONE',  ( 48.00000000000000000, 48.00000000000000000, 6.000000000000000000 ) ) ;
#3134 = FACE_OUTER_BOUND ( 'NONE', #1406, .T. ) ;
#3135 = EDGE_LOOP ( 'NONE', ( #3333, #3328, #1097, #52 ) ) ;
#3136 = FACE_OUTER_BOUND ( 'NONE', #1731, .T. ) ;
#3137 = ORIENTED_EDGE ( 'NONE', *, *, #231, .T. ) ;
#3138 = DIRECTION ( 'NONE',  ( -0.7071067811865378028, -0.7071067811865573427, 0.000000000000000000 ) ) ;
#3139 = CARTESIAN_POINT ( 'NONE',  ( -45.75000000000000000, 48.00000000000000000, 5.699999999999984190 ) ) ;
#3140 = FACE_OUTER_BOUND ( 'NONE', #1381, .T. ) ;
#3141 = EDGE_LOOP ( 'NONE', ( #528, #784, #3436, #1084, #2730, #2193, #2379, #870, #1910, #1171, #129, #2750 ) ) ;
#3142 = DIRECTION ( 'NONE',  ( 0.000000000000000000, -1.000000000000000000, 0.000000000000000000 ) ) ;
#3143 = VERTEX_POINT ( 'NONE', #2123 ) ;
#3144 = CARTESIAN_POINT ( 'NONE',  ( 56.00000000000000711, -55.99999999999999289, 30.00000000000000000 ) ) ;
#3145 = DIRECTION ( 'NONE',  ( 0.000000000000000000, -0.000000000000000000, -1.000000000000000000 ) ) ;
#3146 = ADVANCED_FACE ( 'NONE', ( #224 ), #2906, .T. ) ;
#3147 = LINE ( 'NONE', #936, #66 ) ;
#3148 = ORIENTED_EDGE ( 'NONE', *, *, #1162, .F. ) ;
#3149 = EDGE_LOOP ( 'NONE', ( #1587, #2562 ) ) ;
#3150 = MECHANICAL_DESIGN_GEOMETRIC_PRESENTATION_REPRESENTATION (  '', ( #2684 ), #279 ) ;
#3151 = VECTOR ( 'NONE', #3256, 1000.000000000000000 ) ;
#3152 = PLANE ( 'NONE',  #1462 ) ;
#3153 = ADVANCED_FACE ( 'NONE', ( #3488 ), #3248, .F. ) ;
#3154 = VECTOR ( 'NONE', #991, 1000.000000000000000 ) ;
#3155 = ORIENTED_EDGE ( 'NONE', *, *, #3544, .T. ) ;
#3156 = CIRCLE ( 'NONE', #2451, 2.250000000000001776 ) ;
#3157 = FACE_OUTER_BOUND ( 'NONE', #1944, .T. ) ;
#3158 = EDGE_CURVE ( 'NONE', #45, #3552, #3227, .T. ) ;
#3159 = DIRECTION ( 'NONE',  ( 0.000000000000000000, 0.000000000000000000, 1.000000000000000000 ) ) ;
#3160 = AXIS2_PLACEMENT_3D ( 'NONE', #451, #2696, #715 ) ;
#3161 = DIRECTION ( 'NONE',  ( -0.000000000000000000, -0.000000000000000000, -1.000000000000000000 ) ) ;
#3162 = ORIENTED_EDGE ( 'NONE', *, *, #1435, .F. ) ;
#3163 = CARTESIAN_POINT ( 'NONE',  ( 59.00000000000000711, 59.00000000000000711, -4.000000000000000000 ) ) ;
#3164 = LINE ( 'NONE', #2320, #659 ) ;
#3165 = VECTOR ( 'NONE', #650, 1000.000000000000000 ) ;
#3166 = ORIENTED_EDGE ( 'NONE', *, *, #2244, .T. ) ;
#3167 = AXIS2_PLACEMENT_3D ( 'NONE', #3260, #221, #3311 ) ;
#3168 = CARTESIAN_POINT ( 'NONE',  ( -6.674275068588735883E-15, 56.75000000000002842, 5.999999999999998224 ) ) ;
#3169 = LINE ( 'NONE', #2363, #401 ) ;
#3170 = CIRCLE ( 'NONE', #1531, 2.250000000000001776 ) ;
#3171 = CARTESIAN_POINT ( 'NONE',  ( -39.49999999999999289, 56.75000000000002842, 30.00000000000000000 ) ) ;
#3172 = ORIENTED_EDGE ( 'NONE', *, *, #2970, .F. ) ;
#3173 = ORIENTED_EDGE ( 'NONE', *, *, #1646, .T. ) ;
#3174 = EDGE_CURVE ( 'NONE', #957, #2652, #2340, .T. ) ;
#3175 = LINE ( 'NONE', #383, #519 ) ;
#3176 = VECTOR ( 'NONE', #1168, 1000.000000000000000 ) ;
#3177 = ORIENTED_EDGE ( 'NONE', *, *, #2441, .T. ) ;
#3178 = ADVANCED_FACE ( 'NONE', ( #143 ), #1350, .T. ) ;
#3179 = VECTOR ( 'NONE', #1133, 1000.000000000000000 ) ;
#3180 = DIRECTION ( 'NONE',  ( -1.000000000000000000, 0.000000000000000000, 0.000000000000000000 ) ) ;
#3181 = CARTESIAN_POINT ( 'NONE',  ( 64.99999999999997158, 59.00000000000000711, -4.000000000000000000 ) ) ;
#3182 = ORIENTED_EDGE ( 'NONE', *, *, #2504, .F. ) ;
#3183 = PLANE ( 'NONE',  #291 ) ;
#3184 = CARTESIAN_POINT ( 'NONE',  ( 47.99999999999999289, -40.00000000000000000, 6.000000000000000000 ) ) ;
#3185 = ORIENTED_EDGE ( 'NONE', *, *, #3363, .T. ) ;
#3186 = DIRECTION ( 'NONE',  ( -1.000000000000000000, 0.000000000000000000, 0.000000000000000000 ) ) ;
#3187 = CARTESIAN_POINT ( 'NONE',  ( 0.000000000000000000, -40.00000000000000000, 6.000000000000000000 ) ) ;
#3188 = FACE_BOUND ( 'NONE', #2661, .T. ) ;
#3189 = ORIENTED_EDGE ( 'NONE', *, *, #1117, .T. ) ;
#3190 = ORIENTED_EDGE ( 'NONE', *, *, #2918, .T. ) ;
#3191 = AXIS2_PLACEMENT_3D ( 'NONE', #1548, #2957, #3008 ) ;
#3192 =( BOUNDED_CURVE ( )  B_SPLINE_CURVE ( 3, ( #3077, #1681, #1666, #1127 ),
 .UNSPECIFIED., .F., .T. ) 
 B_SPLINE_CURVE_WITH_KNOTS ( ( 4, 4 ),
 ( 1.570796326794896558, 3.141592653589793116 ),
 .UNSPECIFIED. ) 
 CURVE ( )  GEOMETRIC_REPRESENTATION_ITEM ( )  RATIONAL_B_SPLINE_CURVE ( ( 1.000000000000000000, 0.8047378541243649375, 0.8047378541243649375, 1.000000000000000000 ) ) 
 REPRESENTATION_ITEM ( '' )  );
#3193 = CARTESIAN_POINT ( 'NONE',  ( 58.99999999999999289, 59.00000000000000000, 29.70000000000000995 ) ) ;
#3194 = PRODUCT_RELATED_PRODUCT_CATEGORY ( 'part', '', ( #2028 ) ) ;
#3195 = ORIENTED_EDGE ( 'NONE', *, *, #1104, .F. ) ;
#3196 = DIRECTION ( 'NONE',  ( -0.000000000000000000, -0.000000000000000000, 1.000000000000000000 ) ) ;
#3197 = DIRECTION ( 'NONE',  ( 0.000000000000000000, 0.000000000000000000, -1.000000000000000000 ) ) ;
#3198 = CARTESIAN_POINT ( 'NONE',  ( 0.000000000000000000, 0.000000000000000000, 6.000000000000000000 ) ) ;
#3199 = ADVANCED_FACE ( 'NONE', ( #431 ), #2334, .F. ) ;
#3200 = VERTEX_POINT ( 'NONE', #2399 ) ;
#3201 = EDGE_CURVE ( 'NONE', #438, #1853, #1841, .T. ) ;
#3202 = ADVANCED_FACE ( 'NONE', ( #124 ), #285, .F. ) ;
#3203 = DIRECTION ( 'NONE',  ( 0.7071067811865711095, 0.000000000000000000, 0.7071067811865240360 ) ) ;
#3204 = CARTESIAN_POINT ( 'NONE',  ( -55.99999999999999289, -40.00000000000000000, 3.000000000000000000 ) ) ;
#3205 = VERTEX_POINT ( 'NONE', #1077 ) ;
#3206 = FACE_OUTER_BOUND ( 'NONE', #2119, .T. ) ;
#3207 = EDGE_CURVE ( 'NONE', #3552, #2888, #3169, .T. ) ;
#3208 = DIRECTION ( 'NONE',  ( -1.000000000000000000, 0.000000000000000000, 0.000000000000000000 ) ) ;
#3209 = LINE ( 'NONE', #690, #2876 ) ;
#3210 = ORIENTED_EDGE ( 'NONE', *, *, #2711, .F. ) ;
#3211 = CARTESIAN_POINT ( 'NONE',  ( 55.99999999999999289, -40.00000000000000000, 3.000000000000000000 ) ) ;
#3212 = CYLINDRICAL_SURFACE ( 'NONE', #3098, 3.000000000000002665 ) ;
#3213 = ORIENTED_EDGE ( 'NONE', *, *, #55, .F. ) ;
#3214 = CARTESIAN_POINT ( 'NONE',  ( 48.00000000000000000, -48.00000000000000000, 0.000000000000000000 ) ) ;
#3215 = DIRECTION ( 'NONE',  ( 1.000000000000000000, 0.000000000000000000, 0.000000000000000000 ) ) ;
#3216 = CARTESIAN_POINT ( 'NONE',  ( -47.99999999999999289, -48.00000000000000000, 0.000000000000000000 ) ) ;
#3217 = CONICAL_SURFACE ( 'NONE', #2448, 2.250000000000001776, 0.7853981633974640442 ) ;
#3218 = VECTOR ( 'NONE', #1134, 1000.000000000000000 ) ;
#3219 = ORIENTED_EDGE ( 'NONE', *, *, #345, .F. ) ;
#3220 = VERTEX_POINT ( 'NONE', #1770 ) ;
#3221 = AXIS2_PLACEMENT_3D ( 'NONE', #881, #3448, #16 ) ;
#3222 = EDGE_CURVE ( 'NONE', #982, #1428, #3156, .T. ) ;
#3223 = LINE ( 'NONE', #2117, #843 ) ;
#3224 = ORIENTED_EDGE ( 'NONE', *, *, #1784, .T. ) ;
#3225 = EDGE_CURVE ( 'NONE', #2781, #2282, #953, .T. ) ;
#3226 = DIRECTION ( 'NONE',  ( -0.7071067811865497932, 0.7071067811865453523, 0.000000000000000000 ) ) ;
#3227 = LINE ( 'NONE', #160, #1113 ) ;
#3228 = CARTESIAN_POINT ( 'NONE',  ( 39.99999999999999289, 48.00000000000000000, 6.000000000000000000 ) ) ;
#3229 = AXIS2_PLACEMENT_3D ( 'NONE', #2649, #1740, #119 ) ;
#3230 = ORIENTED_EDGE ( 'NONE', *, *, #2192, .F. ) ;
#3231 = CARTESIAN_POINT ( 'NONE',  ( -56.00000000000000711, 55.99999999999999289, 30.00000000000000000 ) ) ;
#3232 = CIRCLE ( 'NONE', #1122, 3.000000000000000000 ) ;
#3233 = LINE ( 'NONE', #2368, #2037 ) ;
#3234 = CIRCLE ( 'NONE', #2759, 2.250000000000001776 ) ;
#3235 = EDGE_LOOP ( 'NONE', ( #1968, #200 ) ) ;
#3236 = DIRECTION ( 'NONE',  ( 0.000000000000000000, 1.000000000000000000, 0.000000000000000000 ) ) ;
#3237 = DIRECTION ( 'NONE',  ( -0.000000000000000000, 0.000000000000000000, 1.000000000000000000 ) ) ;
#3238 = DIRECTION ( 'NONE',  ( -1.000000000000000000, 0.000000000000000000, 0.000000000000000000 ) ) ;
#3239 = VECTOR ( 'NONE', #3226, 1000.000000000000114 ) ;
#3240 = ORIENTED_EDGE ( 'NONE', *, *, #151, .T. ) ;
#3241 = ORIENTED_EDGE ( 'NONE', *, *, #2307, .F. ) ;
#3242 = VECTOR ( 'NONE', #198, 1000.000000000000000 ) ;
#3243 = FACE_OUTER_BOUND ( 'NONE', #3429, .T. ) ;
#3244 = DIRECTION ( 'NONE',  ( -1.000000000000000000, 0.000000000000000000, 0.000000000000000000 ) ) ;
#3245 = CIRCLE ( 'NONE', #1651, 8.000000000000000000 ) ;
#3246 = ORIENTED_EDGE ( 'NONE', *, *, #2162, .F. ) ;
#3247 = DIRECTION ( 'NONE',  ( -0.000000000000000000, -0.000000000000000000, 1.000000000000000000 ) ) ;
#3248 = CYLINDRICAL_SURFACE ( 'NONE', #460, 3.000000000000000000 ) ;
#3249 = CARTESIAN_POINT ( 'NONE',  ( 58.99999999999999289, -59.00000000000000000, 30.00000000000000000 ) ) ;
#3250 = EDGE_CURVE ( 'NONE', #1510, #2409, #106, .T. ) ;
#3251 = VERTEX_POINT ( 'NONE', #3466 ) ;
#3252 = ORIENTED_EDGE ( 'NONE', *, *, #1561, .T. ) ;
#3253 = CARTESIAN_POINT ( 'NONE',  ( 58.99999999999997868, -50.51471862576142513, 30.00000000000000000 ) ) ;
#3254 = EDGE_LOOP ( 'NONE', ( #1719, #2311, #186, #3486 ) ) ;
#3255 = FACE_OUTER_BOUND ( 'NONE', #1582, .T. ) ;
#3256 = DIRECTION ( 'NONE',  ( -0.000000000000000000, -0.000000000000000000, 1.000000000000000000 ) ) ;
#3257 = LINE ( 'NONE', #1612, #435 ) ;
#3258 = ORIENTED_EDGE ( 'NONE', *, *, #1733, .T. ) ;
#3259 = ORIENTED_EDGE ( 'NONE', *, *, #82, .F. ) ;
#3260 = CARTESIAN_POINT ( 'NONE',  ( -61.99999999999997868, -50.51471862576143934, 30.00000000000000000 ) ) ;
#3261 = FACE_OUTER_BOUND ( 'NONE', #1976, .T. ) ;
#3262 = ORIENTED_EDGE ( 'NONE', *, *, #3601, .F. ) ;
#3263 = CARTESIAN_POINT ( 'NONE',  ( -39.49999999999999289, 56.00000000000000711, 5.999999999999998224 ) ) ;
#3264 = DIRECTION ( 'NONE',  ( 2.312964634635746211E-15, -1.000000000000000000, -0.000000000000000000 ) ) ;
#3265 = VERTEX_POINT ( 'NONE', #689 ) ;
#3266 = ADVANCED_FACE ( 'NONE', ( #2067 ), #1824, .F. ) ;
#3267 = FACE_OUTER_BOUND ( 'NONE', #683, .T. ) ;
#3268 = ORIENTED_EDGE ( 'NONE', *, *, #3557, .T. ) ;
#3269 = DIRECTION ( 'NONE',  ( 0.000000000000000000, -0.000000000000000000, -1.000000000000000000 ) ) ;
#3270 = EDGE_CURVE ( 'NONE', #1021, #1136, #755, .T. ) ;
#3271 = LINE ( 'NONE', #475, #2686 ) ;
#3272 = CARTESIAN_POINT ( 'NONE',  ( -55.99999999999997868, -15.49999999999998224, 5.999999999999998224 ) ) ;
#3273 = ORIENTED_EDGE ( 'NONE', *, *, #878, .T. ) ;
#3274 = LINE ( 'NONE', #1995, #3047 ) ;
#3275 = ADVANCED_FACE ( 'NONE', ( #985 ), #298, .F. ) ;
#3276 = DIRECTION ( 'NONE',  ( -1.000000000000000000, 4.625929269271481378E-15, 0.000000000000000000 ) ) ;
#3277 = VECTOR ( 'NONE', #3063, 1000.000000000000000 ) ;
#3278 = AXIS2_PLACEMENT_3D ( 'NONE', #1155, #2560, #1173 ) ;
#3279 = AXIS2_PLACEMENT_3D ( 'NONE', #560, #894, #2001 ) ;
#3280 = VECTOR ( 'NONE', #2160, 1000.000000000000000 ) ;
#3281 = VERTEX_POINT ( 'NONE', #316 ) ;
#3282 = CARTESIAN_POINT ( 'NONE',  ( -15.49999999999998579, 56.00000000000000000, 30.00000000000000000 ) ) ;
#3283 = CARTESIAN_POINT ( 'NONE',  ( -39.49999999999999289, 56.00000000000000711, 30.00000000000000000 ) ) ;
#3284 = ORIENTED_EDGE ( 'NONE', *, *, #1261, .T. ) ;
#3285 = DIRECTION ( 'NONE',  ( 1.000000000000000000, 0.000000000000000000, 0.000000000000000000 ) ) ;
#3286 = VECTOR ( 'NONE', #3203, 1000.000000000000000 ) ;
#3287 = EDGE_CURVE ( 'NONE', #3305, #675, #1635, .T. ) ;
#3288 = ORIENTED_EDGE ( 'NONE', *, *, #2731, .F. ) ;
#3289 = CIRCLE ( 'NONE', #2699, 2.250000000000001776 ) ;
#3290 = FACE_OUTER_BOUND ( 'NONE', #2356, .T. ) ;
#3291 = DIRECTION ( 'NONE',  ( -3.469446951953619316E-15, 1.000000000000000000, 0.000000000000000000 ) ) ;
#3292 = ADVANCED_FACE ( 'NONE', ( #2811 ), #2538, .F. ) ;
#3293 = ORIENTED_EDGE ( 'NONE', *, *, #3519, .T. ) ;
#3294 = CARTESIAN_POINT ( 'NONE',  ( -45.75000000000000000, -48.00000000000000000, 0.000000000000000000 ) ) ;
#3295 = VECTOR ( 'NONE', #2100, 1000.000000000000000 ) ;
#3296 = FACE_OUTER_BOUND ( 'NONE', #547, .T. ) ;
#3297 = AXIS2_PLACEMENT_3D ( 'NONE', #862, #1695, #1410 ) ;
#3298 = ORIENTED_EDGE ( 'NONE', *, *, #3484, .T. ) ;
#3299 = PRODUCT_DEFINITION_SHAPE ( 'NONE', 'NONE',  #3465 ) ;
#3300 = LINE ( 'NONE', #2980, #2471 ) ;
#3301 = AXIS2_PLACEMENT_3D ( 'NONE', #1929, #3045, #1653 ) ;
#3302 = CARTESIAN_POINT ( 'NONE',  ( 53.00000000000000000, 6.567167444769341256E-15, -0.000000000000000000 ) ) ;
#3303 = ORIENTED_EDGE ( 'NONE', *, *, #2478, .T. ) ;
#3304 = DIRECTION ( 'NONE',  ( 1.000000000000000000, 1.176083712526648949E-16, -0.000000000000000000 ) ) ;
#3305 = VERTEX_POINT ( 'NONE', #26 ) ;
#3306 = PLANE ( 'NONE',  #418 ) ;
#3307 = CARTESIAN_POINT ( 'NONE',  ( -53.34314575050759544, 61.00000000000000000, 30.00000000000000000 ) ) ;
#3308 = ADVANCED_FACE ( 'NONE', ( #41 ), #1150, .T. ) ;
#3309 = ORIENTED_EDGE ( 'NONE', *, *, #1974, .T. ) ;
#3310 = VERTEX_POINT ( 'NONE', #2757 ) ;
#3311 = DIRECTION ( 'NONE',  ( -1.000000000000000000, 0.000000000000000000, 0.000000000000000000 ) ) ;
#3312 = EDGE_CURVE ( 'NONE', #2813, #1165, #2517, .T. ) ;
#3313 = FACE_BOUND ( 'NONE', #3149, .T. ) ;
#3314 = CARTESIAN_POINT ( 'NONE',  ( -55.99999999999997868, -15.49999999999998224, 5.999999999999998224 ) ) ;
#3315 = EDGE_CURVE ( 'NONE', #327, #311, #2262, .T. ) ;
#3316 = EDGE_CURVE ( 'NONE', #1279, #987, #859, .T. ) ;
#3317 = EDGE_LOOP ( 'NONE', ( #2893, #2694, #649, #1756, #1624, #2932, #2040, #1093 ) ) ;
#3318 = CARTESIAN_POINT ( 'NONE',  ( 39.99999999999999289, -48.00000000000000000, 0.000000000000000000 ) ) ;
#3319 = DIRECTION ( 'NONE',  ( 0.000000000000000000, 0.000000000000000000, -1.000000000000000000 ) ) ;
#3320 = LINE ( 'NONE', #3283, #3357 ) ;
#3321 = ORIENTED_EDGE ( 'NONE', *, *, #257, .T. ) ;
#3322 = EDGE_CURVE ( 'NONE', #272, #2347, #3103, .T. ) ;
#3323 = FACE_OUTER_BOUND ( 'NONE', #3141, .T. ) ;
#3324 = VERTEX_POINT ( 'NONE', #1909 ) ;
#3325 = DIRECTION ( 'NONE',  ( 1.000000000000000000, 0.000000000000000000, 0.000000000000000000 ) ) ;
#3326 = DIRECTION ( 'NONE',  ( 1.000000000000000000, 0.000000000000000000, 0.000000000000000000 ) ) ;
#3327 = EDGE_CURVE ( 'NONE', #3634, #3624, #538, .T. ) ;
#3328 = ORIENTED_EDGE ( 'NONE', *, *, #170, .T. ) ;
#3329 = ORIENTED_EDGE ( 'NONE', *, *, #22, .F. ) ;
#3330 = FACE_OUTER_BOUND ( 'NONE', #2000, .T. ) ;
#3331 = DIRECTION ( 'NONE',  ( 0.7071067811865586750, 0.000000000000000000, 0.7071067811865363595 ) ) ;
#3332 = LINE ( 'NONE', #819, #3635 ) ;
#3333 = ORIENTED_EDGE ( 'NONE', *, *, #3373, .F. ) ;
#3334 = CARTESIAN_POINT ( 'NONE',  ( -56.74999999999997158, -15.49999999999999467, 5.999999999999998224 ) ) ;
#3335 = EDGE_CURVE ( 'NONE', #2737, #3251, #2747, .T. ) ;
#3336 = DIRECTION ( 'NONE',  ( 0.000000000000000000, 0.000000000000000000, -1.000000000000000000 ) ) ;
#3337 = CIRCLE ( 'NONE', #752, 3.000000000000002665 ) ;
#3338 = ORIENTED_EDGE ( 'NONE', *, *, #1544, .F. ) ;
#3339 = EDGE_CURVE ( 'NONE', #2813, #732, #2832, .T. ) ;
#3340 = VECTOR ( 'NONE', #2254, 1000.000000000000227 ) ;
#3341 = EDGE_CURVE ( 'NONE', #96, #2633, #3572, .T. ) ;
#3342 = AXIS2_PLACEMENT_3D ( 'NONE', #1846, #2949, #1307 ) ;
#3343 = DIRECTION ( 'NONE',  ( 0.000000000000000000, 1.000000000000000000, 0.000000000000000000 ) ) ;
#3344 = DIRECTION ( 'NONE',  ( -0.000000000000000000, -0.000000000000000000, -1.000000000000000000 ) ) ;
#3345 = ORIENTED_EDGE ( 'NONE', *, *, #2034, .F. ) ;
#3346 = CYLINDRICAL_SURFACE ( 'NONE', #2415, 5.999999999999998224 ) ;
#3347 = VECTOR ( 'NONE', #2885, 1000.000000000000000 ) ;
#3348 = DIRECTION ( 'NONE',  ( 0.000000000000000000, 0.000000000000000000, 1.000000000000000000 ) ) ;
#3349 = ORIENTED_EDGE ( 'NONE', *, *, #1798, .T. ) ;
#3350 = AXIS2_PLACEMENT_3D ( 'NONE', #2247, #571, #2205 ) ;
#3351 = ORIENTED_EDGE ( 'NONE', *, *, #350, .T. ) ;
#3352 = FACE_OUTER_BOUND ( 'NONE', #1284, .T. ) ;
#3353 = CYLINDRICAL_SURFACE ( 'NONE', #308, 5.999999999999998224 ) ;
#3354 = DIRECTION ( 'NONE',  ( -1.619075244245022269E-14, 1.000000000000000000, 0.000000000000000000 ) ) ;
#3355 = VECTOR ( 'NONE', #1842, 1000.000000000000000 ) ;
#3356 = VERTEX_POINT ( 'NONE', #3068 ) ;
#3357 = VECTOR ( 'NONE', #3264, 1000.000000000000000 ) ;
#3358 = CARTESIAN_POINT ( 'NONE',  ( 47.99999999999999289, 48.00000000000000000, 6.000000000000000000 ) ) ;
#3359 = CARTESIAN_POINT ( 'NONE',  ( 53.34314575050759544, -61.00000000000000000, -4.000000000000000000 ) ) ;
#3360 = AXIS2_PLACEMENT_3D ( 'NONE', #1051, #1394, #2163 ) ;
#3361 = ORIENTED_EDGE ( 'NONE', *, *, #307, .T. ) ;
#3362 = VECTOR ( 'NONE', #176, 1000.000000000000000 ) ;
#3363 = EDGE_CURVE ( 'NONE', #2904, #3515, #2482, .T. ) ;
#3364 = PLANE ( 'NONE',  #2630 ) ;
#3365 = EDGE_CURVE ( 'NONE', #3456, #1376, #1948, .T. ) ;
#3366 = DIRECTION ( 'NONE',  ( -1.000000000000000000, 0.000000000000000000, 0.000000000000000000 ) ) ;
#3367 = EDGE_LOOP ( 'NONE', ( #1031, #3329, #2884, #2808 ) ) ;
#3368 = FACE_OUTER_BOUND ( 'NONE', #3403, .T. ) ;
#3369 = DIRECTION ( 'NONE',  ( -0.000000000000000000, -0.000000000000000000, -1.000000000000000000 ) ) ;
#3370 = EDGE_LOOP ( 'NONE', ( #3303, #31 ) ) ;
#3371 = ORIENTED_EDGE ( 'NONE', *, *, #1317, .T. ) ;
#3372 = CARTESIAN_POINT ( 'NONE',  ( 58.99999999999999289, -59.00000000000000000, 24.00000000000000000 ) ) ;
#3373 = EDGE_CURVE ( 'NONE', #138, #3205, #2226, .T. ) ;
#3374 = DIRECTION ( 'NONE',  ( -1.239088197126290817E-16, 1.000000000000000000, 0.000000000000000000 ) ) ;
#3375 = DIRECTION ( 'NONE',  ( -1.000000000000000000, -1.619075244245022269E-14, 0.000000000000000000 ) ) ;
#3376 = ORIENTED_EDGE ( 'NONE', *, *, #717, .T. ) ;
#3377 = DIRECTION ( 'NONE',  ( -1.176083712526648949E-16, 1.000000000000000000, 0.000000000000000000 ) ) ;
#3378 = LINE ( 'NONE', #3072, #1943 ) ;
#3379 = VERTEX_POINT ( 'NONE', #3611 ) ;
#3380 = CARTESIAN_POINT ( 'NONE',  ( 62.00000000000002132, -50.51471862576144645, -4.000000000000000000 ) ) ;
#3381 = DIRECTION ( 'NONE',  ( 0.000000000000000000, 0.000000000000000000, 1.000000000000000000 ) ) ;
#3382 = ORIENTED_EDGE ( 'NONE', *, *, #1898, .F. ) ;
#3383 = EDGE_CURVE ( 'NONE', #624, #628, #557, .T. ) ;
#3384 = DIRECTION ( 'NONE',  ( -1.000000000000000000, 0.000000000000000000, 0.000000000000000000 ) ) ;
#3385 = ORIENTED_EDGE ( 'NONE', *, *, #151, .F. ) ;
#3386 = PLANE ( 'NONE',  #1753 ) ;
#3387 = EDGE_CURVE ( 'NONE', #347, #1649, #3332, .T. ) ;
#3388 = CARTESIAN_POINT ( 'NONE',  ( -6.674275068588735883E-15, 56.75000000000002842, 5.999999999999998224 ) ) ;
#3389 = DIRECTION ( 'NONE',  ( 0.000000000000000000, 1.000000000000000000, 0.000000000000000000 ) ) ;
#3390 = EDGE_LOOP ( 'NONE', ( #1020, #616, #1549, #2608 ) ) ;
#3391 = LINE ( 'NONE', #2229, #1225 ) ;
#3392 = DIRECTION ( 'NONE',  ( -1.000000000000000000, -1.619075244245022269E-14, 0.000000000000000000 ) ) ;
#3393 = VERTEX_POINT ( 'NONE', #275 ) ;
#3394 = VECTOR ( 'NONE', #2106, 1000.000000000000000 ) ;
#3395 = DIRECTION ( 'NONE',  ( -1.000000000000000000, 0.000000000000000000, 0.000000000000000000 ) ) ;
#3396 = AXIS2_PLACEMENT_3D ( 'NONE', #3496, #3237, #3215 ) ;
#3397 = AXIS2_PLACEMENT_3D ( 'NONE', #842, #1963, #2776 ) ;
#3398 = CARTESIAN_POINT ( 'NONE',  ( -13.25000000000004619, 59.00000000000000711, 30.00000000000000000 ) ) ;
#3399 = ORIENTED_EDGE ( 'NONE', *, *, #2034, .T. ) ;
#3400 = AXIS2_PLACEMENT_3D ( 'NONE', #213, #1661, #1099 ) ;
#3401 = CARTESIAN_POINT ( 'NONE',  ( -55.99999999999999289, -56.00000000000000711, 30.00000000000000000 ) ) ;
#3402 = ADVANCED_FACE ( 'NONE', ( #1404, #3140 ), #117, .T. ) ;
#3403 = EDGE_LOOP ( 'NONE', ( #1905, #2627, #506, #1467 ) ) ;
#3404 = DIRECTION ( 'NONE',  ( -0.000000000000000000, -0.000000000000000000, -1.000000000000000000 ) ) ;
#3405 = DIRECTION ( 'NONE',  ( 0.7071067811865486830, 0.7071067811865463515, 0.000000000000000000 ) ) ;
#3406 = DIRECTION ( 'NONE',  ( -1.000000000000000000, 0.000000000000000000, 0.000000000000000000 ) ) ;
#3407 = AXIS2_PLACEMENT_3D ( 'NONE', #354, #1478, #2939 ) ;
#3408 = EDGE_CURVE ( 'NONE', #3310, #2016, #2355, .T. ) ;
#3409 = VERTEX_POINT ( 'NONE', #1509 ) ;
#3410 = DIRECTION ( 'NONE',  ( 1.000000000000000000, 1.239088197126290817E-16, -0.000000000000000000 ) ) ;
#3411 = AXIS2_PLACEMENT_3D ( 'NONE', #3372, #1439, #2260 ) ;
#3412 = CARTESIAN_POINT ( 'NONE',  ( -50.51471862576141092, -62.00000000000000711, -20.97056274847713908 ) ) ;
#3413 = CIRCLE ( 'NONE', #2705, 5.999999999999998224 ) ;
#3414 = ORIENTED_EDGE ( 'NONE', *, *, #3036, .T. ) ;
#3415 = VECTOR ( 'NONE', #708, 1000.000000000000000 ) ;
#3416 = DIRECTION ( 'NONE',  ( 1.000000000000000000, 0.000000000000000000, 0.000000000000000000 ) ) ;
#3417 = AXIS2_PLACEMENT_3D ( 'NONE', #3462, #3142, #949 ) ;
#3418 = ORIENTED_EDGE ( 'NONE', *, *, #1335, .T. ) ;
#3419 = DIRECTION ( 'NONE',  ( 0.000000000000000000, 0.000000000000000000, 1.000000000000000000 ) ) ;
#3420 = VECTOR ( 'NONE', #3627, 1000.000000000000000 ) ;
#3421 = VERTEX_POINT ( 'NONE', #2645 ) ;
#3422 = DIRECTION ( 'NONE',  ( 0.000000000000000000, -1.000000000000000000, 0.000000000000000000 ) ) ;
#3423 = CARTESIAN_POINT ( 'NONE',  ( 50.51471862576140381, -58.99999999999999289, -4.000000000000000000 ) ) ;
#3424 = DIRECTION ( 'NONE',  ( 1.000000000000000000, 0.000000000000000000, 0.000000000000000000 ) ) ;
#3425 = VERTEX_POINT ( 'NONE', #2056 ) ;
#3426 = DIRECTION ( 'NONE',  ( -0.000000000000000000, -0.000000000000000000, -1.000000000000000000 ) ) ;
#3427 = ADVANCED_FACE ( 'NONE', ( #627 ), #3481, .F. ) ;
#3428 = DIRECTION ( 'NONE',  ( 1.000000000000000000, 0.000000000000000000, 0.000000000000000000 ) ) ;
#3429 = EDGE_LOOP ( 'NONE', ( #937, #1386 ) ) ;
#3430 = EDGE_CURVE ( 'NONE', #1710, #3324, #2914, .T. ) ;
#3431 = FACE_OUTER_BOUND ( 'NONE', #2900, .T. ) ;
#3432 = CYLINDRICAL_SURFACE ( 'NONE', #993, 3.000000000000002665 ) ;
#3433 = CARTESIAN_POINT ( 'NONE',  ( 61.00000000000000711, -53.34314575050763807, -4.000000000000000000 ) ) ;
#3434 = VERTEX_POINT ( 'NONE', #945 ) ;
#3435 = ADVANCED_FACE ( 'NONE', ( #2298 ), #341, .F. ) ;
#3436 = ORIENTED_EDGE ( 'NONE', *, *, #3312, .F. ) ;
#3437 = DIRECTION ( 'NONE',  ( -1.000000000000000000, 0.000000000000000000, 0.000000000000000000 ) ) ;
#3438 = EDGE_LOOP ( 'NONE', ( #1592, #2717, #946, #2465 ) ) ;
#3439 = CARTESIAN_POINT ( 'NONE',  ( 56.00000000000000000, 15.50000000000004086, 30.00000000000000000 ) ) ;
#3440 = FACE_OUTER_BOUND ( 'NONE', #2369, .T. ) ;
#3441 = CARTESIAN_POINT ( 'NONE',  ( 58.99999999999999289, -59.00000000000000000, 30.00000000000000000 ) ) ;
#3442 = ORIENTED_EDGE ( 'NONE', *, *, #707, .F. ) ;
#3443 = CARTESIAN_POINT ( 'NONE',  ( -58.99999999999997868, -59.00000000000000711, 30.00000000000000000 ) ) ;
#3444 = PLANE ( 'NONE',  #2296 ) ;
#3445 = ADVANCED_FACE ( 'NONE', ( #2317 ), #1288, .F. ) ;
#3446 = ORIENTED_EDGE ( 'NONE', *, *, #3012, .T. ) ;
#3447 = CARTESIAN_POINT ( 'NONE',  ( 56.74999999999997158, 39.50000000000004263, 30.00000000000000000 ) ) ;
#3448 = DIRECTION ( 'NONE',  ( -0.000000000000000000, -0.000000000000000000, -1.000000000000000000 ) ) ;
#3449 = FACE_OUTER_BOUND ( 'NONE', #1081, .T. ) ;
#3450 = EDGE_CURVE ( 'NONE', #789, #162, #665, .T. ) ;
#3451 = ORIENTED_EDGE ( 'NONE', *, *, #1072, .T. ) ;
#3452 = ORIENTED_EDGE ( 'NONE', *, *, #320, .F. ) ;
#3453 = AXIS2_PLACEMENT_3D ( 'NONE', #756, #1292, #1579 ) ;
#3454 = FACE_OUTER_BOUND ( 'NONE', #155, .T. ) ;
#3455 = CIRCLE ( 'NONE', #2337, 2.250000000000001776 ) ;
#3456 = VERTEX_POINT ( 'NONE', #3181 ) ;
#3457 = AXIS2_PLACEMENT_3D ( 'NONE', #2823, #3114, #634 ) ;
#3458 = LINE ( 'NONE', #1236, #785 ) ;
#3459 = LINE ( 'NONE', #2166, #1513 ) ;
#3460 = ORIENTED_EDGE ( 'NONE', *, *, #325, .T. ) ;
#3461 = DIRECTION ( 'NONE',  ( 0.000000000000000000, 0.000000000000000000, 1.000000000000000000 ) ) ;
#3462 = CARTESIAN_POINT ( 'NONE',  ( 0.000000000000000000, 40.00000000000000000, 6.000000000000000000 ) ) ;
#3463 = EDGE_LOOP ( 'NONE', ( #3382, #1329, #540, #2012 ) ) ;
#3464 = CARTESIAN_POINT ( 'NONE',  ( 58.99999999999999289, 59.00000000000000000, 30.00000000000000000 ) ) ;
#3465 = PRODUCT_DEFINITION ( 'UNKNOWN', '', #2956, #1901 ) ;
#3466 = CARTESIAN_POINT ( 'NONE',  ( 56.44999999999999574, 59.00000000000000000, 30.00000000000000000 ) ) ;
#3467 = VECTOR ( 'NONE', #2449, 1000.000000000000000 ) ;
#3468 = DIRECTION ( 'NONE',  ( 0.000000000000000000, 0.000000000000000000, 1.000000000000000000 ) ) ;
#3469 = VERTEX_POINT ( 'NONE', #2607 ) ;
#3470 = EDGE_LOOP ( 'NONE', ( #2999, #2424, #2713, #1524 ) ) ;
#3471 = AXIS2_PLACEMENT_3D ( 'NONE', #2342, #930, #2614 ) ;
#3472 = ADVANCED_FACE ( 'NONE', ( #610 ), #2865, .F. ) ;
#3473 = EDGE_CURVE ( 'NONE', #2125, #443, #2393, .T. ) ;
#3474 = DIRECTION ( 'NONE',  ( 0.000000000000000000, 1.000000000000000000, 0.000000000000000000 ) ) ;
#3475 = AXIS2_PLACEMENT_3D ( 'NONE', #2378, #703, #787 ) ;
#3476 = VERTEX_POINT ( 'NONE', #2591 ) ;
#3477 = ADVANCED_FACE ( 'NONE', ( #1998 ), #387, .F. ) ;
#3478 = DIRECTION ( 'NONE',  ( 1.000000000000000000, 0.000000000000000000, 0.000000000000000000 ) ) ;
#3479 = AXIS2_PLACEMENT_3D ( 'NONE', #537, #1425, #3374 ) ;
#3480 = CARTESIAN_POINT ( 'NONE',  ( -47.99999999999999289, 37.00000000000000000, 0.000000000000000000 ) ) ;
#3481 = CYLINDRICAL_SURFACE ( 'NONE', #2099, 3.000000000000000000 ) ;
#3482 = VERTEX_POINT ( 'NONE', #2572 ) ;
#3483 = CARTESIAN_POINT ( 'NONE',  ( -39.99999999999999289, -56.00000000000000711, 1.242640687119285214 ) ) ;
#3484 = EDGE_CURVE ( 'NONE', #982, #2869, #647, .T. ) ;
#3485 = LINE ( 'NONE', #967, #1132 ) ;
#3486 = ORIENTED_EDGE ( 'NONE', *, *, #2950, .T. ) ;
#3487 = CARTESIAN_POINT ( 'NONE',  ( 48.00000000000000000, 48.00000000000000000, 5.699999999999987743 ) ) ;
#3488 = FACE_OUTER_BOUND ( 'NONE', #1994, .T. ) ;
#3489 = LINE ( 'NONE', #92, #1125 ) ;
#3490 = ORIENTED_EDGE ( 'NONE', *, *, #2285, .F. ) ;
#3491 = CARTESIAN_POINT ( 'NONE',  ( -50.51471862576141092, -62.00000000000000711, 30.00000000000000000 ) ) ;
#3492 = FACE_OUTER_BOUND ( 'NONE', #3524, .T. ) ;
#3493 = ADVANCED_FACE ( 'NONE', ( #1778 ), #46, .F. ) ;
#3494 = ORIENTED_EDGE ( 'NONE', *, *, #1743, .T. ) ;
#3495 = CARTESIAN_POINT ( 'NONE',  ( 59.00000000000000711, 59.00000000000000711, -4.000000000000000000 ) ) ;
#3496 = CARTESIAN_POINT ( 'NONE',  ( 48.00000000000000000, 48.00000000000000000, 0.000000000000000000 ) ) ;
#3497 = DIRECTION ( 'NONE',  ( -1.239088197126290817E-16, 1.000000000000000000, -0.000000000000000000 ) ) ;
#3498 = ORIENTED_EDGE ( 'NONE', *, *, #2613, .T. ) ;
#3499 = EDGE_CURVE ( 'NONE', #3324, #2813, #2015, .T. ) ;
#3500 = ORIENTED_EDGE ( 'NONE', *, *, #2498, .T. ) ;
#3501 = CARTESIAN_POINT ( 'NONE',  ( -55.99999999999999289, 40.00000000000000000, 6.000000000000000000 ) ) ;
#3502 = LINE ( 'NONE', #3013, #3362 ) ;
#3503 = ORIENTED_EDGE ( 'NONE', *, *, #108, .T. ) ;
#3504 = DIRECTION ( 'NONE',  ( -1.000000000000000000, -1.239088197126290817E-16, 0.000000000000000000 ) ) ;
#3505 = DIRECTION ( 'NONE',  ( 1.000000000000000000, 0.000000000000000000, 0.000000000000000000 ) ) ;
#3506 = LINE ( 'NONE', #1826, #710 ) ;
#3507 = ORIENTED_EDGE ( 'NONE', *, *, #2702, .F. ) ;
#3508 = CARTESIAN_POINT ( 'NONE',  ( 39.50000000000000711, -56.00000000000000711, 5.999999999999998224 ) ) ;
#3509 = CARTESIAN_POINT ( 'NONE',  ( 58.99999999999997868, 59.00000000000000711, 30.00000000000000000 ) ) ;
#3510 = ORIENTED_EDGE ( 'NONE', *, *, #1024, .T. ) ;
#3511 = CYLINDRICAL_SURFACE ( 'NONE', #2527, 2.250000000000001776 ) ;
#3512 = DIRECTION ( 'NONE',  ( -1.000000000000000000, 0.000000000000000000, 0.000000000000000000 ) ) ;
#3513 = CARTESIAN_POINT ( 'NONE',  ( 39.50000000000000711, -56.00000000000000711, 5.999999999999998224 ) ) ;
#3514 = VECTOR ( 'NONE', #3159, 1000.000000000000000 ) ;
#3515 = VERTEX_POINT ( 'NONE', #2332 ) ;
#3516 = CARTESIAN_POINT ( 'NONE',  ( 64.99999999999997158, -59.00000000000000711, 30.00000000000000000 ) ) ;
#3517 = CONICAL_SURFACE ( 'NONE', #2805, 2.250000000000001776, 0.7853981633974583820 ) ;
#3518 = PLANE ( 'NONE',  #2764 ) ;
#3519 = EDGE_CURVE ( 'NONE', #3143, #667, #1861, .T. ) ;
#3520 = ORIENTED_EDGE ( 'NONE', *, *, #2269, .T. ) ;
#3521 = LINE ( 'NONE', #430, #243 ) ;
#3522 = CARTESIAN_POINT ( 'NONE',  ( 6.567167444769341256E-15, -53.00000000000000000, 3.000000000000000000 ) ) ;
#3523 = DIRECTION ( 'NONE',  ( 1.000000000000000000, 0.000000000000000000, 0.000000000000000000 ) ) ;
#3524 = EDGE_LOOP ( 'NONE', ( #612, #2081, #2665, #2829 ) ) ;
#3525 = DIRECTION ( 'NONE',  ( -0.000000000000000000, -0.000000000000000000, -1.000000000000000000 ) ) ;
#3526 = AXIS2_PLACEMENT_3D ( 'NONE', #1837, #2975, #742 ) ;
#3527 = DIRECTION ( 'NONE',  ( -0.000000000000000000, -0.000000000000000000, -1.000000000000000000 ) ) ;
#3528 = CIRCLE ( 'NONE', #948, 2.550000000000052225 ) ;
#3529 = ORIENTED_EDGE ( 'NONE', *, *, #2521, .F. ) ;
#3530 = DIRECTION ( 'NONE',  ( 0.000000000000000000, -0.000000000000000000, 1.000000000000000000 ) ) ;
#3531 = CARTESIAN_POINT ( 'NONE',  ( -58.99999999999997868, -59.00000000000000711, -4.000000000000000000 ) ) ;
#3532 = LINE ( 'NONE', #1019, #1552 ) ;
#3533 = AXIS2_PLACEMENT_3D ( 'NONE', #3021, #3585, #507 ) ;
#3534 = ORIENTED_EDGE ( 'NONE', *, *, #3581, .T. ) ;
#3535 = ORIENTED_EDGE ( 'NONE', *, *, #246, .T. ) ;
#3536 = CIRCLE ( 'NONE', #1648, 5.999999999999998224 ) ;
#3537 = PLANE ( 'NONE',  #1298 ) ;
#3538 = DIRECTION ( 'NONE',  ( 1.000000000000000000, 0.000000000000000000, 0.000000000000000000 ) ) ;
#3539 = EDGE_LOOP ( 'NONE', ( #2763, #2150, #2188, #1108 ) ) ;
#3540 = EDGE_CURVE ( 'NONE', #2409, #1710, #3459, .T. ) ;
#3541 = CARTESIAN_POINT ( 'NONE',  ( -39.49999999999999289, 56.00000000000000711, 5.999999999999998224 ) ) ;
#3542 = CARTESIAN_POINT ( 'NONE',  ( -39.99999999999999289, 55.99999999999998579, 1.242640687119285436 ) ) ;
#3543 = ORIENTED_EDGE ( 'NONE', *, *, #641, .F. ) ;
#3544 = EDGE_CURVE ( 'NONE', #2621, #2908, #189, .T. ) ;
#3545 = DIRECTION ( 'NONE',  ( 0.000000000000000000, 0.000000000000000000, -1.000000000000000000 ) ) ;
#3546 = DIRECTION ( 'NONE',  ( -0.000000000000000000, -0.000000000000000000, 1.000000000000000000 ) ) ;
#3547 = EDGE_CURVE ( 'NONE', #3515, #178, #1872, .T. ) ;
#3548 = ORIENTED_EDGE ( 'NONE', *, *, #757, .T. ) ;
#3549 = LINE ( 'NONE', #1578, #2524 ) ;
#3550 = CARTESIAN_POINT ( 'NONE',  ( -56.75000000000001421, -39.49999999999999289, 30.00000000000000000 ) ) ;
#3551 = DIRECTION ( 'NONE',  ( -0.7071067811865711095, 8.659560562355222518E-17, 0.7071067811865240360 ) ) ;
#3552 = VERTEX_POINT ( 'NONE', #3513 ) ;
#3553 = CARTESIAN_POINT ( 'NONE',  ( -39.49999999999999289, 56.75000000000002132, 5.999999999999998224 ) ) ;
#3554 = CARTESIAN_POINT ( 'NONE',  ( -48.00000000000000000, 48.00000000000000000, 6.000000000000000000 ) ) ;
#3555 = ORIENTED_EDGE ( 'NONE', *, *, #1229, .T. ) ;
#3556 = LINE ( 'NONE', #179, #594 ) ;
#3557 = EDGE_CURVE ( 'NONE', #2531, #3305, #2858, .T. ) ;
#3558 = DIRECTION ( 'NONE',  ( -0.000000000000000000, -0.000000000000000000, -1.000000000000000000 ) ) ;
#3559 = EDGE_LOOP ( 'NONE', ( #2138, #3617, #1751, #1160 ) ) ;
#3560 = CARTESIAN_POINT ( 'NONE',  ( 59.00000000000001421, -58.99999999999999289, -4.000000000000000000 ) ) ;
#3561 = EDGE_CURVE ( 'NONE', #3393, #533, #168, .T. ) ;
#3562 = ORIENTED_EDGE ( 'NONE', *, *, #2072, .F. ) ;
#3563 = CARTESIAN_POINT ( 'NONE',  ( 61.24999999999999289, -59.00000000000000000, 29.69999999999997087 ) ) ;
#3564 = PLANE ( 'NONE',  #2033 ) ;
#3565 = DIRECTION ( 'NONE',  ( -1.000000000000000000, 0.000000000000000000, 0.000000000000000000 ) ) ;
#3566 = EDGE_LOOP ( 'NONE', ( #1894, #2754, #1365, #1025, #2573 ) ) ;
#3567 = VECTOR ( 'NONE', #1293, 1000.000000000000000 ) ;
#3568 = CARTESIAN_POINT ( 'NONE',  ( 6.674275068588731150E-15, -56.74999999999997868, 5.999999999999998224 ) ) ;
#3569 = VECTOR ( 'NONE', #2194, 1000.000000000000000 ) ;
#3570 = CARTESIAN_POINT ( 'NONE',  ( 15.50000000000000711, -59.00000000000001421, 5.999999999999998224 ) ) ;
#3571 = VECTOR ( 'NONE', #834, 1000.000000000000114 ) ;
#3572 = CIRCLE ( 'NONE', #3397, 3.000000000000002665 ) ;
#3573 = AXIS2_PLACEMENT_3D ( 'NONE', #1443, #335, #875 ) ;
#3574 = AXIS2_PLACEMENT_3D ( 'NONE', #2349, #3474, #959 ) ;
#3575 = ORIENTED_EDGE ( 'NONE', *, *, #1657, .F. ) ;
#3576 = LINE ( 'NONE', #2943, #1704 ) ;
#3577 = DIRECTION ( 'NONE',  ( 1.000000000000000000, 0.000000000000000000, 0.000000000000000000 ) ) ;
#3578 = ORIENTED_EDGE ( 'NONE', *, *, #3584, .F. ) ;
#3579 = EDGE_CURVE ( 'NONE', #2720, #3065, #3011, .T. ) ;
#3580 = CARTESIAN_POINT ( 'NONE',  ( -55.99999999999997868, -39.49999999999997868, 5.999999999999998224 ) ) ;
#3581 = EDGE_CURVE ( 'NONE', #2597, #1233, #1027, .T. ) ;
#3582 = EDGE_LOOP ( 'NONE', ( #1200, #724, #552, #240 ) ) ;
#3583 = VECTOR ( 'NONE', #326, 1000.000000000000000 ) ;
#3584 = EDGE_CURVE ( 'NONE', #3421, #2286, #88, .T. ) ;
#3585 = DIRECTION ( 'NONE',  ( 0.000000000000000000, 0.000000000000000000, -1.000000000000000000 ) ) ;
#3586 = DIRECTION ( 'NONE',  ( -0.000000000000000000, 0.000000000000000000, 1.000000000000000000 ) ) ;
#3587 = APPLICATION_PROTOCOL_DEFINITION ( 'draft international standard', 'automotive_design', 1998, #3622 ) ;
#3588 = ORIENTED_EDGE ( 'NONE', *, *, #282, .T. ) ;
#3589 = VERTEX_POINT ( 'NONE', #1814 ) ;
#3590 = DIRECTION ( 'NONE',  ( -8.316167683706410871E-17, 0.7071067811865453523, -0.7071067811865496822 ) ) ;
#3591 = AXIS2_PLACEMENT_3D ( 'NONE', #1264, #2380, #1206 ) ;
#3592 = DIRECTION ( 'NONE',  ( 1.000000000000000000, 0.000000000000000000, 0.000000000000000000 ) ) ;
#3593 = DIRECTION ( 'NONE',  ( -1.000000000000000000, -0.000000000000000000, -0.000000000000000000 ) ) ;
#3594 = AXIS2_PLACEMENT_3D ( 'NONE', #1430, #1658, #2780 ) ;
#3595 = ADVANCED_FACE ( 'NONE', ( #2935 ), #1564, .T. ) ;
#3596 = VERTEX_POINT ( 'NONE', #137 ) ;
#3597 = CARTESIAN_POINT ( 'NONE',  ( 58.99999999999997868, -59.00000000000000711, 30.00000000000000000 ) ) ;
#3598 = AXIS2_PLACEMENT_3D ( 'NONE', #2225, #841, #2248 ) ;
#3599 = CARTESIAN_POINT ( 'NONE',  ( -39.99999999999999289, 56.00000000000000711, 3.000000000000000000 ) ) ;
#3600 = VERTEX_POINT ( 'NONE', #1312 ) ;
#3601 = EDGE_CURVE ( 'NONE', #3600, #3097, #425, .T. ) ;
#3602 = LINE ( 'NONE', #3560, #2338 ) ;
#3603 = EDGE_LOOP ( 'NONE', ( #3490, #751, #277, #3338 ) ) ;
#3604 = DIRECTION ( 'NONE',  ( -0.000000000000000000, 0.000000000000000000, 1.000000000000000000 ) ) ;
#3605 = LINE ( 'NONE', #3007, #1862 ) ;
#3606 = EDGE_CURVE ( 'NONE', #3356, #3409, #3532, .T. ) ;
#3607 = EDGE_LOOP ( 'NONE', ( #447, #1249, #2187, #1874 ) ) ;
#3608 = EDGE_LOOP ( 'NONE', ( #2612, #462, #938, #2850 ) ) ;
#3609 = DIRECTION ( 'NONE',  ( 0.000000000000000000, 0.000000000000000000, 1.000000000000000000 ) ) ;
#3610 = LINE ( 'NONE', #5, #1189 ) ;
#3611 = CARTESIAN_POINT ( 'NONE',  ( -58.99999999999997868, -50.51471862576141092, 30.00000000000000000 ) ) ;
#3612 = EDGE_CURVE ( 'NONE', #1832, #1470, #722, .T. ) ;
#3613 = EDGE_CURVE ( 'NONE', #1333, #1811, #3257, .T. ) ;
#3614 = ORIENTED_EDGE ( 'NONE', *, *, #82, .T. ) ;
#3615 = DIRECTION ( 'NONE',  ( -0.000000000000000000, -0.000000000000000000, 1.000000000000000000 ) ) ;
#3616 = PLANE ( 'NONE',  #2712 ) ;
#3617 = ORIENTED_EDGE ( 'NONE', *, *, #113, .F. ) ;
#3618 = PLANE ( 'NONE',  #2748 ) ;
#3619 = DIRECTION ( 'NONE',  ( 1.000000000000000000, 0.000000000000000000, 0.000000000000000000 ) ) ;
#3620 = ORIENTED_EDGE ( 'NONE', *, *, #2129, .F. ) ;
#3621 = CARTESIAN_POINT ( 'NONE',  ( 58.99999999999997868, 59.00000000000000711, 30.00000000000000000 ) ) ;
#3622 = APPLICATION_CONTEXT ( 'automotive_design' ) ;
#3623 = CARTESIAN_POINT ( 'NONE',  ( -47.99999999999999289, -37.00000000000000000, 0.000000000000000000 ) ) ;
#3624 = VERTEX_POINT ( 'NONE', #1328 ) ;
#3625 = ORIENTED_EDGE ( 'NONE', *, *, #2551, .T. ) ;
#3626 = DIRECTION ( 'NONE',  ( 0.000000000000000000, 0.000000000000000000, -1.000000000000000000 ) ) ;
#3627 = DIRECTION ( 'NONE',  ( 0.000000000000000000, 0.000000000000000000, -1.000000000000000000 ) ) ;
#3628 = CARTESIAN_POINT ( 'NONE',  ( 39.99999999999999289, 0.000000000000000000, 6.000000000000000000 ) ) ;
#3629 = EDGE_LOOP ( 'NONE', ( #1828, #73, #2493, #1316 ) ) ;
#3630 = FACE_OUTER_BOUND ( 'NONE', #256, .T. ) ;
#3631 = AXIS2_PLACEMENT_3D ( 'NONE', #1212, #1176, #2011 ) ;
#3632 = EDGE_CURVE ( 'NONE', #1136, #1021, #2196, .T. ) ;
#3633 = CARTESIAN_POINT ( 'NONE',  ( 56.44999999999993889, -59.00000000000000000, 30.00000000000000000 ) ) ;
#3634 = VERTEX_POINT ( 'NONE', #2989 ) ;
#3635 = VECTOR ( 'NONE', #1930, 1000.000000000000000 ) ;
#3636 = DIRECTION ( 'NONE',  ( -0.000000000000000000, -0.000000000000000000, 1.000000000000000000 ) ) ;
#3637 = CARTESIAN_POINT ( 'NONE',  ( 55.99999999999999289, 40.00000000000000000, 3.000000000000000000 ) ) ;
#3638 = VERTEX_POINT ( 'NONE', #739 ) ;
#3639 = LINE ( 'NONE', #492, #2708 ) ;
#3640 = VECTOR ( 'NONE', #2036, 1000.000000000000000 ) ;
#3641 = DIRECTION ( 'NONE',  ( 1.000000000000000000, 0.000000000000000000, 0.000000000000000000 ) ) ;
ENDSEC;
END-ISO-10303-21;
