ISO-10303-21;
HEADER;
FILE_DESCRIPTION (( 'STEP AP214' ),
    '1' );
FILE_NAME ('part-urban-dist-v2-case.STEP',
    '2025-11-27T02:50:46',
    ( '' ),
    ( '' ),
    'SwSTEP 2.0',
    'SolidWorks 2024',
    '' );
FILE_SCHEMA (( 'AUTOMOTIVE_DESIGN' ));
ENDSEC;

DATA;
#1 = LINE ( 'NONE', #304, #2683 ) ;
#2 = ADVANCED_FACE ( 'NONE', ( #2166 ), #3334, .F. ) ;
#3 = DIRECTION ( 'NONE',  ( -1.000000000000000000, 0.000000000000000000, 0.000000000000000000 ) ) ;
#4 = CIRCLE ( 'NONE', #1259, 2.250000000000001776 ) ;
#5 = LINE ( 'NONE', #1757, #2093 ) ;
#6 = EDGE_CURVE ( 'NONE', #1608, #3411, #2135, .T. ) ;
#7 = CARTESIAN_POINT ( 'NONE',  ( -56.75000000000001421, -39.49999999999999289, 30.00000000000000000 ) ) ;
#8 = ORIENTED_EDGE ( 'NONE', *, *, #2515, .F. ) ;
#9 = AXIS2_PLACEMENT_3D ( 'NONE', #75, #56, #97 ) ;
#10 = ORIENTED_EDGE ( 'NONE', *, *, #2177, .T. ) ;
#11 = LINE ( 'NONE', #3515, #2588 ) ;
#12 = PLANE ( 'NONE',  #3153 ) ;
#13 = CARTESIAN_POINT ( 'NONE',  ( 39.99999999999999289, -55.99999999999999289, 5.999999999999998224 ) ) ;
#14 = VERTEX_POINT ( 'NONE', #1554 ) ;
#15 = PLANE ( 'NONE',  #2839 ) ;
#16 = VERTEX_POINT ( 'NONE', #1879 ) ;
#17 = ORIENTED_EDGE ( 'NONE', *, *, #3607, .F. ) ;
#18 = DIRECTION ( 'NONE',  ( 0.7071067811865711095, 0.000000000000000000, 0.7071067811865240360 ) ) ;
#19 = CARTESIAN_POINT ( 'NONE',  ( -36.99999999999999289, -0.000000000000000000, -0.000000000000000000 ) ) ;
#20 = DIRECTION ( 'NONE',  ( -0.000000000000000000, 0.000000000000000000, 1.000000000000000000 ) ) ;
#21 = CIRCLE ( 'NONE', #3130, 2.250000000000001776 ) ;
#22 = FACE_OUTER_BOUND ( 'NONE', #2590, .T. ) ;
#23 = ORIENTED_EDGE ( 'NONE', *, *, #444, .F. ) ;
#24 = VERTEX_POINT ( 'NONE', #2721 ) ;
#25 = VERTEX_POINT ( 'NONE', #1577 ) ;
#26 = DIRECTION ( 'NONE',  ( -1.000000000000000000, 0.000000000000000000, 0.000000000000000000 ) ) ;
#27 = AXIS2_PLACEMENT_3D ( 'NONE', #278, #1189, #2005 ) ;
#28 = CARTESIAN_POINT ( 'NONE',  ( 39.99999999999999289, 48.00000000000000000, 6.000000000000000000 ) ) ;
#29 = VECTOR ( 'NONE', #1318, 1000.000000000000000 ) ;
#30 = ORIENTED_EDGE ( 'NONE', *, *, #2289, .T. ) ;
#31 = CARTESIAN_POINT ( 'NONE',  ( -47.99999999999999289, 40.00000000000000000, 3.000000000000000000 ) ) ;
#32 = ORIENTED_EDGE ( 'NONE', *, *, #916, .F. ) ;
#33 = CONICAL_SURFACE ( 'NONE', #2776, 2.550000000000010481, 0.7853981633974352894 ) ;
#34 = ORIENTED_EDGE ( 'NONE', *, *, #2645, .F. ) ;
#35 = ADVANCED_FACE ( 'NONE', ( #114 ), #1271, .T. ) ;
#36 = LINE ( 'NONE', #1112, #3347 ) ;
#37 = ADVANCED_FACE ( 'NONE', ( #414 ), #253, .F. ) ;
#38 = LINE ( 'NONE', #2360, #618 ) ;
#39 = ADVANCED_FACE ( 'NONE', ( #2457 ), #2323, .T. ) ;
#40 = CARTESIAN_POINT ( 'NONE',  ( -6.938893903907228378E-15, -56.00000000000000000, 6.000000000000000000 ) ) ;
#41 = DIRECTION ( 'NONE',  ( -0.7071067811865586750, 8.659560562355069676E-17, 0.7071067811865363595 ) ) ;
#42 = EDGE_LOOP ( 'NONE', ( #2244, #1057, #1406, #706 ) ) ;
#43 = ORIENTED_EDGE ( 'NONE', *, *, #897, .F. ) ;
#44 = CIRCLE ( 'NONE', #289, 2.550000000000052225 ) ;
#45 = EDGE_CURVE ( 'NONE', #3018, #1838, #135, .T. ) ;
#46 = VERTEX_POINT ( 'NONE', #1409 ) ;
#47 = CARTESIAN_POINT ( 'NONE',  ( 58.99999999999997868, 50.51471862576145355, 30.00000000000000000 ) ) ;
#48 = CARTESIAN_POINT ( 'NONE',  ( 59.00000000000001421, -58.99999999999999289, -4.000000000000000000 ) ) ;
#49 = EDGE_LOOP ( 'NONE', ( #1285, #3288, #2319, #1233 ) ) ;
#50 = CARTESIAN_POINT ( 'NONE',  ( -56.00000000000001421, 40.00000000000000000, 1.242640687119283216 ) ) ;
#51 = ORIENTED_EDGE ( 'NONE', *, *, #81, .F. ) ;
#52 = ORIENTED_EDGE ( 'NONE', *, *, #1688, .F. ) ;
#53 = AXIS2_PLACEMENT_3D ( 'NONE', #2659, #1209, #2372 ) ;
#54 = CIRCLE ( 'NONE', #730, 2.550000000000024691 ) ;
#55 = DIRECTION ( 'NONE',  ( 1.176083712526648949E-16, -1.000000000000000000, -0.000000000000000000 ) ) ;
#56 = DIRECTION ( 'NONE',  ( -0.000000000000000000, -0.000000000000000000, -1.000000000000000000 ) ) ;
#57 = ADVANCED_FACE ( 'NONE', ( #2271 ), #2863, .F. ) ;
#58 = LINE ( 'NONE', #3284, #206 ) ;
#59 = CARTESIAN_POINT ( 'NONE',  ( 45.75000000000000000, 48.00000000000000000, 5.699999999999987743 ) ) ;
#60 = VERTEX_POINT ( 'NONE', #1978 ) ;
#61 = ORIENTED_EDGE ( 'NONE', *, *, #3367, .T. ) ;
#62 = ORIENTED_EDGE ( 'NONE', *, *, #797, .F. ) ;
#63 = LINE ( 'NONE', #1570, #1315 ) ;
#64 = EDGE_CURVE ( 'NONE', #425, #2118, #2031, .T. ) ;
#65 = DIRECTION ( 'NONE',  ( 0.000000000000000000, 0.000000000000000000, -1.000000000000000000 ) ) ;
#66 = VECTOR ( 'NONE', #1200, 1000.000000000000114 ) ;
#67 = VERTEX_POINT ( 'NONE', #3204 ) ;
#68 = PLANE ( 'NONE',  #3383 ) ;
#69 = CARTESIAN_POINT ( 'NONE',  ( 55.99999999999999289, 53.80384757729336798, 30.00000000000000000 ) ) ;
#70 = VERTEX_POINT ( 'NONE', #2613 ) ;
#71 = ORIENTED_EDGE ( 'NONE', *, *, #368, .T. ) ;
#72 = CARTESIAN_POINT ( 'NONE',  ( 0.000000000000000000, 0.000000000000000000, 0.000000000000000000 ) ) ;
#73 = DIRECTION ( 'NONE',  ( 0.000000000000000000, 0.000000000000000000, 1.000000000000000000 ) ) ;
#74 = DIRECTION ( 'NONE',  ( 1.000000000000000000, 0.000000000000000000, 0.000000000000000000 ) ) ;
#75 = CARTESIAN_POINT ( 'NONE',  ( 50.51471862576141802, 62.00000000000000711, 30.00000000000000000 ) ) ;
#76 = CARTESIAN_POINT ( 'NONE',  ( 0.000000000000000000, 40.00000000000000000, 6.000000000000000000 ) ) ;
#77 = CARTESIAN_POINT ( 'NONE',  ( 59.00000000000000711, 39.50000000000004263, 30.00000000000000000 ) ) ;
#78 = ORIENTED_EDGE ( 'NONE', *, *, #1295, .F. ) ;
#79 = ORIENTED_EDGE ( 'NONE', *, *, #991, .F. ) ;
#80 = ORIENTED_EDGE ( 'NONE', *, *, #2986, .F. ) ;
#81 = EDGE_CURVE ( 'NONE', #1352, #3665, #570, .T. ) ;
#82 = DIRECTION ( 'NONE',  ( 0.000000000000000000, 0.000000000000000000, 1.000000000000000000 ) ) ;
#83 = DIRECTION ( 'NONE',  ( -1.000000000000000000, 0.000000000000000000, 0.000000000000000000 ) ) ;
#84 = ADVANCED_FACE ( 'NONE', ( #2918 ), #2575, .T. ) ;
#85 = ORIENTED_EDGE ( 'NONE', *, *, #1737, .T. ) ;
#86 = CARTESIAN_POINT ( 'NONE',  ( -56.74999999999997868, -6.674275068588731150E-15, 5.999999999999998224 ) ) ;
#87 = DIRECTION ( 'NONE',  ( 0.000000000000000000, 0.000000000000000000, 1.000000000000000000 ) ) ;
#88 = ORIENTED_EDGE ( 'NONE', *, *, #1253, .T. ) ;
#89 = DIRECTION ( 'NONE',  ( -1.000000000000000000, -1.239088197126290817E-16, 0.000000000000000000 ) ) ;
#90 = ORIENTED_EDGE ( 'NONE', *, *, #3614, .T. ) ;
#91 = VECTOR ( 'NONE', #917, 1000.000000000000000 ) ;
#92 = EDGE_CURVE ( 'NONE', #1405, #794, #1, .T. ) ;
#93 = CIRCLE ( 'NONE', #517, 2.549999999999996714 ) ;
#94 = SHAPE_DEFINITION_REPRESENTATION ( #3400, #1987 ) ;
#95 = CARTESIAN_POINT ( 'NONE',  ( 15.50000000000000711, -59.00000000000001421, 30.00000000000000000 ) ) ;
#96 = DIRECTION ( 'NONE',  ( 0.000000000000000000, -0.000000000000000000, -1.000000000000000000 ) ) ;
#97 = DIRECTION ( 'NONE',  ( -1.000000000000000000, 0.000000000000000000, 0.000000000000000000 ) ) ;
#98 = CYLINDRICAL_SURFACE ( 'NONE', #3559, 5.999999999999998224 ) ;
#99 = FACE_OUTER_BOUND ( 'NONE', #3546, .T. ) ;
#100 = ORIENTED_EDGE ( 'NONE', *, *, #3021, .F. ) ;
#101 = AXIS2_PLACEMENT_3D ( 'NONE', #1727, #2893, #2081 ) ;
#102 = ORIENTED_EDGE ( 'NONE', *, *, #995, .F. ) ;
#103 = ORIENTED_EDGE ( 'NONE', *, *, #455, .F. ) ;
#104 = CIRCLE ( 'NONE', #3028, 2.550000000000010481 ) ;
#105 = CARTESIAN_POINT ( 'NONE',  ( 56.74999999999998579, 59.00000000000000000, 29.70000000000000995 ) ) ;
#106 = LINE ( 'NONE', #308, #1876 ) ;
#107 = AXIS2_PLACEMENT_3D ( 'NONE', #270, #858, #554 ) ;
#108 = ADVANCED_FACE ( 'NONE', ( #2630 ), #613, .T. ) ;
#109 = EDGE_CURVE ( 'NONE', #3482, #2820, #287, .T. ) ;
#110 = ORIENTED_EDGE ( 'NONE', *, *, #1870, .F. ) ;
#111 = CARTESIAN_POINT ( 'NONE',  ( -39.49999999999999289, 56.75000000000002842, 5.999999999999998224 ) ) ;
#112 = VECTOR ( 'NONE', #1665, 1000.000000000000000 ) ;
#113 = PLANE ( 'NONE',  #649 ) ;
#114 = FACE_OUTER_BOUND ( 'NONE', #1750, .T. ) ;
#115 = DIRECTION ( 'NONE',  ( -1.000000000000000000, 0.000000000000000000, 0.000000000000000000 ) ) ;
#116 = FACE_OUTER_BOUND ( 'NONE', #2784, .T. ) ;
#117 = ORIENTED_EDGE ( 'NONE', *, *, #1177, .T. ) ;
#118 = DIRECTION ( 'NONE',  ( 0.000000000000000000, 0.000000000000000000, 1.000000000000000000 ) ) ;
#119 = LINE ( 'NONE', #1537, #2071 ) ;
#120 = AXIS2_PLACEMENT_3D ( 'NONE', #3664, #1917, #491 ) ;
#121 = EDGE_CURVE ( 'NONE', #2894, #585, #3743, .T. ) ;
#122 = CARTESIAN_POINT ( 'NONE',  ( -55.99999999999999289, -53.80384757729336798, 5.999999999999998224 ) ) ;
#123 = EDGE_CURVE ( 'NONE', #3538, #46, #1045, .T. ) ;
#124 = CARTESIAN_POINT ( 'NONE',  ( -56.75000000000001421, -39.49999999999999289, 30.00000000000000000 ) ) ;
#125 = EDGE_LOOP ( 'NONE', ( #1942, #1859, #3593, #3716 ) ) ;
#126 = ORIENTED_EDGE ( 'NONE', *, *, #1159, .T. ) ;
#127 = VERTEX_POINT ( 'NONE', #322 ) ;
#128 = ADVANCED_FACE ( 'NONE', ( #2286 ), #1732, .F. ) ;
#129 = DIRECTION ( 'NONE',  ( -0.7071067811865464625, 0.7071067811865486830, 0.000000000000000000 ) ) ;
#130 = EDGE_CURVE ( 'NONE', #436, #3305, #2306, .T. ) ;
#131 = VERTEX_POINT ( 'NONE', #2560 ) ;
#132 = CARTESIAN_POINT ( 'NONE',  ( -10.33333333333338011, 61.91666666666669983, 0.8333333333333751147 ) ) ;
#133 = FACE_OUTER_BOUND ( 'NONE', #242, .T. ) ;
#134 = DIRECTION ( 'NONE',  ( -0.000000000000000000, -0.000000000000000000, 1.000000000000000000 ) ) ;
#135 = CIRCLE ( 'NONE', #741, 5.999999999999998224 ) ;
#136 = CARTESIAN_POINT ( 'NONE',  ( -56.44999999999993889, 59.00000000000000000, 30.00000000000000000 ) ) ;
#137 = AXIS2_PLACEMENT_3D ( 'NONE', #1340, #3396, #1321 ) ;
#138 = CARTESIAN_POINT ( 'NONE',  ( -56.44999999999999574, -59.00000000000000000, 30.00000000000000000 ) ) ;
#139 = ORIENTED_EDGE ( 'NONE', *, *, #3438, .T. ) ;
#140 = DIRECTION ( 'NONE',  ( -1.000000000000000000, 0.000000000000000000, 0.000000000000000000 ) ) ;
#141 = DIRECTION ( 'NONE',  ( -0.000000000000000000, -0.000000000000000000, -1.000000000000000000 ) ) ;
#142 = CARTESIAN_POINT ( 'NONE',  ( 15.50000000000000711, -56.74999999999997868, 5.999999999999998224 ) ) ;
#143 = CARTESIAN_POINT ( 'NONE',  ( 56.00000000000000711, 39.50000000000004263, 5.999999999999998224 ) ) ;
#144 = EDGE_LOOP ( 'NONE', ( #1268, #3090, #3308, #908 ) ) ;
#145 = ORIENTED_EDGE ( 'NONE', *, *, #3416, .T. ) ;
#146 = ORIENTED_EDGE ( 'NONE', *, *, #2362, .F. ) ;
#147 = DIRECTION ( 'NONE',  ( -1.000000000000000000, 0.000000000000000000, 0.000000000000000000 ) ) ;
#148 = DIRECTION ( 'NONE',  ( -1.000000000000000000, 0.000000000000000000, 0.000000000000000000 ) ) ;
#149 = DIRECTION ( 'NONE',  ( 0.7071067811865586750, 0.000000000000000000, 0.7071067811865363595 ) ) ;
#150 = DIRECTION ( 'NONE',  ( 0.000000000000000000, 0.000000000000000000, -1.000000000000000000 ) ) ;
#151 = EDGE_CURVE ( 'NONE', #3099, #3325, #3725, .T. ) ;
#152 = CARTESIAN_POINT ( 'NONE',  ( 47.99999999999999289, -37.00000000000000000, 0.000000000000000000 ) ) ;
#153 = ORIENTED_EDGE ( 'NONE', *, *, #1620, .T. ) ;
#154 = PLANE ( 'NONE',  #458 ) ;
#155 = DIRECTION ( 'NONE',  ( -0.000000000000000000, -0.000000000000000000, 1.000000000000000000 ) ) ;
#156 = VECTOR ( 'NONE', #1291, 1000.000000000000000 ) ;
#157 = ADVANCED_FACE ( 'NONE', ( #535 ), #1695, .F. ) ;
#158 = AXIS2_PLACEMENT_3D ( 'NONE', #3001, #3598, #2186 ) ;
#159 = EDGE_CURVE ( 'NONE', #1581, #302, #1713, .T. ) ;
#160 = CARTESIAN_POINT ( 'NONE',  ( 58.99999999999997868, 59.00000000000000711, 30.00000000000000000 ) ) ;
#161 = CARTESIAN_POINT ( 'NONE',  ( 58.99999999999997868, -59.00000000000000711, -4.000000000000000000 ) ) ;
#162 = VECTOR ( 'NONE', #2201, 1000.000000000000000 ) ;
#163 = CARTESIAN_POINT ( 'NONE',  ( 55.99999999999999289, -40.00000000000000000, 3.000000000000000000 ) ) ;
#164 = ORIENTED_EDGE ( 'NONE', *, *, #2434, .F. ) ;
#165 = ORIENTED_EDGE ( 'NONE', *, *, #1861, .F. ) ;
#166 = VERTEX_POINT ( 'NONE', #1216 ) ;
#167 = DIRECTION ( 'NONE',  ( -1.000000000000000000, -0.000000000000000000, -0.000000000000000000 ) ) ;
#168 = CIRCLE ( 'NONE', #1985, 2.550000000000052225 ) ;
#169 = DIRECTION ( 'NONE',  ( 0.7071067811865586750, 0.000000000000000000, 0.7071067811865363595 ) ) ;
#170 = EDGE_CURVE ( 'NONE', #2905, #3613, #2426, .T. ) ;
#171 = LINE ( 'NONE', #740, #775 ) ;
#172 = AXIS2_PLACEMENT_3D ( 'NONE', #3087, #3644, #471 ) ;
#173 = CARTESIAN_POINT ( 'NONE',  ( 45.44999999999998863, -48.00000000000000000, 6.000000000000000000 ) ) ;
#174 = CIRCLE ( 'NONE', #3576, 5.999999999999998224 ) ;
#175 = CARTESIAN_POINT ( 'NONE',  ( 59.00000000000000711, 50.51471862576144645, -4.000000000000000000 ) ) ;
#176 = EDGE_LOOP ( 'NONE', ( #3567, #2810, #610, #3317 ) ) ;
#177 = CARTESIAN_POINT ( 'NONE',  ( -48.00000000000000000, 48.00000000000000000, 6.000000000000000000 ) ) ;
#178 = CARTESIAN_POINT ( 'NONE',  ( 36.99999999999999289, 53.00000000000000000, 0.000000000000000000 ) ) ;
#179 = LINE ( 'NONE', #210, #568 ) ;
#180 = CARTESIAN_POINT ( 'NONE',  ( -53.34314575050760254, 61.00000000000000000, -4.000000000000000000 ) ) ;
#181 = CARTESIAN_POINT ( 'NONE',  ( 0.000000000000000000, 0.000000000000000000, 5.999999999999998224 ) ) ;
#182 = ORIENTED_EDGE ( 'NONE', *, *, #2184, .T. ) ;
#183 = ORIENTED_EDGE ( 'NONE', *, *, #2014, .F. ) ;
#184 = ORIENTED_EDGE ( 'NONE', *, *, #1671, .T. ) ;
#185 = CARTESIAN_POINT ( 'NONE',  ( 58.99999999999999289, 59.00000000000000000, 30.00000000000000000 ) ) ;
#186 = EDGE_CURVE ( 'NONE', #1231, #3363, #1519, .T. ) ;
#187 = LINE ( 'NONE', #1968, #3378 ) ;
#188 = DIRECTION ( 'NONE',  ( 1.000000000000000000, 1.176083712526648949E-16, -0.000000000000000000 ) ) ;
#189 = CARTESIAN_POINT ( 'NONE',  ( -38.75735931288070901, 54.75735931288069480, 3.228216686206738306E-16 ) ) ;
#190 = DIRECTION ( 'NONE',  ( 1.000000000000000000, 0.000000000000000000, 0.000000000000000000 ) ) ;
#191 = VERTEX_POINT ( 'NONE', #630 ) ;
#192 = DIRECTION ( 'NONE',  ( -1.000000000000000000, 0.000000000000000000, 0.000000000000000000 ) ) ;
#193 = AXIS2_PLACEMENT_3D ( 'NONE', #873, #1768, #1464 ) ;
#194 = DIRECTION ( 'NONE',  ( -0.000000000000000000, 0.000000000000000000, -1.000000000000000000 ) ) ;
#195 = CARTESIAN_POINT ( 'NONE',  ( -58.99999999999997868, -50.51471862576142513, 30.00000000000000000 ) ) ;
#196 = CARTESIAN_POINT ( 'NONE',  ( 0.000000000000000000, 0.000000000000000000, 0.000000000000000000 ) ) ;
#197 = VERTEX_POINT ( 'NONE', #989 ) ;
#198 = ORIENTED_EDGE ( 'NONE', *, *, #916, .T. ) ;
#199 = LINE ( 'NONE', #773, #1089 ) ;
#200 = DIRECTION ( 'NONE',  ( -1.000000000000000000, 0.000000000000000000, 0.000000000000000000 ) ) ;
#201 = ADVANCED_FACE ( 'NONE', ( #2728 ), #2112, .T. ) ;
#202 = DIRECTION ( 'NONE',  ( 0.000000000000000000, -0.000000000000000000, -1.000000000000000000 ) ) ;
#203 = DIRECTION ( 'NONE',  ( -1.000000000000000000, 0.000000000000000000, 0.000000000000000000 ) ) ;
#204 = CARTESIAN_POINT ( 'NONE',  ( 36.99999999999999289, 48.00000000000000000, 3.000000000000000000 ) ) ;
#205 = EDGE_CURVE ( 'NONE', #2389, #1386, #2706, .T. ) ;
#206 = VECTOR ( 'NONE', #931, 1000.000000000000000 ) ;
#207 = DIRECTION ( 'NONE',  ( -1.000000000000000000, 0.000000000000000000, 0.000000000000000000 ) ) ;
#208 = ORIENTED_EDGE ( 'NONE', *, *, #3617, .T. ) ;
#209 = EDGE_CURVE ( 'NONE', #675, #3374, #2954, .T. ) ;
#210 = CARTESIAN_POINT ( 'NONE',  ( -53.80384757729335377, 55.99999999999999289, -20.97056274847713908 ) ) ;
#211 = FACE_BOUND ( 'NONE', #726, .T. ) ;
#212 = AXIS2_PLACEMENT_3D ( 'NONE', #1683, #1632, #796 ) ;
#213 = DIRECTION ( 'NONE',  ( 0.000000000000000000, -0.000000000000000000, 1.000000000000000000 ) ) ;
#214 = AXIS2_PLACEMENT_3D ( 'NONE', #1030, #2482, #3608 ) ;
#215 = ORIENTED_EDGE ( 'NONE', *, *, #3145, .F. ) ;
#216 = ORIENTED_EDGE ( 'NONE', *, *, #1571, .T. ) ;
#218 = CYLINDRICAL_SURFACE ( 'NONE', #3463, 3.000000000000000000 ) ;
#217 = VECTOR ( 'NONE', #466, 1000.000000000000000 ) ;
#219 = CARTESIAN_POINT ( 'NONE',  ( -48.00000000000000000, 48.00000000000000000, 0.000000000000000000 ) ) ;
#220 = VERTEX_POINT ( 'NONE', #3541 ) ;
#221 = DIRECTION ( 'NONE',  ( -1.000000000000000000, 0.000000000000000000, 0.000000000000000000 ) ) ;
#222 = CARTESIAN_POINT ( 'NONE',  ( -15.49999999999998579, 56.00000000000000000, 30.00000000000000000 ) ) ;
#223 = DIRECTION ( 'NONE',  ( -0.000000000000000000, -0.000000000000000000, -1.000000000000000000 ) ) ;
#224 = EDGE_CURVE ( 'NONE', #1496, #900, #1104, .T. ) ;
#225 = AXIS2_PLACEMENT_3D ( 'NONE', #662, #2966, #1531 ) ;
#226 = ADVANCED_FACE ( 'NONE', ( #929 ), #2446, .F. ) ;
#227 = VECTOR ( 'NONE', #279, 1000.000000000000000 ) ;
#228 = LINE ( 'NONE', #564, #528 ) ;
#229 = ORIENTED_EDGE ( 'NONE', *, *, #2289, .F. ) ;
#230 = CIRCLE ( 'NONE', #1992, 3.000000000000000000 ) ;
#231 = DIRECTION ( 'NONE',  ( 1.000000000000000000, 0.000000000000000000, 0.000000000000000000 ) ) ;
#232 = EDGE_CURVE ( 'NONE', #524, #25, #3585, .T. ) ;
#233 = CARTESIAN_POINT ( 'NONE',  ( -61.24999999999999289, 59.00000000000000000, 24.00000000000000000 ) ) ;
#234 = LINE ( 'NONE', #515, #1082 ) ;
#235 = ORIENTED_EDGE ( 'NONE', *, *, #2924, .F. ) ;
#236 = ORIENTED_EDGE ( 'NONE', *, *, #1387, .T. ) ;
#237 = CYLINDRICAL_SURFACE ( 'NONE', #1511, 2.999999999999995559 ) ;
#238 = DIRECTION ( 'NONE',  ( 0.7071067811865505703, -0.7071067811865444641, 0.000000000000000000 ) ) ;
#239 = AXIS2_PLACEMENT_3D ( 'NONE', #1770, #1758, #2653 ) ;
#240 = VERTEX_POINT ( 'NONE', #951 ) ;
#241 = EDGE_CURVE ( 'NONE', #166, #1889, #119, .T. ) ;
#242 = EDGE_LOOP ( 'NONE', ( #1093, #236, #967, #3070, #3174, #542, #2964, #2929, #1480, #1918, #2732, #1396, #3120 ) ) ;
#243 = LINE ( 'NONE', #1365, #1065 ) ;
#244 = SURFACE_STYLE_FILL_AREA ( #505 ) ;
#245 = DIRECTION ( 'NONE',  ( 0.000000000000000000, 0.000000000000000000, 1.000000000000000000 ) ) ;
#246 = ADVANCED_FACE ( 'NONE', ( #3035 ), #2930, .F. ) ;
#247 = CYLINDRICAL_SURFACE ( 'NONE', #285, 2.250000000000001776 ) ;
#248 = ORIENTED_EDGE ( 'NONE', *, *, #3283, .F. ) ;
#249 = ORIENTED_EDGE ( 'NONE', *, *, #2361, .T. ) ;
#250 = CARTESIAN_POINT ( 'NONE',  ( -45.75000000000000000, -48.00000000000000000, 6.000000000000000000 ) ) ;
#251 = CARTESIAN_POINT ( 'NONE',  ( 13.25000000000000533, -59.00000000000000000, -4.000000000000000000 ) ) ;
#252 = CARTESIAN_POINT ( 'NONE',  ( 45.44999999999998863, -48.00000000000000000, 6.000000000000000000 ) ) ;
#253 = CONICAL_SURFACE ( 'NONE', #2379, 2.550000000000010481, 0.7853981633974352894 ) ;
#254 = ORIENTED_EDGE ( 'NONE', *, *, #3323, .F. ) ;
#255 = AXIS2_PLACEMENT_3D ( 'NONE', #3649, #1885, #1051 ) ;
#256 = LINE ( 'NONE', #1945, #2612 ) ;
#257 = DIRECTION ( 'NONE',  ( 0.000000000000000000, -1.000000000000000000, 0.000000000000000000 ) ) ;
#258 = ORIENTED_EDGE ( 'NONE', *, *, #2998, .T. ) ;
#259 = ORIENTED_EDGE ( 'NONE', *, *, #2227, .F. ) ;
#260 = CARTESIAN_POINT ( 'NONE',  ( 56.00000000000000711, -55.99999999999999289, 2.999999999999999112 ) ) ;
#261 = DIRECTION ( 'NONE',  ( 1.000000000000000000, 0.000000000000000000, 0.000000000000000000 ) ) ;
#262 = CARTESIAN_POINT ( 'NONE',  ( 55.99999999999999289, 56.00000000000000711, 30.00000000000000000 ) ) ;
#263 = EDGE_LOOP ( 'NONE', ( #229, #3006, #1359, #1400 ) ) ;
#264 = CYLINDRICAL_SURFACE ( 'NONE', #1196, 2.250000000000001776 ) ;
#265 = ORIENTED_EDGE ( 'NONE', *, *, #633, .F. ) ;
#266 = ADVANCED_FACE ( 'NONE', ( #708 ), #2134, .F. ) ;
#267 = AXIS2_PLACEMENT_3D ( 'NONE', #161, #732, #1642 ) ;
#268 = CARTESIAN_POINT ( 'NONE',  ( -53.34314575050759544, 61.00000000000000000, -20.97056274847713908 ) ) ;
#269 = DIRECTION ( 'NONE',  ( 0.000000000000000000, 0.000000000000000000, 1.000000000000000000 ) ) ;
#270 = CARTESIAN_POINT ( 'NONE',  ( -58.99999999999999289, -59.00000000000000000, 29.70000000000000995 ) ) ;
#271 = EDGE_CURVE ( 'NONE', #1214, #191, #434, .T. ) ;
#272 = EDGE_CURVE ( 'NONE', #2960, #1791, #3010, .T. ) ;
#273 = CIRCLE ( 'NONE', #390, 2.250000000000001776 ) ;
#274 = LINE ( 'NONE', #3280, #1127 ) ;
#275 = CIRCLE ( 'NONE', #2405, 5.999999999999998224 ) ;
#276 = VERTEX_POINT ( 'NONE', #399 ) ;
#277 = ORIENTED_EDGE ( 'NONE', *, *, #2815, .F. ) ;
#278 = CARTESIAN_POINT ( 'NONE',  ( -48.00000000000000000, 48.00000000000000000, 6.000000000000000000 ) ) ;
#279 = DIRECTION ( 'NONE',  ( -0.000000000000000000, -0.000000000000000000, -1.000000000000000000 ) ) ;
#280 = CARTESIAN_POINT ( 'NONE',  ( -58.99999999999999289, -59.00000000000000000, 29.70000000000000995 ) ) ;
#281 = ORIENTED_EDGE ( 'NONE', *, *, #1752, .F. ) ;
#282 = CARTESIAN_POINT ( 'NONE',  ( 0.000000000000000000, 0.000000000000000000, -4.000000000000000000 ) ) ;
#283 = ORIENTED_EDGE ( 'NONE', *, *, #2149, .F. ) ;
#284 = EDGE_CURVE ( 'NONE', #2820, #2757, #1281, .T. ) ;
#285 = AXIS2_PLACEMENT_3D ( 'NONE', #2011, #1174, #2334 ) ;
#286 = DIRECTION ( 'NONE',  ( 0.000000000000000000, 0.000000000000000000, 1.000000000000000000 ) ) ;
#287 = LINE ( 'NONE', #590, #2750 ) ;
#288 = PLANE ( 'NONE',  #2176 ) ;
#289 = AXIS2_PLACEMENT_3D ( 'NONE', #2250, #1624, #806 ) ;
#290 = AXIS2_PLACEMENT_3D ( 'NONE', #3755, #799, #836 ) ;
#291 = CARTESIAN_POINT ( 'NONE',  ( -58.99999999999997868, -41.75000000000001421, 5.999999999999998224 ) ) ;
#292 = DIRECTION ( 'NONE',  ( -1.000000000000000000, -2.312964634635746211E-15, 0.000000000000000000 ) ) ;
#293 = ORIENTED_EDGE ( 'NONE', *, *, #664, .T. ) ;
#294 = VERTEX_POINT ( 'NONE', #2991 ) ;
#295 = DIRECTION ( 'NONE',  ( -0.000000000000000000, -0.000000000000000000, 1.000000000000000000 ) ) ;
#296 = TOROIDAL_SURFACE ( 'NONE', #1693, 11.00000000000000000, 3.000000000000000000 ) ;
#297 = DIRECTION ( 'NONE',  ( -0.000000000000000000, -0.000000000000000000, -1.000000000000000000 ) ) ;
#298 = CARTESIAN_POINT ( 'NONE',  ( 58.99999999999997868, 59.00000000000000711, 30.00000000000000000 ) ) ;
#299 = VECTOR ( 'NONE', #2783, 1000.000000000000000 ) ;
#300 = EDGE_LOOP ( 'NONE', ( #1790, #2713, #1551, #2409 ) ) ;
#301 = DIRECTION ( 'NONE',  ( -0.000000000000000000, -0.000000000000000000, 1.000000000000000000 ) ) ;
#302 = VERTEX_POINT ( 'NONE', #377 ) ;
#303 = LINE ( 'NONE', #268, #1059 ) ;
#304 = CARTESIAN_POINT ( 'NONE',  ( 45.75000000000000000, 48.00000000000000000, 6.000000000000000000 ) ) ;
#305 = LINE ( 'NONE', #2307, #2233 ) ;
#306 = CARTESIAN_POINT ( 'NONE',  ( -53.80384757729334666, -56.00000000000000711, 30.00000000000000000 ) ) ;
#307 = VECTOR ( 'NONE', #3487, 1000.000000000000000 ) ;
#308 = CARTESIAN_POINT ( 'NONE',  ( -39.99999999999999289, -48.00000000000000000, 6.000000000000000000 ) ) ;
#309 = ORIENTED_EDGE ( 'NONE', *, *, #209, .F. ) ;
#310 = ORIENTED_EDGE ( 'NONE', *, *, #1556, .T. ) ;
#311 = CIRCLE ( 'NONE', #2448, 11.00000000000000355 ) ;
#312 = ORIENTED_EDGE ( 'NONE', *, *, #1114, .F. ) ;
#313 = CARTESIAN_POINT ( 'NONE',  ( -55.99999999999997868, -15.49999999999998224, 5.999999999999998224 ) ) ;
#314 = CARTESIAN_POINT ( 'NONE',  ( 39.50000000000000711, -56.00000000000000711, 5.999999999999998224 ) ) ;
#315 = EDGE_CURVE ( 'NONE', #1960, #3482, #38, .T. ) ;
#316 = EDGE_CURVE ( 'NONE', #1206, #2601, #3730, .T. ) ;
#317 = ORIENTED_EDGE ( 'NONE', *, *, #896, .F. ) ;
#318 = FACE_OUTER_BOUND ( 'NONE', #144, .T. ) ;
#319 = ORIENTED_EDGE ( 'NONE', *, *, #598, .F. ) ;
#320 = ADVANCED_FACE ( 'NONE', ( #2462 ), #1619, .F. ) ;
#321 = DIRECTION ( 'NONE',  ( -0.000000000000000000, -0.000000000000000000, -1.000000000000000000 ) ) ;
#322 = CARTESIAN_POINT ( 'NONE',  ( 36.99999999999999289, -52.99999999999999289, 0.000000000000000000 ) ) ;
#323 = EDGE_CURVE ( 'NONE', #3325, #2820, #1031, .T. ) ;
#324 = AXIS2_PLACEMENT_3D ( 'NONE', #1161, #819, #3150 ) ;
#325 = DIRECTION ( 'NONE',  ( -0.000000000000000000, -0.000000000000000000, 1.000000000000000000 ) ) ;
#326 = ORIENTED_EDGE ( 'NONE', *, *, #3723, .F. ) ;
#327 = ORIENTED_EDGE ( 'NONE', *, *, #3702, .T. ) ;
#328 = ORIENTED_EDGE ( 'NONE', *, *, #2348, .T. ) ;
#329 = CARTESIAN_POINT ( 'NONE',  ( 53.80384757729334666, 56.00000000000000711, 5.999999999999998224 ) ) ;
#330 = CIRCLE ( 'NONE', #2471, 3.000000000000000000 ) ;
#331 = CARTESIAN_POINT ( 'NONE',  ( 56.00000000000000000, 6.938893903907228378E-15, 6.000000000000000000 ) ) ;
#332 = CONICAL_SURFACE ( 'NONE', #2593, 2.250000000000001776, 0.7853981633974640442 ) ;
#333 = ORIENTED_EDGE ( 'NONE', *, *, #3770, .T. ) ;
#334 = CYLINDRICAL_SURFACE ( 'NONE', #225, 3.000000000000002665 ) ;
#335 = ORIENTED_EDGE ( 'NONE', *, *, #3527, .F. ) ;
#336 = AXIS2_PLACEMENT_3D ( 'NONE', #2549, #737, #1647 ) ;
#337 = EDGE_CURVE ( 'NONE', #2432, #1599, #747, .T. ) ;
#338 = ORIENTED_EDGE ( 'NONE', *, *, #2464, .F. ) ;
#339 = CARTESIAN_POINT ( 'NONE',  ( -56.74999999999997868, -6.674275068588731150E-15, 5.999999999999998224 ) ) ;
#340 = DIRECTION ( 'NONE',  ( 0.000000000000000000, 0.000000000000000000, 1.000000000000000000 ) ) ;
#341 = ADVANCED_FACE ( 'NONE', ( #1319 ), #3667, .F. ) ;
#342 = DIRECTION ( 'NONE',  ( -1.000000000000000000, 0.000000000000000000, 0.000000000000000000 ) ) ;
#343 = VECTOR ( 'NONE', #3216, 1000.000000000000000 ) ;
#344 = CARTESIAN_POINT ( 'NONE',  ( -47.99999999999999289, 40.00000000000000000, 6.000000000000000000 ) ) ;
#345 = EDGE_LOOP ( 'NONE', ( #3399, #2886, #825, #1128 ) ) ;
#346 = EDGE_LOOP ( 'NONE', ( #312, #1625, #2067, #1890, #3233, #1278, #2454, #2868 ) ) ;
#347 = CIRCLE ( 'NONE', #1022, 2.250000000000001776 ) ;
#348 = EDGE_LOOP ( 'NONE', ( #1819, #2827, #397, #3615 ) ) ;
#349 = PLANE ( 'NONE',  #2043 ) ;
#350 = CARTESIAN_POINT ( 'NONE',  ( -36.99999999999999289, 48.00000000000000000, 3.000000000000000000 ) ) ;
#351 = EDGE_CURVE ( 'NONE', #2601, #1206, #1893, .T. ) ;
#352 = ORIENTED_EDGE ( 'NONE', *, *, #315, .F. ) ;
#353 = LINE ( 'NONE', #2394, #3080 ) ;
#354 = DIRECTION ( 'NONE',  ( -0.000000000000000000, -0.000000000000000000, -1.000000000000000000 ) ) ;
#355 = ORIENTED_EDGE ( 'NONE', *, *, #1407, .T. ) ;
#356 = ORIENTED_EDGE ( 'NONE', *, *, #2412, .F. ) ;
#357 = AXIS2_PLACEMENT_3D ( 'NONE', #2274, #612, #521 ) ;
#358 = CARTESIAN_POINT ( 'NONE',  ( -47.99999999999999289, -48.00000000000000000, 3.000000000000000000 ) ) ;
#359 = CARTESIAN_POINT ( 'NONE',  ( 39.99999999999999289, 0.000000000000000000, 6.000000000000000000 ) ) ;
#360 = CARTESIAN_POINT ( 'NONE',  ( -58.99999999999999289, -59.00000000000000000, 29.70000000000000995 ) ) ;
#361 = DIRECTION ( 'NONE',  ( 1.000000000000000000, 0.000000000000000000, 0.000000000000000000 ) ) ;
#362 = ORIENTED_EDGE ( 'NONE', *, *, #3247, .F. ) ;
#363 = EDGE_CURVE ( 'NONE', #1352, #901, #1722, .T. ) ;
#364 = ORIENTED_EDGE ( 'NONE', *, *, #3093, .F. ) ;
#365 = ORIENTED_EDGE ( 'NONE', *, *, #652, .F. ) ;
#366 = CARTESIAN_POINT ( 'NONE',  ( -58.99999999999998579, -13.24999999999997868, 3.749999999999982681 ) ) ;
#367 = FACE_OUTER_BOUND ( 'NONE', #2311, .T. ) ;
#368 = EDGE_CURVE ( 'NONE', #127, #3078, #1701, .T. ) ;
#369 = VERTEX_POINT ( 'NONE', #728 ) ;
#370 = DIRECTION ( 'NONE',  ( 1.000000000000000000, 0.000000000000000000, 0.000000000000000000 ) ) ;
#371 = CARTESIAN_POINT ( 'NONE',  ( 56.00000000000000000, 15.50000000000004086, 30.00000000000000000 ) ) ;
#372 = ORIENTED_EDGE ( 'NONE', *, *, #2053, .F. ) ;
#373 = DIRECTION ( 'NONE',  ( -1.000000000000000000, 0.000000000000000000, 0.000000000000000000 ) ) ;
#374 = ORIENTED_EDGE ( 'NONE', *, *, #121, .T. ) ;
#375 = LINE ( 'NONE', #986, #906 ) ;
#376 = CARTESIAN_POINT ( 'NONE',  ( -58.99999999999997868, -41.75000000000001421, 3.749999999999982681 ) ) ;
#377 = CARTESIAN_POINT ( 'NONE',  ( 58.99999999999997868, 41.75000000000006395, 30.00000000000000000 ) ) ;
#378 = CARTESIAN_POINT ( 'NONE',  ( -56.00000000000000711, 53.80384757729336087, 30.00000000000000000 ) ) ;
#379 = ADVANCED_FACE ( 'NONE', ( #1583 ), #2749, .F. ) ;
#380 = DIRECTION ( 'NONE',  ( 1.000000000000000000, 0.000000000000000000, 0.000000000000000000 ) ) ;
#381 = VERTEX_POINT ( 'NONE', #2521 ) ;
#382 = ADVANCED_FACE ( 'NONE', ( #3343 ), #788, .F. ) ;
#383 = VERTEX_POINT ( 'NONE', #440 ) ;
#384 = EDGE_LOOP ( 'NONE', ( #2925, #2618, #1204, #3179, #1508, #3327, #3115, #1142, #2734, #3735, #943, #1211, #1360, #3694, #845, #2563, #1477, #3154 ) ) ;
#385 = AXIS2_PLACEMENT_3D ( 'NONE', #2091, #1539, #1824 ) ;
#386 = CARTESIAN_POINT ( 'NONE',  ( -58.99999999999997868, -59.00000000000000711, -4.000000000000000000 ) ) ;
#387 = CARTESIAN_POINT ( 'NONE',  ( -47.99999999999999289, 48.00000000000000000, 3.000000000000000000 ) ) ;
#388 = ORIENTED_EDGE ( 'NONE', *, *, #2294, .F. ) ;
#389 = CARTESIAN_POINT ( 'NONE',  ( 61.00000000000000711, -53.34314575050763807, -20.97056274847713908 ) ) ;
#390 = AXIS2_PLACEMENT_3D ( 'NONE', #3332, #2759, #148 ) ;
#391 = CARTESIAN_POINT ( 'NONE',  ( 0.000000000000000000, -40.00000000000000000, 6.000000000000000000 ) ) ;
#392 = ORIENTED_EDGE ( 'NONE', *, *, #1983, .T. ) ;
#393 = CARTESIAN_POINT ( 'NONE',  ( 48.00000000000000000, -48.00000000000000000, 0.000000000000000000 ) ) ;
#394 = AXIS2_PLACEMENT_3D ( 'NONE', #658, #2473, #2979 ) ;
#395 =( NAMED_UNIT ( * ) SI_UNIT ( $, .STERADIAN. ) SOLID_ANGLE_UNIT ( ) );
#396 = DIRECTION ( 'NONE',  ( -1.000000000000000000, 0.000000000000000000, -0.000000000000000000 ) ) ;
#397 = ORIENTED_EDGE ( 'NONE', *, *, #1041, .F. ) ;
#398 = DIRECTION ( 'NONE',  ( 1.000000000000000000, 1.176083712526648949E-16, 0.000000000000000000 ) ) ;
#399 = CARTESIAN_POINT ( 'NONE',  ( 56.00000000000000711, 39.50000000000004263, 5.999999999999998224 ) ) ;
#400 = EDGE_CURVE ( 'NONE', #2746, #2432, #1921, .T. ) ;
#401 = DIRECTION ( 'NONE',  ( 0.000000000000000000, 0.000000000000000000, -1.000000000000000000 ) ) ;
#402 = DIRECTION ( 'NONE',  ( 1.000000000000000000, 0.000000000000000000, 0.000000000000000000 ) ) ;
#403 = ORIENTED_EDGE ( 'NONE', *, *, #2296, .F. ) ;
#404 = VECTOR ( 'NONE', #925, 1000.000000000000000 ) ;
#405 = ORIENTED_EDGE ( 'NONE', *, *, #1063, .F. ) ;
#406 = EDGE_LOOP ( 'NONE', ( #2508, #3729, #1569, #1192 ) ) ;
#407 =( GEOMETRIC_REPRESENTATION_CONTEXT ( 3 ) GLOBAL_UNCERTAINTY_ASSIGNED_CONTEXT ( ( #2855 ) ) GLOBAL_UNIT_ASSIGNED_CONTEXT ( ( #1684, #2852, #1706 ) ) REPRESENTATION_CONTEXT ( 'NONE', 'WORKASPACE' ) );
#408 = LINE ( 'NONE', #1547, #1372 ) ;
#409 = CIRCLE ( 'NONE', #2547, 2.550000000000024691 ) ;
#410 = VERTEX_POINT ( 'NONE', #180 ) ;
#411 = LINE ( 'NONE', #86, #640 ) ;
#412 = CIRCLE ( 'NONE', #2237, 2.550000000000024691 ) ;
#413 = CARTESIAN_POINT ( 'NONE',  ( 50.25000000000000000, 48.00000000000000000, 5.699999999999987743 ) ) ;
#414 = FACE_OUTER_BOUND ( 'NONE', #1336, .T. ) ;
#415 = CARTESIAN_POINT ( 'NONE',  ( -56.74999999999998579, -59.00000000000000000, 29.70000000000000995 ) ) ;
#416 = CARTESIAN_POINT ( 'NONE',  ( -56.74999999999994316, -15.49999999999999467, 5.999999999999998224 ) ) ;
#417 = VERTEX_POINT ( 'NONE', #3361 ) ;
#418 = DIRECTION ( 'NONE',  ( 0.000000000000000000, 0.000000000000000000, 1.000000000000000000 ) ) ;
#419 = CARTESIAN_POINT ( 'NONE',  ( 39.99999999999999289, 56.00000000000000711, 3.000000000000000000 ) ) ;
#420 = VECTOR ( 'NONE', #1928, 1000.000000000000000 ) ;
#421 = CIRCLE ( 'NONE', #2366, 5.999999999999998224 ) ;
#422 = LINE ( 'NONE', #3610, #2220 ) ;
#423 = LINE ( 'NONE', #77, #3249 ) ;
#424 = ORIENTED_EDGE ( 'NONE', *, *, #1454, .T. ) ;
#425 = VERTEX_POINT ( 'NONE', #2505 ) ;
#426 = ORIENTED_EDGE ( 'NONE', *, *, #748, .F. ) ;
#427 = DIRECTION ( 'NONE',  ( 0.000000000000000000, 0.000000000000000000, 1.000000000000000000 ) ) ;
#428 = CARTESIAN_POINT ( 'NONE',  ( -47.99999999999999289, 40.00000000000000000, 3.000000000000000000 ) ) ;
#429 = CARTESIAN_POINT ( 'NONE',  ( 0.000000000000000000, 0.000000000000000000, 6.000000000000000000 ) ) ;
#430 = ORIENTED_EDGE ( 'NONE', *, *, #3472, .T. ) ;
#431 = CARTESIAN_POINT ( 'NONE',  ( 56.74999999999997158, 39.50000000000004263, 5.999999999999998224 ) ) ;
#432 = ADVANCED_FACE ( 'NONE', ( #3671 ), #2807, .F. ) ;
#433 = EDGE_CURVE ( 'NONE', #1411, #1343, #3112, .T. ) ;
#434 = CIRCLE ( 'NONE', #743, 8.000000000000000000 ) ;
#435 = DIRECTION ( 'NONE',  ( -0.000000000000000000, -0.000000000000000000, -1.000000000000000000 ) ) ;
#436 = VERTEX_POINT ( 'NONE', #233 ) ;
#437 = CARTESIAN_POINT ( 'NONE',  ( 15.50000000000000711, -56.00000000000000711, 5.999999999999998224 ) ) ;
#438 = DIRECTION ( 'NONE',  ( -0.000000000000000000, 0.000000000000000000, -1.000000000000000000 ) ) ;
#439 = LINE ( 'NONE', #1602, #3252 ) ;
#440 = CARTESIAN_POINT ( 'NONE',  ( -36.99999999999999289, -53.00000000000000000, 0.000000000000000000 ) ) ;
#441 = CARTESIAN_POINT ( 'NONE',  ( -36.99999999999999289, 48.00000000000000000, 0.000000000000000000 ) ) ;
#442 = ORIENTED_EDGE ( 'NONE', *, *, #2545, .F. ) ;
#443 = ORIENTED_EDGE ( 'NONE', *, *, #3207, .T. ) ;
#444 = EDGE_CURVE ( 'NONE', #1109, #1411, #1054, .T. ) ;
#445 = ORIENTED_EDGE ( 'NONE', *, *, #2378, .F. ) ;
#446 = CARTESIAN_POINT ( 'NONE',  ( -48.00000000000000000, 48.00000000000000000, 6.000000000000000000 ) ) ;
#447 = VECTOR ( 'NONE', #1604, 1000.000000000000000 ) ;
#448 = VECTOR ( 'NONE', #1105, 1000.000000000000000 ) ;
#449 = DIRECTION ( 'NONE',  ( -0.000000000000000000, -0.000000000000000000, -1.000000000000000000 ) ) ;
#450 = PLANE ( 'NONE',  #3390 ) ;
#451 = VECTOR ( 'NONE', #2304, 1000.000000000000000 ) ;
#452 = CARTESIAN_POINT ( 'NONE',  ( 61.24999999999999289, 59.00000000000000000, 29.70000000000000995 ) ) ;
#453 = CARTESIAN_POINT ( 'NONE',  ( 48.00000000000000000, 48.00000000000000000, 6.000000000000000000 ) ) ;
#454 = ORIENTED_EDGE ( 'NONE', *, *, #1718, .F. ) ;
#455 = EDGE_CURVE ( 'NONE', #3538, #3296, #311, .T. ) ;
#456 = DIRECTION ( 'NONE',  ( 1.000000000000000000, 0.000000000000000000, 0.000000000000000000 ) ) ;
#457 = VECTOR ( 'NONE', #2907, 1000.000000000000000 ) ;
#458 = AXIS2_PLACEMENT_3D ( 'NONE', #1299, #3034, #3584 ) ;
#459 = CARTESIAN_POINT ( 'NONE',  ( 58.99999999999999289, -59.00000000000000000, 30.00000000000000000 ) ) ;
#460 = CARTESIAN_POINT ( 'NONE',  ( 58.99999999999997868, -59.00000000000000711, -20.97056274847713908 ) ) ;
#461 = CARTESIAN_POINT ( 'NONE',  ( -48.00000000000000000, 48.00000000000000000, 5.699999999999984190 ) ) ;
#462 = VERTEX_POINT ( 'NONE', #2175 ) ;
#463 = ORIENTED_EDGE ( 'NONE', *, *, #1341, .F. ) ;
#464 = EDGE_CURVE ( 'NONE', #1838, #1852, #3377, .T. ) ;
#465 = ORIENTED_EDGE ( 'NONE', *, *, #795, .F. ) ;
#466 = DIRECTION ( 'NONE',  ( -0.000000000000000000, -0.000000000000000000, -1.000000000000000000 ) ) ;
#467 = CIRCLE ( 'NONE', #3149, 5.999999999999998224 ) ;
#468 = DIRECTION ( 'NONE',  ( 0.000000000000000000, 0.000000000000000000, 1.000000000000000000 ) ) ;
#469 = CARTESIAN_POINT ( 'NONE',  ( 59.00000000000000711, 39.50000000000004263, 5.999999999999998224 ) ) ;
#470 = CIRCLE ( 'NONE', #1685, 5.999999999999998224 ) ;
#471 = DIRECTION ( 'NONE',  ( 1.000000000000000000, 0.000000000000000000, -0.000000000000000000 ) ) ;
#472 = CIRCLE ( 'NONE', #959, 2.550000000000010481 ) ;
#473 = FACE_OUTER_BOUND ( 'NONE', #2666, .T. ) ;
#474 = VERTEX_POINT ( 'NONE', #1957 ) ;
#475 = CARTESIAN_POINT ( 'NONE',  ( -58.99999999999999289, -59.00000000000000000, 30.00000000000000000 ) ) ;
#476 = ADVANCED_FACE ( 'NONE', ( #211, #3096 ), #2196, .F. ) ;
#477 = CARTESIAN_POINT ( 'NONE',  ( -55.99999999999999289, 40.00000000000000000, 3.000000000000000000 ) ) ;
#478 = DIRECTION ( 'NONE',  ( -1.000000000000000000, 0.000000000000000000, 0.000000000000000000 ) ) ;
#479 = DIRECTION ( 'NONE',  ( -0.000000000000000000, -0.000000000000000000, -1.000000000000000000 ) ) ;
#480 = EDGE_CURVE ( 'NONE', #1838, #1240, #1178, .T. ) ;
#481 = VECTOR ( 'NONE', #1095, 1000.000000000000000 ) ;
#482 = ORIENTED_EDGE ( 'NONE', *, *, #6, .F. ) ;
#483 = VERTEX_POINT ( 'NONE', #195 ) ;
#484 = DIRECTION ( 'NONE',  ( 0.000000000000000000, 0.000000000000000000, 1.000000000000000000 ) ) ;
#485 = CARTESIAN_POINT ( 'NONE',  ( 36.99999999999999289, -0.000000000000000000, 0.000000000000000000 ) ) ;
#486 = ADVANCED_FACE ( 'NONE', ( #750 ), #1356, .T. ) ;
#487 = CARTESIAN_POINT ( 'NONE',  ( 58.99999999999999289, 59.00000000000000000, 24.00000000000000000 ) ) ;
#488 = CARTESIAN_POINT ( 'NONE',  ( -53.00000000000000000, 37.00000000000000000, 0.000000000000000000 ) ) ;
#489 = EDGE_CURVE ( 'NONE', #3591, #131, #2154, .T. ) ;
#490 = CARTESIAN_POINT ( 'NONE',  ( -36.99999999999999289, 52.99999999999999289, 0.000000000000000000 ) ) ;
#491 = DIRECTION ( 'NONE',  ( -1.000000000000000000, 0.000000000000000000, 0.000000000000000000 ) ) ;
#492 = ORIENTED_EDGE ( 'NONE', *, *, #2534, .F. ) ;
#493 = VECTOR ( 'NONE', #1822, 1000.000000000000000 ) ;
#494 = CARTESIAN_POINT ( 'NONE',  ( 55.99999999999999289, -53.80384757729336798, 5.999999999999998224 ) ) ;
#495 = CARTESIAN_POINT ( 'NONE',  ( 0.000000000000000000, 0.000000000000000000, 30.00000000000000000 ) ) ;
#496 = DIRECTION ( 'NONE',  ( 1.000000000000000000, 0.000000000000000000, 0.000000000000000000 ) ) ;
#497 = ORIENTED_EDGE ( 'NONE', *, *, #3019, .F. ) ;
#498 = VERTEX_POINT ( 'NONE', #1603 ) ;
#499 = ADVANCED_FACE ( 'NONE', ( #3707 ), #1363, .F. ) ;
#500 = CARTESIAN_POINT ( 'NONE',  ( -55.99999999999999289, -53.80384757729336798, 30.00000000000000000 ) ) ;
#501 = DIRECTION ( 'NONE',  ( 1.000000000000000000, 0.000000000000000000, 0.000000000000000000 ) ) ;
#502 = EDGE_CURVE ( 'NONE', #637, #566, #3490, .T. ) ;
#503 = ORIENTED_EDGE ( 'NONE', *, *, #991, .T. ) ;
#504 = LINE ( 'NONE', #1611, #3439 ) ;
#505 = FILL_AREA_STYLE ('',( #1171 ) ) ;
#506 = CARTESIAN_POINT ( 'NONE',  ( 39.50000000000000711, -56.00000000000000711, 5.999999999999998224 ) ) ;
#507 = ADVANCED_FACE ( 'NONE', ( #2249 ), #3075, .T. ) ;
#508 = VECTOR ( 'NONE', #3077, 1000.000000000000000 ) ;
#509 = AXIS2_PLACEMENT_3D ( 'NONE', #3486, #1712, #1996 ) ;
#510 = DIRECTION ( 'NONE',  ( 1.000000000000000000, 0.000000000000000000, 0.000000000000000000 ) ) ;
#511 = ORIENTED_EDGE ( 'NONE', *, *, #159, .F. ) ;
#512 = DIRECTION ( 'NONE',  ( -1.000000000000000000, -1.176083712526648949E-16, 0.000000000000000000 ) ) ;
#513 = CARTESIAN_POINT ( 'NONE',  ( 64.99999999999997158, -59.00000000000000711, -20.97056274847713908 ) ) ;
#514 = AXIS2_PLACEMENT_3D ( 'NONE', #2061, #2314, #3477 ) ;
#515 = CARTESIAN_POINT ( 'NONE',  ( -15.49999999999998934, 56.00000000000000711, 5.999999999999998224 ) ) ;
#516 = EDGE_CURVE ( 'NONE', #1599, #982, #1565, .T. ) ;
#517 = AXIS2_PLACEMENT_3D ( 'NONE', #3134, #2777, #3747 ) ;
#518 = ORIENTED_EDGE ( 'NONE', *, *, #2825, .T. ) ;
#519 = EDGE_LOOP ( 'NONE', ( #1067, #2100, #2288, #3494 ) ) ;
#521 = DIRECTION ( 'NONE',  ( -1.000000000000000000, 0.000000000000000000, 0.000000000000000000 ) ) ;
#520 = AXIS2_PLACEMENT_3D ( 'NONE', #2410, #3289, #3570 ) ;
#522 = ADVANCED_FACE ( 'NONE', ( #2731 ), #733, .F. ) ;
#523 = DIRECTION ( 'NONE',  ( 0.7071067811865453523, 8.316167683706410871E-17, 0.7071067811865497932 ) ) ;
#524 = VERTEX_POINT ( 'NONE', #124 ) ;
#525 = VERTEX_POINT ( 'NONE', #1825 ) ;
#526 = FACE_OUTER_BOUND ( 'NONE', #924, .T. ) ;
#527 = DIRECTION ( 'NONE',  ( 1.000000000000000000, 0.000000000000000000, 0.000000000000000000 ) ) ;
#528 = VECTOR ( 'NONE', #1994, 1000.000000000000000 ) ;
#529 = MECHANICAL_DESIGN_GEOMETRIC_PRESENTATION_REPRESENTATION (  '', ( #1746 ), #407 ) ;
#530 = DIRECTION ( 'NONE',  ( -0.7071067811865496822, -0.7071067811865453523, -0.000000000000000000 ) ) ;
#531 = ORIENTED_EDGE ( 'NONE', *, *, #3418, .T. ) ;
#532 = ORIENTED_EDGE ( 'NONE', *, *, #2933, .T. ) ;
#533 = CONICAL_SURFACE ( 'NONE', #895, 2.250000000000001776, 0.7853981633974640442 ) ;
#534 = FACE_OUTER_BOUND ( 'NONE', #1606, .T. ) ;
#535 = FACE_OUTER_BOUND ( 'NONE', #348, .T. ) ;
#536 = DIRECTION ( 'NONE',  ( 0.000000000000000000, 0.000000000000000000, -1.000000000000000000 ) ) ;
#537 = ORIENTED_EDGE ( 'NONE', *, *, #2025, .F. ) ;
#538 = CARTESIAN_POINT ( 'NONE',  ( 62.00000000000002132, -50.51471862576145355, -4.000000000000000000 ) ) ;
#539 = FACE_OUTER_BOUND ( 'NONE', #1038, .T. ) ;
#540 = CIRCLE ( 'NONE', #3586, 5.999999999999998224 ) ;
#541 = EDGE_LOOP ( 'NONE', ( #2273, #2430, #3636, #23 ) ) ;
#542 = ORIENTED_EDGE ( 'NONE', *, *, #3548, .T. ) ;
#543 = VECTOR ( 'NONE', #2190, 1000.000000000000000 ) ;
#544 = CARTESIAN_POINT ( 'NONE',  ( 59.00000000000000711, 39.50000000000004263, 5.999999999999998224 ) ) ;
#545 = CARTESIAN_POINT ( 'NONE',  ( 0.000000000000000000, 40.00000000000000000, 3.000000000000000000 ) ) ;
#546 = EDGE_CURVE ( 'NONE', #3325, #3182, #3362, .T. ) ;
#547 = CARTESIAN_POINT ( 'NONE',  ( -58.99999999999997868, -59.00000000000000711, 30.00000000000000000 ) ) ;
#548 = ORIENTED_EDGE ( 'NONE', *, *, #1329, .F. ) ;
#549 = ADVANCED_FACE ( 'NONE', ( #99 ), #2690, .T. ) ;
#550 = EDGE_CURVE ( 'NONE', #3621, #3613, #2157, .T. ) ;
#551 = VERTEX_POINT ( 'NONE', #3611 ) ;
#552 = CARTESIAN_POINT ( 'NONE',  ( -58.99999999999997868, -50.51471862576143934, -4.000000000000000000 ) ) ;
#553 = DIRECTION ( 'NONE',  ( -1.000000000000000000, 0.000000000000000000, 0.000000000000000000 ) ) ;
#554 = DIRECTION ( 'NONE',  ( -1.000000000000000000, 0.000000000000000000, 0.000000000000000000 ) ) ;
#555 = LINE ( 'NONE', #3457, #3260 ) ;
#556 = EDGE_CURVE ( 'NONE', #2646, #1496, #1522, .T. ) ;
#557 = ORIENTED_EDGE ( 'NONE', *, *, #1469, .F. ) ;
#558 = VERTEX_POINT ( 'NONE', #691 ) ;
#559 = DIRECTION ( 'NONE',  ( -0.000000000000000000, -0.000000000000000000, 1.000000000000000000 ) ) ;
#560 = LINE ( 'NONE', #2888, #227 ) ;
#561 = FACE_OUTER_BOUND ( 'NONE', #263, .T. ) ;
#562 = EDGE_CURVE ( 'NONE', #1581, #2421, #423, .T. ) ;
#563 = ORIENTED_EDGE ( 'NONE', *, *, #1047, .T. ) ;
#564 = CARTESIAN_POINT ( 'NONE',  ( 56.74999999999997158, 39.50000000000004263, 5.999999999999998224 ) ) ;
#565 = ORIENTED_EDGE ( 'NONE', *, *, #92, .T. ) ;
#566 = VERTEX_POINT ( 'NONE', #3037 ) ;
#567 = AXIS2_PLACEMENT_3D ( 'NONE', #1090, #1070, #2229 ) ;
#568 = VECTOR ( 'NONE', #1339, 1000.000000000000000 ) ;
#569 = DIRECTION ( 'NONE',  ( 1.000000000000000000, 1.239088197126290817E-16, 0.000000000000000000 ) ) ;
#570 = LINE ( 'NONE', #2595, #307 ) ;
#571 = LINE ( 'NONE', #1163, #2723 ) ;
#572 = VECTOR ( 'NONE', #3718, 1000.000000000000000 ) ;
#573 = LINE ( 'NONE', #291, #1975 ) ;
#574 = LINE ( 'NONE', #3210, #1997 ) ;
#575 = EDGE_CURVE ( 'NONE', #1607, #901, #3285, .T. ) ;
#576 = VECTOR ( 'NONE', #1238, 1000.000000000000000 ) ;
#577 = ORIENTED_EDGE ( 'NONE', *, *, #2269, .T. ) ;
#578 = VECTOR ( 'NONE', #2401, 1000.000000000000000 ) ;
#579 = ORIENTED_EDGE ( 'NONE', *, *, #464, .T. ) ;
#580 = CARTESIAN_POINT ( 'NONE',  ( -39.49999999999999289, 56.00000000000000711, 5.999999999999998224 ) ) ;
#581 = CARTESIAN_POINT ( 'NONE',  ( 56.74999999999997868, 15.50000000000004086, 5.999999999999998224 ) ) ;
#582 = DIRECTION ( 'NONE',  ( 0.000000000000000000, 0.000000000000000000, 1.000000000000000000 ) ) ;
#583 = ORIENTED_EDGE ( 'NONE', *, *, #3705, .F. ) ;
#584 = CARTESIAN_POINT ( 'NONE',  ( -60.99999999999998579, 53.34314575050763096, -4.000000000000000000 ) ) ;
#585 = VERTEX_POINT ( 'NONE', #441 ) ;
#586 = AXIS2_PLACEMENT_3D ( 'NONE', #2800, #188, #778 ) ;
#587 = ORIENTED_EDGE ( 'NONE', *, *, #3344, .T. ) ;
#588 = VECTOR ( 'NONE', #2961, 1000.000000000000000 ) ;
#589 = PLANE ( 'NONE',  #509 ) ;
#590 = CARTESIAN_POINT ( 'NONE',  ( -56.00000000000000711, 55.99999999999999289, 30.00000000000000000 ) ) ;
#591 = LINE ( 'NONE', #1714, #2904 ) ;
#592 = AXIS2_PLACEMENT_3D ( 'NONE', #3398, #1055, #1643 ) ;
#593 = AXIS2_PLACEMENT_3D ( 'NONE', #280, #2835, #527 ) ;
#594 = CARTESIAN_POINT ( 'NONE',  ( -61.99999999999999289, 50.51471862576143934, -20.97056274847713908 ) ) ;
#595 = ADVANCED_FACE ( 'NONE', ( #674 ), #1847, .T. ) ;
#596 = CYLINDRICAL_SURFACE ( 'NONE', #1934, 3.000000000000000000 ) ;
#597 = ORIENTED_EDGE ( 'NONE', *, *, #1666, .T. ) ;
#598 = EDGE_CURVE ( 'NONE', #1566, #1290, #3015, .T. ) ;
#599 = ORIENTED_EDGE ( 'NONE', *, *, #1827, .T. ) ;
#600 = ORIENTED_EDGE ( 'NONE', *, *, #2747, .F. ) ;
#601 = EDGE_CURVE ( 'NONE', #276, #474, #993, .T. ) ;
#602 = DIRECTION ( 'NONE',  ( 1.000000000000000000, 0.000000000000000000, 0.000000000000000000 ) ) ;
#603 = VECTOR ( 'NONE', #1199, 1000.000000000000000 ) ;
#604 = LINE ( 'NONE', #2330, #588 ) ;
#605 = DIRECTION ( 'NONE',  ( -1.000000000000000000, 0.000000000000000000, -0.000000000000000000 ) ) ;
#606 = VECTOR ( 'NONE', #1369, 1000.000000000000000 ) ;
#607 = ORIENTED_EDGE ( 'NONE', *, *, #433, .F. ) ;
#608 = ADVANCED_FACE ( 'NONE', ( #2406 ), #3565, .F. ) ;
#609 = CARTESIAN_POINT ( 'NONE',  ( 6.567167444769341256E-15, -53.00000000000000000, 3.000000000000000000 ) ) ;
#610 = ORIENTED_EDGE ( 'NONE', *, *, #1718, .T. ) ;
#611 = VERTEX_POINT ( 'NONE', #163 ) ;
#612 = DIRECTION ( 'NONE',  ( -0.000000000000000000, -0.000000000000000000, -1.000000000000000000 ) ) ;
#613 = PLANE ( 'NONE',  #193 ) ;
#614 = AXIS2_PLACEMENT_3D ( 'NONE', #821, #3151, #1425 ) ;
#615 = CARTESIAN_POINT ( 'NONE',  ( -58.99999999999997868, -41.74999999999998579, 30.00000000000000000 ) ) ;
#616 = ORIENTED_EDGE ( 'NONE', *, *, #1502, .F. ) ;
#617 = EDGE_LOOP ( 'NONE', ( #1431, #2985, #338, #812 ) ) ;
#618 = VECTOR ( 'NONE', #1785, 1000.000000000000000 ) ;
#619 = EDGE_CURVE ( 'NONE', #3431, #3220, #4, .T. ) ;
#620 = ORIENTED_EDGE ( 'NONE', *, *, #2801, .T. ) ;
#621 = EDGE_CURVE ( 'NONE', #417, #3581, #3213, .T. ) ;
#622 = LINE ( 'NONE', #260, #2092 ) ;
#623 = DIRECTION ( 'NONE',  ( -0.000000000000000000, -0.000000000000000000, 1.000000000000000000 ) ) ;
#624 = ORIENTED_EDGE ( 'NONE', *, *, #2469, .T. ) ;
#625 = FACE_OUTER_BOUND ( 'NONE', #1420, .T. ) ;
#626 = ORIENTED_EDGE ( 'NONE', *, *, #1735, .T. ) ;
#627 = ORIENTED_EDGE ( 'NONE', *, *, #1777, .T. ) ;
#628 = EDGE_CURVE ( 'NONE', #1323, #1102, #470, .T. ) ;
#629 = DIRECTION ( 'NONE',  ( -1.000000000000000000, 0.000000000000000000, 0.000000000000000000 ) ) ;
#630 = CARTESIAN_POINT ( 'NONE',  ( 47.99999999999999289, 40.00000000000000000, 6.000000000000000000 ) ) ;
#631 = FACE_OUTER_BOUND ( 'NONE', #2407, .T. ) ;
#632 = VECTOR ( 'NONE', #2228, 1000.000000000000000 ) ;
#633 = EDGE_CURVE ( 'NONE', #1213, #2703, #1322, .T. ) ;
#634 = CARTESIAN_POINT ( 'NONE',  ( -58.99999999999999289, 59.00000000000000000, 30.00000000000000000 ) ) ;
#635 = ORIENTED_EDGE ( 'NONE', *, *, #3447, .F. ) ;
#636 = EDGE_LOOP ( 'NONE', ( #2869, #3578, #110, #1773 ) ) ;
#637 = VERTEX_POINT ( 'NONE', #2197 ) ;
#638 = FACE_OUTER_BOUND ( 'NONE', #1704, .T. ) ;
#639 = CARTESIAN_POINT ( 'NONE',  ( -53.00000000000000000, 37.00000000000000000, 0.000000000000000000 ) ) ;
#640 = VECTOR ( 'NONE', #983, 1000.000000000000000 ) ;
#641 = EDGE_LOOP ( 'NONE', ( #969, #1653 ) ) ;
#642 = DIRECTION ( 'NONE',  ( 0.000000000000000000, -1.000000000000000000, 0.000000000000000000 ) ) ;
#643 = ORIENTED_EDGE ( 'NONE', *, *, #935, .F. ) ;
#644 = VECTOR ( 'NONE', #980, 1000.000000000000000 ) ;
#645 = VERTEX_POINT ( 'NONE', #3709 ) ;
#646 = LINE ( 'NONE', #1234, #2733 ) ;
#647 = EDGE_CURVE ( 'NONE', #525, #1379, #3765, .T. ) ;
#648 = DIRECTION ( 'NONE',  ( -0.000000000000000000, 0.000000000000000000, 1.000000000000000000 ) ) ;
#649 = AXIS2_PLACEMENT_3D ( 'NONE', #1249, #3577, #966 ) ;
#650 = LINE ( 'NONE', #40, #1733 ) ;
#651 = AXIS2_PLACEMENT_3D ( 'NONE', #702, #2802, #1933 ) ;
#652 = EDGE_CURVE ( 'NONE', #693, #849, #347, .T. ) ;
#653 = DIRECTION ( 'NONE',  ( -1.000000000000000000, 0.000000000000000000, 0.000000000000000000 ) ) ;
#654 = ORIENTED_EDGE ( 'NONE', *, *, #3105, .F. ) ;
#655 = ORIENTED_EDGE ( 'NONE', *, *, #2511, .T. ) ;
#656 = CIRCLE ( 'NONE', #1143, 8.000000000000000000 ) ;
#657 = ORIENTED_EDGE ( 'NONE', *, *, #2854, .F. ) ;
#658 = CARTESIAN_POINT ( 'NONE',  ( -48.00000000000000000, -48.00000000000000000, 0.000000000000000000 ) ) ;
#659 = FACE_OUTER_BOUND ( 'NONE', #868, .T. ) ;
#660 = ORIENTED_EDGE ( 'NONE', *, *, #1275, .T. ) ;
#661 = CARTESIAN_POINT ( 'NONE',  ( 48.00000000000000000, 48.00000000000000000, 5.699999999999987743 ) ) ;
#662 = CARTESIAN_POINT ( 'NONE',  ( 53.00000000000000000, 6.567167444769341256E-15, 3.000000000000000000 ) ) ;
#663 = ORIENTED_EDGE ( 'NONE', *, *, #232, .F. ) ;
#664 = EDGE_CURVE ( 'NONE', #67, #294, #1393, .T. ) ;
#665 = CARTESIAN_POINT ( 'NONE',  ( -56.75000000000001421, -39.49999999999999289, 5.999999999999998224 ) ) ;
#666 = EDGE_LOOP ( 'NONE', ( #2654, #2107, #1810, #3449 ) ) ;
#667 = VECTOR ( 'NONE', #629, 1000.000000000000000 ) ;
#668 = EDGE_CURVE ( 'NONE', #3305, #1325, #2561, .T. ) ;
#669 = DIRECTION ( 'NONE',  ( -1.000000000000000000, -1.239088197126290817E-16, 0.000000000000000000 ) ) ;
#670 = ADVANCED_FACE ( 'NONE', ( #1656 ), #1375, .F. ) ;
#671 = DIRECTION ( 'NONE',  ( 1.176083712526648949E-16, -1.000000000000000000, 0.000000000000000000 ) ) ;
#672 = DIRECTION ( 'NONE',  ( -0.000000000000000000, -0.000000000000000000, 1.000000000000000000 ) ) ;
#673 = CARTESIAN_POINT ( 'NONE',  ( 58.99999999999999289, -59.00000000000000000, 29.69999999999997087 ) ) ;
#674 = FACE_OUTER_BOUND ( 'NONE', #2215, .T. ) ;
#675 = VERTEX_POINT ( 'NONE', #3414 ) ;
#676 = ORIENTED_EDGE ( 'NONE', *, *, #2743, .F. ) ;
#677 = ORIENTED_EDGE ( 'NONE', *, *, #3625, .F. ) ;
#678 = DIRECTION ( 'NONE',  ( -1.000000000000000000, 0.000000000000000000, -0.000000000000000000 ) ) ;
#679 = FACE_OUTER_BOUND ( 'NONE', #1926, .T. ) ;
#680 = VERTEX_POINT ( 'NONE', #252 ) ;
#681 = LINE ( 'NONE', #2416, #765 ) ;
#682 = CARTESIAN_POINT ( 'NONE',  ( 0.000000000000000000, -40.00000000000000000, 6.000000000000000000 ) ) ;
#683 = DIRECTION ( 'NONE',  ( 1.000000000000000000, 0.000000000000000000, 0.000000000000000000 ) ) ;
#684 = ADVANCED_FACE ( 'NONE', ( #2272 ), #2808, .F. ) ;
#685 = CARTESIAN_POINT ( 'NONE',  ( -56.74999999999998579, -59.00000000000000000, 24.00000000000000000 ) ) ;
#686 = ORIENTED_EDGE ( 'NONE', *, *, #2825, .F. ) ;
#687 = DIRECTION ( 'NONE',  ( 0.7071067811865711095, 0.000000000000000000, 0.7071067811865240360 ) ) ;
#688 = DIRECTION ( 'NONE',  ( 1.000000000000000000, 0.000000000000000000, 0.000000000000000000 ) ) ;
#689 = DIRECTION ( 'NONE',  ( 0.000000000000000000, 0.000000000000000000, -1.000000000000000000 ) ) ;
#690 = DIRECTION ( 'NONE',  ( -1.000000000000000000, 0.000000000000000000, 0.000000000000000000 ) ) ;
#691 = CARTESIAN_POINT ( 'NONE',  ( -50.51471862576141092, 58.99999999999999289, -4.000000000000000000 ) ) ;
#692 = ORIENTED_EDGE ( 'NONE', *, *, #1217, .F. ) ;
#693 = VERTEX_POINT ( 'NONE', #3453 ) ;
#694 = ORIENTED_EDGE ( 'NONE', *, *, #2788, .F. ) ;
#695 = AXIS2_PLACEMENT_3D ( 'NONE', #3742, #855, #1692 ) ;
#696 = LINE ( 'NONE', #3270, #1079 ) ;
#697 = ORIENTED_EDGE ( 'NONE', *, *, #284, .T. ) ;
#698 = DIRECTION ( 'NONE',  ( -3.469446951953619316E-15, 1.000000000000000000, 0.000000000000000000 ) ) ;
#699 = VECTOR ( 'NONE', #757, 1000.000000000000000 ) ;
#700 = LINE ( 'NONE', #2513, #2717 ) ;
#701 = CARTESIAN_POINT ( 'NONE',  ( 48.00000000000000000, -48.00000000000000000, 0.000000000000000000 ) ) ;
#702 = CARTESIAN_POINT ( 'NONE',  ( 39.99999999999999289, 0.000000000000000000, 6.000000000000000000 ) ) ;
#703 = VECTOR ( 'NONE', #1929, 1000.000000000000000 ) ;
#704 = VECTOR ( 'NONE', #167, 1000.000000000000000 ) ;
#705 = FACE_OUTER_BOUND ( 'NONE', #2735, .T. ) ;
#706 = ORIENTED_EDGE ( 'NONE', *, *, #881, .F. ) ;
#707 = CARTESIAN_POINT ( 'NONE',  ( -53.34314575050760254, -61.00000000000000711, -4.000000000000000000 ) ) ;
#708 = FACE_OUTER_BOUND ( 'NONE', #3656, .T. ) ;
#709 = CARTESIAN_POINT ( 'NONE',  ( 45.75000000000000000, -48.00000000000000000, 0.000000000000000000 ) ) ;
#710 = CARTESIAN_POINT ( 'NONE',  ( 62.00000000000000711, 50.51471862576144645, -20.97056274847713908 ) ) ;
#711 = ORIENTED_EDGE ( 'NONE', *, *, #1110, .T. ) ;
#712 = EDGE_LOOP ( 'NONE', ( #1416, #442, #184, #1617 ) ) ;
#713 = ORIENTED_EDGE ( 'NONE', *, *, #1433, .T. ) ;
#714 = VECTOR ( 'NONE', #3177, 1000.000000000000114 ) ;
#715 = ADVANCED_FACE ( 'NONE', ( #2823 ), #2522, .F. ) ;
#716 = CARTESIAN_POINT ( 'NONE',  ( 58.99999999999997868, -50.51471862576142513, 30.00000000000000000 ) ) ;
#717 = EDGE_CURVE ( 'NONE', #474, #2292, #1091, .T. ) ;
#718 = VECTOR ( 'NONE', #1675, 1000.000000000000000 ) ;
#719 = ADVANCED_FACE ( 'NONE', ( #3672 ), #3128, .T. ) ;
#720 = CARTESIAN_POINT ( 'NONE',  ( 59.00000000000001421, -50.51471862576144645, -4.000000000000000000 ) ) ;
#721 = PLANE ( 'NONE',  #1557 ) ;
#722 = DIRECTION ( 'NONE',  ( -0.000000000000000000, -0.000000000000000000, 1.000000000000000000 ) ) ;
#723 = DIRECTION ( 'NONE',  ( 1.000000000000000000, 0.000000000000000000, 0.000000000000000000 ) ) ;
#724 = EDGE_CURVE ( 'NONE', #1325, #957, #44, .T. ) ;
#725 = CARTESIAN_POINT ( 'NONE',  ( 64.99999999999997158, -59.00000000000000711, 30.00000000000000000 ) ) ;
#726 = EDGE_LOOP ( 'NONE', ( #1015, #3125 ) ) ;
#727 = DIRECTION ( 'NONE',  ( -0.000000000000000000, -0.000000000000000000, 1.000000000000000000 ) ) ;
#728 = CARTESIAN_POINT ( 'NONE',  ( 45.75000000000000000, -48.00000000000000000, 5.699999999999984190 ) ) ;
#729 = CIRCLE ( 'NONE', #3404, 2.250000000000001776 ) ;
#730 = AXIS2_PLACEMENT_3D ( 'NONE', #453, #1616, #510 ) ;
#731 = DIRECTION ( 'NONE',  ( -0.000000000000000000, -0.000000000000000000, -1.000000000000000000 ) ) ;
#732 = DIRECTION ( 'NONE',  ( 0.000000000000000000, -0.000000000000000000, -1.000000000000000000 ) ) ;
#733 = CYLINDRICAL_SURFACE ( 'NONE', #1481, 3.000000000000000000 ) ;
#734 = ORIENTED_EDGE ( 'NONE', *, *, #717, .F. ) ;
#735 = ORIENTED_EDGE ( 'NONE', *, *, #1752, .T. ) ;
#736 = ORIENTED_EDGE ( 'NONE', *, *, #3660, .T. ) ;
#737 = DIRECTION ( 'NONE',  ( 0.000000000000000000, 0.000000000000000000, 1.000000000000000000 ) ) ;
#738 = EDGE_CURVE ( 'NONE', #14, #2826, #234, .T. ) ;
#739 = CARTESIAN_POINT ( 'NONE',  ( -48.00000000000000000, 48.00000000000000000, 6.000000000000000000 ) ) ;
#740 = CARTESIAN_POINT ( 'NONE',  ( -39.99999999999999289, 0.000000000000000000, 3.000000000000000000 ) ) ;
#741 = AXIS2_PLACEMENT_3D ( 'NONE', #2936, #1445, #553 ) ;
#742 = DIRECTION ( 'NONE',  ( -0.000000000000000000, -0.000000000000000000, -1.000000000000000000 ) ) ;
#743 = AXIS2_PLACEMENT_3D ( 'NONE', #3262, #648, #2070 ) ;
#744 = LINE ( 'NONE', #1335, #3717 ) ;
#745 = ORIENTED_EDGE ( 'NONE', *, *, #1345, .F. ) ;
#746 = DIRECTION ( 'NONE',  ( 1.000000000000000000, 0.000000000000000000, 0.000000000000000000 ) ) ;
#747 = LINE ( 'NONE', #1601, #3057 ) ;
#748 = EDGE_CURVE ( 'NONE', #1116, #46, #2230, .T. ) ;
#749 = CARTESIAN_POINT ( 'NONE',  ( -58.99999999999997868, 59.00000000000000711, -20.97056274847713908 ) ) ;
#750 = FACE_OUTER_BOUND ( 'NONE', #1525, .T. ) ;
#751 = DIRECTION ( 'NONE',  ( 0.000000000000000000, 0.000000000000000000, 1.000000000000000000 ) ) ;
#752 = EDGE_LOOP ( 'NONE', ( #492, #694, #1771, #52 ) ) ;
#753 = ORIENTED_EDGE ( 'NONE', *, *, #3703, .F. ) ;
#754 = ORIENTED_EDGE ( 'NONE', *, *, #3148, .F. ) ;
#755 = LINE ( 'NONE', #1328, #217 ) ;
#756 = AXIS2_PLACEMENT_3D ( 'NONE', #360, #3322, #2669 ) ;
#757 = DIRECTION ( 'NONE',  ( 1.239088197126290817E-16, 1.000000000000000000, 0.000000000000000000 ) ) ;
#758 = DIRECTION ( 'NONE',  ( -0.000000000000000000, 1.000000000000000000, -0.000000000000000000 ) ) ;
#759 = CARTESIAN_POINT ( 'NONE',  ( -61.54999999999999005, -59.00000000000000000, 30.00000000000000000 ) ) ;
#760 = CIRCLE ( 'NONE', #876, 2.250000000000001776 ) ;
#761 = LINE ( 'NONE', #2223, #2189 ) ;
#762 = ORIENTED_EDGE ( 'NONE', *, *, #1283, .T. ) ;
#763 = EDGE_CURVE ( 'NONE', #849, #693, #779, .T. ) ;
#764 = DIRECTION ( 'NONE',  ( -1.000000000000000000, 0.000000000000000000, 0.000000000000000000 ) ) ;
#765 = VECTOR ( 'NONE', #2679, 1000.000000000000000 ) ;
#766 = ADVANCED_FACE ( 'NONE', ( #3113 ), #2791, .F. ) ;
#767 = DIRECTION ( 'NONE',  ( 0.000000000000000000, -1.000000000000000000, 0.000000000000000000 ) ) ;
#768 = DIRECTION ( 'NONE',  ( -1.000000000000000000, 0.000000000000000000, 0.000000000000000000 ) ) ;
#769 = FACE_OUTER_BOUND ( 'NONE', #1588, .T. ) ;
#770 = VERTEX_POINT ( 'NONE', #1979 ) ;
#771 = ORIENTED_EDGE ( 'NONE', *, *, #3254, .T. ) ;
#772 = ADVANCED_FACE ( 'NONE', ( #2212, #769 ), #1696, .F. ) ;
#773 = CARTESIAN_POINT ( 'NONE',  ( -56.75000000000000000, -39.49999999999997868, 5.999999999999972466 ) ) ;
#774 = DIRECTION ( 'NONE',  ( 1.000000000000000000, 0.000000000000000000, 0.000000000000000000 ) ) ;
#775 = VECTOR ( 'NONE', #758, 1000.000000000000000 ) ;
#776 = AXIS2_PLACEMENT_3D ( 'NONE', #2571, #816, #3146 ) ;
#777 = DIRECTION ( 'NONE',  ( -0.000000000000000000, -0.000000000000000000, 1.000000000000000000 ) ) ;
#778 = DIRECTION ( 'NONE',  ( -1.176083712526648949E-16, 1.000000000000000000, 0.000000000000000000 ) ) ;
#779 = CIRCLE ( 'NONE', #1629, 2.250000000000001776 ) ;
#780 = FACE_OUTER_BOUND ( 'NONE', #1185, .T. ) ;
#781 = AXIS2_PLACEMENT_3D ( 'NONE', #2742, #1880, #1026 ) ;
#782 = CARTESIAN_POINT ( 'NONE',  ( 56.00000000000000711, -37.00000000000000000, 0.000000000000000000 ) ) ;
#783 = EDGE_LOOP ( 'NONE', ( #403, #2714, #565, #848 ) ) ;
#784 = EDGE_CURVE ( 'NONE', #887, #1883, #2787, .T. ) ;
#785 = ADVANCED_FACE ( 'NONE', ( #2614 ), #874, .F. ) ;
#786 = CARTESIAN_POINT ( 'NONE',  ( 61.55000000000003979, -59.00000000000000000, 30.00000000000000000 ) ) ;
#787 = AXIS2_PLACEMENT_3D ( 'NONE', #538, #2847, #2934 ) ;
#788 = CYLINDRICAL_SURFACE ( 'NONE', #137, 3.000000000000002665 ) ;
#789 = DIRECTION ( 'NONE',  ( -0.000000000000000000, -0.000000000000000000, 1.000000000000000000 ) ) ;
#790 = ORIENTED_EDGE ( 'NONE', *, *, #2854, .T. ) ;
#791 = ORIENTED_EDGE ( 'NONE', *, *, #121, .F. ) ;
#792 = DIRECTION ( 'NONE',  ( 0.000000000000000000, -1.000000000000000000, 0.000000000000000000 ) ) ;
#793 = DIRECTION ( 'NONE',  ( 1.176083712526648949E-16, -1.000000000000000000, 0.000000000000000000 ) ) ;
#794 = VERTEX_POINT ( 'NONE', #2596 ) ;
#795 = EDGE_CURVE ( 'NONE', #369, #3411, #571, .T. ) ;
#796 = DIRECTION ( 'NONE',  ( -1.000000000000000000, 0.000000000000000000, 0.000000000000000000 ) ) ;
#797 = EDGE_CURVE ( 'NONE', #1509, #3482, #2484, .T. ) ;
#798 = CARTESIAN_POINT ( 'NONE',  ( -58.99999999999999289, 58.99999999999999289, -4.000000000000000000 ) ) ;
#799 = DIRECTION ( 'NONE',  ( 0.000000000000000000, -1.000000000000000000, -0.000000000000000000 ) ) ;
#800 = ADVANCED_FACE ( 'NONE', ( #1466 ), #2897, .F. ) ;
#801 = LINE ( 'NONE', #1066, #1394 ) ;
#802 = EDGE_LOOP ( 'NONE', ( #1677, #2238, #2697, #3466 ) ) ;
#803 = EDGE_CURVE ( 'NONE', #808, #1708, #3155, .T. ) ;
#804 = FACE_OUTER_BOUND ( 'NONE', #3459, .T. ) ;
#805 = DIRECTION ( 'NONE',  ( -0.000000000000000000, -0.000000000000000000, -1.000000000000000000 ) ) ;
#806 = DIRECTION ( 'NONE',  ( -1.000000000000000000, 0.000000000000000000, 0.000000000000000000 ) ) ;
#807 = ORIENTED_EDGE ( 'NONE', *, *, #2632, .T. ) ;
#808 = VERTEX_POINT ( 'NONE', #2324 ) ;
#809 = DIRECTION ( 'NONE',  ( 1.000000000000000000, 0.000000000000000000, 0.000000000000000000 ) ) ;
#810 = CYLINDRICAL_SURFACE ( 'NONE', #336, 8.000000000000000000 ) ;
#811 = ORIENTED_EDGE ( 'NONE', *, *, #2077, .T. ) ;
#812 = ORIENTED_EDGE ( 'NONE', *, *, #3722, .F. ) ;
#813 = CARTESIAN_POINT ( 'NONE',  ( 56.00000000000000711, -53.80384757729336087, -20.97056274847713908 ) ) ;
#814 = SURFACE_SIDE_STYLE ('',( #244 ) ) ;
#815 = DIRECTION ( 'NONE',  ( 1.000000000000000000, -0.000000000000000000, -0.000000000000000000 ) ) ;
#816 = DIRECTION ( 'NONE',  ( 0.000000000000000000, 0.000000000000000000, 1.000000000000000000 ) ) ;
#817 = ORIENTED_EDGE ( 'NONE', *, *, #3423, .F. ) ;
#818 = ORIENTED_EDGE ( 'NONE', *, *, #748, .T. ) ;
#819 = DIRECTION ( 'NONE',  ( -0.000000000000000000, 0.000000000000000000, 1.000000000000000000 ) ) ;
#820 = APPLICATION_CONTEXT ( 'automotive_design' ) ;
#821 = CARTESIAN_POINT ( 'NONE',  ( -56.00000000000000711, 55.99999999999999289, 30.00000000000000000 ) ) ;
#822 = VECTOR ( 'NONE', #1202, 1000.000000000000000 ) ;
#823 = DIRECTION ( 'NONE',  ( -1.000000000000000000, 0.000000000000000000, -0.000000000000000000 ) ) ;
#824 = VECTOR ( 'NONE', #398, 1000.000000000000000 ) ;
#825 = ORIENTED_EDGE ( 'NONE', *, *, #1387, .F. ) ;
#827 = LINE ( 'NONE', #1412, #2856 ) ;
#826 = AXIS2_PLACEMENT_3D ( 'NONE', #2494, #1946, #501 ) ;
#828 = ADVANCED_FACE ( 'NONE', ( #3471 ), #288, .T. ) ;
#829 = CARTESIAN_POINT ( 'NONE',  ( -58.99999999999999289, -59.00000000000000000, 30.00000000000000000 ) ) ;
#830 = EDGE_LOOP ( 'NONE', ( #3464, #2141, #2470, #1432 ) ) ;
#831 = EDGE_CURVE ( 'NONE', #997, #2292, #1427, .T. ) ;
#832 = ORIENTED_EDGE ( 'NONE', *, *, #1951, .T. ) ;
#833 = EDGE_CURVE ( 'NONE', #887, #3638, #591, .T. ) ;
#834 = CARTESIAN_POINT ( 'NONE',  ( 47.99999999999999289, 48.00000000000000000, 0.000000000000000000 ) ) ;
#835 = DIRECTION ( 'NONE',  ( 0.000000000000000000, -0.000000000000000000, -1.000000000000000000 ) ) ;
#836 = DIRECTION ( 'NONE',  ( 0.000000000000000000, 0.000000000000000000, -1.000000000000000000 ) ) ;
#837 = AXIS2_PLACEMENT_3D ( 'NONE', #3448, #2875, #2556 ) ;
#838 = VECTOR ( 'NONE', #3653, 1000.000000000000000 ) ;
#839 = CARTESIAN_POINT ( 'NONE',  ( -55.99999999999999289, 53.80384757729336798, 5.999999999999998224 ) ) ;
#840 = ORIENTED_EDGE ( 'NONE', *, *, #3306, .F. ) ;
#841 = AXIS2_PLACEMENT_3D ( 'NONE', #181, #213, #1342 ) ;
#842 = LINE ( 'NONE', #2339, #1609 ) ;
#843 = CARTESIAN_POINT ( 'NONE',  ( -61.99999999999997868, -50.51471862576143934, -20.97056274847713908 ) ) ;
#844 = DIRECTION ( 'NONE',  ( -1.000000000000000000, 0.000000000000000000, 0.000000000000000000 ) ) ;
#845 = ORIENTED_EDGE ( 'NONE', *, *, #1502, .T. ) ;
#846 = DIRECTION ( 'NONE',  ( -1.239088197126290817E-16, 1.000000000000000000, -0.000000000000000000 ) ) ;
#847 = CIRCLE ( 'NONE', #2052, 3.000000000000002665 ) ;
#848 = ORIENTED_EDGE ( 'NONE', *, *, #2632, .F. ) ;
#849 = VERTEX_POINT ( 'NONE', #3764 ) ;
#850 = CARTESIAN_POINT ( 'NONE',  ( 58.99999999999997868, -59.00000000000000711, 30.00000000000000000 ) ) ;
#851 = CARTESIAN_POINT ( 'NONE',  ( 55.99999999999999289, -40.00000000000000000, 3.000000000000000000 ) ) ;
#852 = ORIENTED_EDGE ( 'NONE', *, *, #2577, .T. ) ;
#853 = FACE_OUTER_BOUND ( 'NONE', #2313, .T. ) ;
#854 = EDGE_LOOP ( 'NONE', ( #3701, #327, #1856, #1747 ) ) ;
#855 = DIRECTION ( 'NONE',  ( -1.000000000000000000, -0.000000000000000000, -0.000000000000000000 ) ) ;
#856 = ADVANCED_FACE ( 'NONE', ( #1755 ), #533, .F. ) ;
#857 = CARTESIAN_POINT ( 'NONE',  ( -13.25000000000004796, 59.00000000000000000, 30.00000000000000000 ) ) ;
#858 = DIRECTION ( 'NONE',  ( 0.000000000000000000, 0.000000000000000000, 1.000000000000000000 ) ) ;
#859 = CARTESIAN_POINT ( 'NONE',  ( -36.99999999999999289, -56.00000000000000711, 0.000000000000000000 ) ) ;
#860 = CARTESIAN_POINT ( 'NONE',  ( 62.00000000000002132, -50.51471862576145355, 30.00000000000000000 ) ) ;
#861 = VERTEX_POINT ( 'NONE', #2105 ) ;
#862 = ORIENTED_EDGE ( 'NONE', *, *, #151, .T. ) ;
#863 = LINE ( 'NONE', #580, #1002 ) ;
#864 = CARTESIAN_POINT ( 'NONE',  ( -58.99999999999999289, 59.00000000000000000, 30.00000000000000000 ) ) ;
#865 = DIRECTION ( 'NONE',  ( 0.000000000000000000, 0.000000000000000000, 1.000000000000000000 ) ) ;
#866 = ORIENTED_EDGE ( 'NONE', *, *, #1052, .F. ) ;
#867 = CYLINDRICAL_SURFACE ( 'NONE', #837, 3.000000000000000000 ) ;
#868 = EDGE_LOOP ( 'NONE', ( #2694, #2082, #2609, #3468 ) ) ;
#869 = VERTEX_POINT ( 'NONE', #1251 ) ;
#870 = AXIS2_PLACEMENT_3D ( 'NONE', #1374, #2541, #3685 ) ;
#871 = EDGE_CURVE ( 'NONE', #1173, #1109, #305, .T. ) ;
#872 = CARTESIAN_POINT ( 'NONE',  ( -6.674275068588735883E-15, 56.75000000000002842, 5.999999999999998224 ) ) ;
#873 = CARTESIAN_POINT ( 'NONE',  ( -58.99999999999999289, -59.00000000000000000, 24.00000000000000000 ) ) ;
#874 = CYLINDRICAL_SURFACE ( 'NONE', #1504, 3.000000000000002665 ) ;
#875 = EDGE_CURVE ( 'NONE', #410, #558, #1869, .T. ) ;
#876 = AXIS2_PLACEMENT_3D ( 'NONE', #1552, #2719, #3619 ) ;
#877 = DIRECTION ( 'NONE',  ( 0.000000000000000000, 0.000000000000000000, -1.000000000000000000 ) ) ;
#878 = VECTOR ( 'NONE', #3489, 1000.000000000000000 ) ;
#879 = DIRECTION ( 'NONE',  ( 0.000000000000000000, 0.000000000000000000, 1.000000000000000000 ) ) ;
#880 = VERTEX_POINT ( 'NONE', #1232 ) ;
#881 = EDGE_CURVE ( 'NONE', #3214, #1814, #409, .T. ) ;
#882 = AXIS2_PLACEMENT_3D ( 'NONE', #1021, #3063, #3366 ) ;
#883 = ORIENTED_EDGE ( 'NONE', *, *, #2414, .T. ) ;
#884 = DIRECTION ( 'NONE',  ( -0.000000000000000000, 0.000000000000000000, -1.000000000000000000 ) ) ;
#885 = CARTESIAN_POINT ( 'NONE',  ( -6.674275068588735883E-15, 56.75000000000002842, 5.999999999999998224 ) ) ;
#886 = CARTESIAN_POINT ( 'NONE',  ( -50.51471862576141092, 59.00000000000000711, 30.00000000000000000 ) ) ;
#887 = VERTEX_POINT ( 'NONE', #3556 ) ;
#888 = CYLINDRICAL_SURFACE ( 'NONE', #3640, 3.000000000000002665 ) ;
#889 = ORIENTED_EDGE ( 'NONE', *, *, #1971, .F. ) ;
#890 = CIRCLE ( 'NONE', #1324, 3.000000000000002665 ) ;
#891 = AXIS2_PLACEMENT_3D ( 'NONE', #1265, #82, #147 ) ;
#892 = CARTESIAN_POINT ( 'NONE',  ( 50.51471862576141802, 59.00000000000000711, -4.000000000000000000 ) ) ;
#893 = CARTESIAN_POINT ( 'NONE',  ( 62.00000000000002132, -50.51471862576145355, -20.97056274847713908 ) ) ;
#894 = DIRECTION ( 'NONE',  ( -3.469446951953619316E-15, 1.000000000000000000, 0.000000000000000000 ) ) ;
#895 = AXIS2_PLACEMENT_3D ( 'NONE', #3579, #1272, #1146 ) ;
#896 = EDGE_CURVE ( 'NONE', #3411, #1608, #2662, .T. ) ;
#897 = EDGE_CURVE ( 'NONE', #1156, #60, #1139, .T. ) ;
#898 = LINE ( 'NONE', #7, #1447 ) ;
#899 = VERTEX_POINT ( 'NONE', #2420 ) ;
#900 = VERTEX_POINT ( 'NONE', #968 ) ;
#901 = VERTEX_POINT ( 'NONE', #2128 ) ;
#902 = CARTESIAN_POINT ( 'NONE',  ( -36.99999999999999289, -48.00000000000000000, 0.000000000000000000 ) ) ;
#903 = CIRCLE ( 'NONE', #1812, 8.000000000000000000 ) ;
#904 = EDGE_CURVE ( 'NONE', #1850, #1708, #3295, .T. ) ;
#905 = CARTESIAN_POINT ( 'NONE',  ( 55.99999999999999289, 40.00000000000000000, 3.000000000000000000 ) ) ;
#906 = VECTOR ( 'NONE', #669, 1000.000000000000000 ) ;
#907 = ADVANCED_FACE ( 'NONE', ( #3107 ), #1350, .T. ) ;
#908 = ORIENTED_EDGE ( 'NONE', *, *, #1108, .F. ) ;
#909 = DIRECTION ( 'NONE',  ( -0.000000000000000000, -0.000000000000000000, -1.000000000000000000 ) ) ;
#910 = ORIENTED_EDGE ( 'NONE', *, *, #2465, .F. ) ;
#911 = ORIENTED_EDGE ( 'NONE', *, *, #1454, .F. ) ;
#912 = EDGE_CURVE ( 'NONE', #645, #70, #1651, .T. ) ;
#913 =( LENGTH_UNIT ( ) NAMED_UNIT ( * ) SI_UNIT ( .MILLI., .METRE. ) );
#914 = DIRECTION ( 'NONE',  ( -0.000000000000000000, -0.000000000000000000, 1.000000000000000000 ) ) ;
#915 = DIRECTION ( 'NONE',  ( 0.000000000000000000, 0.000000000000000000, 1.000000000000000000 ) ) ;
#916 = EDGE_CURVE ( 'NONE', #3665, #1607, #230, .T. ) ;
#917 = DIRECTION ( 'NONE',  ( 1.000000000000000000, 0.000000000000000000, 0.000000000000000000 ) ) ;
#918 = DIRECTION ( 'NONE',  ( 2.312964634635746211E-15, -1.000000000000000000, 0.000000000000000000 ) ) ;
#919 = VERTEX_POINT ( 'NONE', #3067 ) ;
#920 = VERTEX_POINT ( 'NONE', #759 ) ;
#921 = AXIS2_PLACEMENT_3D ( 'NONE', #2172, #141, #2193 ) ;
#922 = ORIENTED_EDGE ( 'NONE', *, *, #2901, .F. ) ;
#923 = LINE ( 'NONE', #105, #1976 ) ;
#924 = EDGE_LOOP ( 'NONE', ( #2129, #713, #3769, #960 ) ) ;
#925 = DIRECTION ( 'NONE',  ( -1.000000000000000000, 0.000000000000000000, 0.000000000000000000 ) ) ;
#926 = EDGE_LOOP ( 'NONE', ( #3287, #2179, #2969, #283 ) ) ;
#927 = EDGE_LOOP ( 'NONE', ( #3503, #660, #3721, #3682 ) ) ;
#928 = DIRECTION ( 'NONE',  ( 0.7071067811865496822, 8.316167683706461407E-17, -0.7071067811865453523 ) ) ;
#929 = FACE_OUTER_BOUND ( 'NONE', #2682, .T. ) ;
#930 = AXIS2_PLACEMENT_3D ( 'NONE', #1956, #2466, #3055 ) ;
#931 = DIRECTION ( 'NONE',  ( -0.000000000000000000, -0.000000000000000000, -1.000000000000000000 ) ) ;
#932 = DIRECTION ( 'NONE',  ( -0.7071067811865431318, -0.7071067811865519026, 0.000000000000000000 ) ) ;
#933 = VERTEX_POINT ( 'NONE', #1367 ) ;
#934 = ORIENTED_EDGE ( 'NONE', *, *, #3045, .F. ) ;
#935 = EDGE_CURVE ( 'NONE', #369, #680, #1897, .T. ) ;
#936 = ORIENTED_EDGE ( 'NONE', *, *, #3180, .T. ) ;
#937 = LINE ( 'NONE', #2715, #644 ) ;
#938 = VECTOR ( 'NONE', #698, 1000.000000000000000 ) ;
#939 = CARTESIAN_POINT ( 'NONE',  ( -60.99999999999997868, -53.34314575050763096, -4.000000000000000000 ) ) ;
#940 = EDGE_CURVE ( 'NONE', #1379, #2491, #3336, .T. ) ;
#941 = AXIS2_PLACEMENT_3D ( 'NONE', #972, #3299, #688 ) ;
#942 = EDGE_CURVE ( 'NONE', #1499, #2865, #3573, .T. ) ;
#943 = ORIENTED_EDGE ( 'NONE', *, *, #1849, .F. ) ;
#944 = CARTESIAN_POINT ( 'NONE',  ( 50.25000000000000000, 48.00000000000000000, 5.699999999999987743 ) ) ;
#945 = LINE ( 'NONE', #1553, #2479 ) ;
#946 = EDGE_LOOP ( 'NONE', ( #1809, #1286, #1644, #1242 ) ) ;
#947 = DIRECTION ( 'NONE',  ( 0.000000000000000000, -0.000000000000000000, -1.000000000000000000 ) ) ;
#948 = ORIENTED_EDGE ( 'NONE', *, *, #3530, .F. ) ;
#949 = CYLINDRICAL_SURFACE ( 'NONE', #2436, 2.250000000000001776 ) ;
#950 = LINE ( 'NONE', #2867, #1614 ) ;
#951 = CARTESIAN_POINT ( 'NONE',  ( 56.44999999999999574, 59.00000000000000000, 30.00000000000000000 ) ) ;
#952 = AXIS2_PLACEMENT_3D ( 'NONE', #282, #3221, #2265 ) ;
#953 = CARTESIAN_POINT ( 'NONE',  ( 58.99999999999999289, 59.00000000000000000, 29.70000000000000995 ) ) ;
#954 = PRODUCT_DEFINITION ( 'UNKNOWN', '', #2767, #2587 ) ;
#955 = AXIS2_PLACEMENT_3D ( 'NONE', #3277, #2702, #373 ) ;
#956 = CARTESIAN_POINT ( 'NONE',  ( -39.99999999999999289, 0.000000000000000000, 6.000000000000000000 ) ) ;
#957 = VERTEX_POINT ( 'NONE', #136 ) ;
#958 = VERTEX_POINT ( 'NONE', #1334 ) ;
#959 = AXIS2_PLACEMENT_3D ( 'NONE', #1548, #2411, #3550 ) ;
#960 = ORIENTED_EDGE ( 'NONE', *, *, #3137, .F. ) ;
#961 = EDGE_CURVE ( 'NONE', #566, #899, #2167, .T. ) ;
#962 = DIRECTION ( 'NONE',  ( -1.000000000000000000, 0.000000000000000000, 0.000000000000000000 ) ) ;
#963 = LINE ( 'NONE', #331, #1450 ) ;
#964 = ORIENTED_EDGE ( 'NONE', *, *, #2534, .T. ) ;
#965 = LINE ( 'NONE', #132, #156 ) ;
#966 = DIRECTION ( 'NONE',  ( -1.000000000000000000, 0.000000000000000000, 0.000000000000000000 ) ) ;
#967 = ORIENTED_EDGE ( 'NONE', *, *, #1047, .F. ) ;
#968 = CARTESIAN_POINT ( 'NONE',  ( 50.51471862576141802, 59.00000000000000711, 30.00000000000000000 ) ) ;
#969 = ORIENTED_EDGE ( 'NONE', *, *, #3264, .T. ) ;
#970 =( NAMED_UNIT ( * ) PLANE_ANGLE_UNIT ( ) SI_UNIT ( $, .RADIAN. ) );
#971 = CYLINDRICAL_SURFACE ( 'NONE', #1210, 5.999999999999998224 ) ;
#972 = CARTESIAN_POINT ( 'NONE',  ( -58.99999999999997868, -59.00000000000000711, -20.97056274847713908 ) ) ;
#973 = DIRECTION ( 'NONE',  ( 2.312964634635746211E-15, -1.000000000000000000, -0.000000000000000000 ) ) ;
#974 = EDGE_CURVE ( 'NONE', #1379, #1523, #2205, .T. ) ;
#975 = FACE_OUTER_BOUND ( 'NONE', #49, .T. ) ;
#976 = DIRECTION ( 'NONE',  ( 1.000000000000000000, 0.000000000000000000, -0.000000000000000000 ) ) ;
#977 = ORIENTED_EDGE ( 'NONE', *, *, #1781, .T. ) ;
#978 = ORIENTED_EDGE ( 'NONE', *, *, #2264, .T. ) ;
#979 = EDGE_LOOP ( 'NONE', ( #80, #3000, #1317, #2994 ) ) ;
#980 = DIRECTION ( 'NONE',  ( -0.000000000000000000, -0.000000000000000000, -1.000000000000000000 ) ) ;
#981 = DIRECTION ( 'NONE',  ( 0.000000000000000000, 1.000000000000000000, 0.000000000000000000 ) ) ;
#982 = VERTEX_POINT ( 'NONE', #2533 ) ;
#983 = DIRECTION ( 'NONE',  ( 1.176083712526648949E-16, -1.000000000000000000, 0.000000000000000000 ) ) ;
#984 = EDGE_LOOP ( 'NONE', ( #71, #987, #17, #3551 ) ) ;
#985 = DIRECTION ( 'NONE',  ( -0.000000000000000000, -0.000000000000000000, -1.000000000000000000 ) ) ;
#986 = CARTESIAN_POINT ( 'NONE',  ( -6.938893903907228378E-15, 56.00000000000000000, 6.000000000000000000 ) ) ;
#987 = ORIENTED_EDGE ( 'NONE', *, *, #2937, .F. ) ;
#988 = FACE_OUTER_BOUND ( 'NONE', #42, .T. ) ;
#989 = CARTESIAN_POINT ( 'NONE',  ( 61.00000000000000711, -53.34314575050763807, 30.00000000000000000 ) ) ;
#990 = ADVANCED_FACE ( 'NONE', ( #2148 ), #2514, .T. ) ;
#991 = EDGE_CURVE ( 'NONE', #2656, #2894, #2113, .T. ) ;
#992 = CARTESIAN_POINT ( 'NONE',  ( -50.25000000000000000, 48.00000000000000000, 0.000000000000000000 ) ) ;
#993 = LINE ( 'NONE', #143, #2312 ) ;
#994 = ORIENTED_EDGE ( 'NONE', *, *, #400, .F. ) ;
#995 = EDGE_CURVE ( 'NONE', #1708, #1778, #1062, .T. ) ;
#996 = ORIENTED_EDGE ( 'NONE', *, *, #2182, .T. ) ;
#997 = VERTEX_POINT ( 'NONE', #2781 ) ;
#998 = VECTOR ( 'NONE', #3505, 1000.000000000000000 ) ;
#999 = DIRECTION ( 'NONE',  ( 0.000000000000000000, 0.000000000000000000, 1.000000000000000000 ) ) ;
#1000 = ADVANCED_FACE ( 'NONE', ( #1578 ), #3315, .T. ) ;
#1001 = PLANE ( 'NONE',  #2284 ) ;
#1002 = VECTOR ( 'NONE', #295, 1000.000000000000000 ) ;
#1003 = LINE ( 'NONE', #413, #3698 ) ;
#1004 = ORIENTED_EDGE ( 'NONE', *, *, #1279, .T. ) ;
#1005 = PLANE ( 'NONE',  #2909 ) ;
#1006 = AXIS2_PLACEMENT_3D ( 'NONE', #2002, #1166, #3473 ) ;
#1007 = VECTOR ( 'NONE', #3119, 1000.000000000000000 ) ;
#1008 = DIRECTION ( 'NONE',  ( -1.000000000000000000, 0.000000000000000000, 0.000000000000000000 ) ) ;
#1009 = ORIENTED_EDGE ( 'NONE', *, *, #2815, .T. ) ;
#1010 = CARTESIAN_POINT ( 'NONE',  ( 47.99999999999999289, -48.00000000000000000, 0.000000000000000000 ) ) ;
#1011 = CARTESIAN_POINT ( 'NONE',  ( 36.99999999999999289, -52.99999999999999289, 0.000000000000000000 ) ) ;
#1012 = FACE_OUTER_BOUND ( 'NONE', #3079, .T. ) ;
#1013 = CARTESIAN_POINT ( 'NONE',  ( 56.00000000000000711, -55.99999999999999289, 30.00000000000000000 ) ) ;
#1014 = CARTESIAN_POINT ( 'NONE',  ( 58.99999999999997868, 59.00000000000000711, 30.00000000000000000 ) ) ;
#1015 = ORIENTED_EDGE ( 'NONE', *, *, #1354, .T. ) ;
#1016 = VECTOR ( 'NONE', #1973, 1000.000000000000227 ) ;
#1017 = ADVANCED_FACE ( 'NONE', ( #780 ), #3049, .T. ) ;
#1018 = ORIENTED_EDGE ( 'NONE', *, *, #363, .T. ) ;
#1019 = EDGE_LOOP ( 'NONE', ( #1534, #3417, #2001, #2103, #994, #2977, #657, #78, #1438, #1627, #2120, #531 ) ) ;
#1020 = AXIS2_PLACEMENT_3D ( 'NONE', #864, #3754, #2279 ) ;
#1021 = CARTESIAN_POINT ( 'NONE',  ( -58.99999999999999289, 59.00000000000000000, 29.69999999999997087 ) ) ;
#1022 = AXIS2_PLACEMENT_3D ( 'NONE', #461, #789, #496 ) ;
#1023 = EDGE_CURVE ( 'NONE', #1156, #381, #174, .T. ) ;
#1024 = CARTESIAN_POINT ( 'NONE',  ( 56.00000000000000711, -55.99999999999999289, 30.00000000000000000 ) ) ;
#1025 = DIRECTION ( 'NONE',  ( 0.000000000000000000, 0.000000000000000000, 1.000000000000000000 ) ) ;
#1026 = DIRECTION ( 'NONE',  ( -1.000000000000000000, -1.176083712526648949E-16, 0.000000000000000000 ) ) ;
#1027 = ADVANCED_FACE ( 'NONE', ( #2499 ), #1005, .T. ) ;
#1028 = CARTESIAN_POINT ( 'NONE',  ( -48.00000000000000000, -48.00000000000000000, 6.000000000000000000 ) ) ;
#1029 = ORIENTED_EDGE ( 'NONE', *, *, #81, .T. ) ;
#1030 = CARTESIAN_POINT ( 'NONE',  ( 58.99999999999997868, -59.00000000000000711, 5.999999999999998224 ) ) ;
#1031 = LINE ( 'NONE', #3358, #1769 ) ;
#1032 = CIRCLE ( 'NONE', #3223, 2.250000000000001776 ) ;
#1033 = ADVANCED_FACE ( 'NONE', ( #1458 ), #2280, .F. ) ;
#1034 = VECTOR ( 'NONE', #73, 1000.000000000000000 ) ;
#1035 = CARTESIAN_POINT ( 'NONE',  ( 59.00000000000001421, 15.50000000000004086, 30.00000000000000000 ) ) ;
#1036 = DIRECTION ( 'NONE',  ( 0.000000000000000000, -0.000000000000000000, -1.000000000000000000 ) ) ;
#1037 = DIRECTION ( 'NONE',  ( -1.000000000000000000, -1.619075244245022269E-14, 0.000000000000000000 ) ) ;
#1038 = EDGE_LOOP ( 'NONE', ( #43, #3606, #2643, #3476 ) ) ;
#1039 = ORIENTED_EDGE ( 'NONE', *, *, #2926, .F. ) ;
#1040 = EDGE_LOOP ( 'NONE', ( #352, #3232, #2982, #2066 ) ) ;
#1041 = EDGE_CURVE ( 'NONE', #1303, #3638, #2427, .T. ) ;
#1042 = CARTESIAN_POINT ( 'NONE',  ( -58.99999999999997868, -13.24999999999994849, 30.00000000000000000 ) ) ;
#1043 = FACE_OUTER_BOUND ( 'NONE', #2036, .T. ) ;
#1044 = DIRECTION ( 'NONE',  ( -0.000000000000000000, 0.000000000000000000, -1.000000000000000000 ) ) ;
#1045 = CIRCLE ( 'NONE', #1219, 3.000000000000000000 ) ;
#1046 = DIRECTION ( 'NONE',  ( 0.000000000000000000, 0.000000000000000000, -1.000000000000000000 ) ) ;
#1047 = EDGE_CURVE ( 'NONE', #2421, #2038, #1723, .T. ) ;
#1048 = CARTESIAN_POINT ( 'NONE',  ( -58.99999999999999289, 59.00000000000000000, 24.00000000000000000 ) ) ;
#1049 = ORIENTED_EDGE ( 'NONE', *, *, #1648, .F. ) ;
#1050 = FACE_OUTER_BOUND ( 'NONE', #2700, .T. ) ;
#1051 = DIRECTION ( 'NONE',  ( 1.000000000000000000, 0.000000000000000000, 0.000000000000000000 ) ) ;
#1052 = EDGE_CURVE ( 'NONE', #933, #294, #2910, .T. ) ;
#1053 = DIRECTION ( 'NONE',  ( -0.000000000000000000, -0.000000000000000000, 1.000000000000000000 ) ) ;
#1054 = LINE ( 'NONE', #2211, #3603 ) ;
#1055 = DIRECTION ( 'NONE',  ( 1.000000000000000000, -0.000000000000000000, 0.000000000000000000 ) ) ;
#1056 = ORIENTED_EDGE ( 'NONE', *, *, #3229, .F. ) ;
#1057 = ORIENTED_EDGE ( 'NONE', *, *, #3031, .F. ) ;
#1058 = LINE ( 'NONE', #2254, #1672 ) ;
#1059 = VECTOR ( 'NONE', #1144, 1000.000000000000000 ) ;
#1060 = CARTESIAN_POINT ( 'NONE',  ( -45.75000000000000000, -48.00000000000000000, 5.699999999999987743 ) ) ;
#1061 = FACE_BOUND ( 'NONE', #1474, .T. ) ;
#1062 = LINE ( 'NONE', #415, #2293 ) ;
#1063 = EDGE_CURVE ( 'NONE', #3621, #2703, #2261, .T. ) ;
#1064 = ADVANCED_FACE ( 'NONE', ( #3409 ), #1263, .F. ) ;
#1065 = VECTOR ( 'NONE', #3695, 1000.000000000000000 ) ;
#1066 = CARTESIAN_POINT ( 'NONE',  ( 39.99999999999999289, -56.00000000000000711, 6.000000000000000000 ) ) ;
#1067 = ORIENTED_EDGE ( 'NONE', *, *, #3705, .T. ) ;
#1068 = AXIS2_PLACEMENT_3D ( 'NONE', #1448, #2882, #1130 ) ;
#1069 = CARTESIAN_POINT ( 'NONE',  ( 0.000000000000000000, -40.00000000000000000, 3.000000000000000000 ) ) ;
#1070 = DIRECTION ( 'NONE',  ( -0.000000000000000000, -0.000000000000000000, 1.000000000000000000 ) ) ;
#1071 = DIRECTION ( 'NONE',  ( -0.000000000000000000, -0.000000000000000000, 1.000000000000000000 ) ) ;
#1072 = ORIENTED_EDGE ( 'NONE', *, *, #664, .F. ) ;
#1073 = ORIENTED_EDGE ( 'NONE', *, *, #2511, .F. ) ;
#1074 = DIRECTION ( 'NONE',  ( -0.5773502691896191807, -0.5773502691896351680, -0.5773502691896229555 ) ) ;
#1075 = CARTESIAN_POINT ( 'NONE',  ( -58.99999999999998579, -13.24999999999997691, 30.00000000000000355 ) ) ;
#1076 = AXIS2_PLACEMENT_3D ( 'NONE', #429, #3026, #2477 ) ;
#1077 = ORIENTED_EDGE ( 'NONE', *, *, #2060, .F. ) ;
#1078 = EDGE_CURVE ( 'NONE', #3016, #1864, #1953, .T. ) ;
#1079 = VECTOR ( 'NONE', #3594, 1000.000000000000000 ) ;
#1080 = CARTESIAN_POINT ( 'NONE',  ( -48.00000000000000000, -48.00000000000000000, 5.699999999999987743 ) ) ;
#1081 = DIRECTION ( 'NONE',  ( -1.000000000000000000, 0.000000000000000000, 0.000000000000000000 ) ) ;
#1082 = VECTOR ( 'NONE', #1107, 1000.000000000000000 ) ;
#1083 = CARTESIAN_POINT ( 'NONE',  ( -52.99999999999999289, -37.00000000000000000, 0.000000000000000000 ) ) ;
#1084 = VECTOR ( 'NONE', #815, 1000.000000000000000 ) ;
#1085 = LINE ( 'NONE', #782, #543 ) ;
#1086 = ORIENTED_EDGE ( 'NONE', *, *, #1131, .F. ) ;
#1087 = FACE_OUTER_BOUND ( 'NONE', #2377, .T. ) ;
#1088 = APPLICATION_CONTEXT ( 'automotive_design' ) ;
#1089 = VECTOR ( 'NONE', #1074, 1000.000000000000000 ) ;
#1090 = CARTESIAN_POINT ( 'NONE',  ( 58.99999999999999289, -59.00000000000000000, 30.00000000000000000 ) ) ;
#1091 = LINE ( 'NONE', #2842, #3704 ) ;
#1092 = AXIS2_PLACEMENT_3D ( 'NONE', #1028, #1296, #190 ) ;
#1093 = ORIENTED_EDGE ( 'NONE', *, *, #1527, .F. ) ;
#1094 = VERTEX_POINT ( 'NONE', #1970 ) ;
#1095 = DIRECTION ( 'NONE',  ( 1.239088197126290817E-16, -1.000000000000000000, 0.000000000000000000 ) ) ;
#1096 = CARTESIAN_POINT ( 'NONE',  ( 13.25000000000000711, -59.00000000000000000, 3.749999999999996003 ) ) ;
#1097 = ORIENTED_EDGE ( 'NONE', *, *, #3371, .T. ) ;
#1098 = DIRECTION ( 'NONE',  ( 0.000000000000000000, 0.000000000000000000, -1.000000000000000000 ) ) ;
#1099 = FACE_OUTER_BOUND ( 'NONE', #3520, .T. ) ;
#1100 = VECTOR ( 'NONE', #3470, 1000.000000000000000 ) ;
#1101 = PLANE ( 'NONE',  #952 ) ;
#1102 = VERTEX_POINT ( 'NONE', #1707 ) ;
#1103 = ORIENTED_EDGE ( 'NONE', *, *, #2812, .T. ) ;
#1104 = CIRCLE ( 'NONE', #9, 3.000000000000002665 ) ;
#1105 = DIRECTION ( 'NONE',  ( -0.000000000000000000, -0.000000000000000000, -1.000000000000000000 ) ) ;
#1106 = CARTESIAN_POINT ( 'NONE',  ( -55.99999999999997868, -39.49999999999997868, 5.999999999999998224 ) ) ;
#1107 = DIRECTION ( 'NONE',  ( -3.469446951953619316E-15, 1.000000000000000000, 0.000000000000000000 ) ) ;
#1108 = EDGE_CURVE ( 'NONE', #1370, #1247, #2048, .T. ) ;
#1109 = VERTEX_POINT ( 'NONE', #506 ) ;
#1110 = EDGE_CURVE ( 'NONE', #1566, #611, #2087, .T. ) ;
#1111 = ORIENTED_EDGE ( 'NONE', *, *, #2269, .F. ) ;
#1112 = CARTESIAN_POINT ( 'NONE',  ( 39.99999999999999289, 0.000000000000000000, 6.000000000000000000 ) ) ;
#1113 = DIRECTION ( 'NONE',  ( -0.000000000000000000, -0.000000000000000000, 1.000000000000000000 ) ) ;
#1114 = EDGE_CURVE ( 'NONE', #900, #2118, #1419, .T. ) ;
#1115 = EDGE_LOOP ( 'NONE', ( #1150, #2388, #734, #3110 ) ) ;
#1116 = VERTEX_POINT ( 'NONE', #3123 ) ;
#1117 = LINE ( 'NONE', #1348, #3748 ) ;
#1118 = CARTESIAN_POINT ( 'NONE',  ( -61.99999999999997868, -50.51471862576143934, -4.000000000000000000 ) ) ;
#1119 = VECTOR ( 'NONE', #1906, 1000.000000000000000 ) ;
#1120 = AXIS2_PLACEMENT_3D ( 'NONE', #749, #3126, #2195 ) ;
#1121 = LINE ( 'NONE', #391, #404 ) ;
#1122 = EDGE_LOOP ( 'NONE', ( #3278, #1544, #183, #866 ) ) ;
#1123 = LINE ( 'NONE', #3469, #1364 ) ;
#1124 = DIRECTION ( 'NONE',  ( -0.000000000000000000, -0.000000000000000000, -1.000000000000000000 ) ) ;
#1125 = VECTOR ( 'NONE', #468, 1000.000000000000000 ) ;
#1126 = CARTESIAN_POINT ( 'NONE',  ( 0.000000000000000000, 0.000000000000000000, 30.00000000000000000 ) ) ;
#1127 = VECTOR ( 'NONE', #257, 1000.000000000000000 ) ;
#1128 = ORIENTED_EDGE ( 'NONE', *, *, #3530, .T. ) ;
#1129 = CARTESIAN_POINT ( 'NONE',  ( 58.99999999999999289, -59.00000000000000000, 24.00000000000000000 ) ) ;
#1130 = DIRECTION ( 'NONE',  ( 1.000000000000000000, 1.850371707708596969E-14, 0.000000000000000000 ) ) ;
#1131 = EDGE_CURVE ( 'NONE', #3475, #1574, #2890, .T. ) ;
#1132 = ORIENTED_EDGE ( 'NONE', *, *, #3054, .F. ) ;
#1133 = EDGE_LOOP ( 'NONE', ( #3051, #1974, #1995, #1848 ) ) ;
#1134 = CARTESIAN_POINT ( 'NONE',  ( -61.24999999999999289, 59.00000000000000000, 29.69999999999997087 ) ) ;
#1135 = FACE_OUTER_BOUND ( 'NONE', #2140, .T. ) ;
#1136 = CIRCLE ( 'NONE', #3269, 2.250000000000001776 ) ;
#1137 = ADVANCED_FACE ( 'NONE', ( #561 ), #2965, .F. ) ;
#1138 = ORIENTED_EDGE ( 'NONE', *, *, #3499, .T. ) ;
#1139 = CIRCLE ( 'NONE', #955, 2.999999999999995559 ) ;
#1140 = DIRECTION ( 'NONE',  ( 0.000000000000000000, 0.000000000000000000, 1.000000000000000000 ) ) ;
#1141 = ORIENTED_EDGE ( 'NONE', *, *, #1023, .T. ) ;
#1142 = ORIENTED_EDGE ( 'NONE', *, *, #875, .T. ) ;
#1143 = AXIS2_PLACEMENT_3D ( 'NONE', #387, #3534, #1795 ) ;
#1144 = DIRECTION ( 'NONE',  ( -0.000000000000000000, -0.000000000000000000, -1.000000000000000000 ) ) ;
#1145 = CARTESIAN_POINT ( 'NONE',  ( -61.24999999999999289, 59.00000000000000000, 24.00000000000000000 ) ) ;
#1146 = DIRECTION ( 'NONE',  ( 1.000000000000000000, 0.000000000000000000, 0.000000000000000000 ) ) ;
#1147 = FACE_OUTER_BOUND ( 'NONE', #783, .T. ) ;
#1148 = DIRECTION ( 'NONE',  ( -1.000000000000000000, -1.239088197126290817E-16, 0.000000000000000000 ) ) ;
#1149 = VECTOR ( 'NONE', #3582, 1000.000000000000000 ) ;
#1150 = ORIENTED_EDGE ( 'NONE', *, *, #3527, .T. ) ;
#1151 = ORIENTED_EDGE ( 'NONE', *, *, #803, .F. ) ;
#1152 = CARTESIAN_POINT ( 'NONE',  ( -45.75000000000000000, 48.00000000000000000, 0.000000000000000000 ) ) ;
#1153 = LINE ( 'NONE', #3478, #3209 ) ;
#1154 = CARTESIAN_POINT ( 'NONE',  ( -47.99999999999999289, 48.00000000000000000, 6.000000000000000000 ) ) ;
#1155 = EDGE_CURVE ( 'NONE', #1102, #1496, #1804, .T. ) ;
#1156 = VERTEX_POINT ( 'NONE', #3775 ) ;
#1157 = CARTESIAN_POINT ( 'NONE',  ( -58.99999999999999289, -59.00000000000000000, 24.00000000000000000 ) ) ;
#1158 = ORIENTED_EDGE ( 'NONE', *, *, #2515, .T. ) ;
#1159 = EDGE_CURVE ( 'NONE', #1717, #2911, #412, .T. ) ;
#1160 = ORIENTED_EDGE ( 'NONE', *, *, #2660, .F. ) ;
#1161 = CARTESIAN_POINT ( 'NONE',  ( 47.99999999999999289, 48.00000000000000000, 3.000000000000000000 ) ) ;
#1162 = DIRECTION ( 'NONE',  ( 0.7071067811865496822, -0.7071067811865453523, 0.000000000000000000 ) ) ;
#1163 = CARTESIAN_POINT ( 'NONE',  ( 45.75000000000000000, -48.00000000000000000, 6.000000000000000000 ) ) ;
#1164 = EDGE_CURVE ( 'NONE', #2517, #1523, #3143, .T. ) ;
#1165 = AXIS2_PLACEMENT_3D ( 'NONE', #2127, #722, #3294 ) ;
#1166 = DIRECTION ( 'NONE',  ( -0.000000000000000000, -0.000000000000000000, -1.000000000000000000 ) ) ;
#1167 = CARTESIAN_POINT ( 'NONE',  ( 39.99999999999999289, 56.00000000000000711, 3.000000000000000000 ) ) ;
#1168 = ORIENTED_EDGE ( 'NONE', *, *, #3770, .F. ) ;
#1169 = ORIENTED_EDGE ( 'NONE', *, *, #2986, .T. ) ;
#1170 = FACE_OUTER_BOUND ( 'NONE', #345, .T. ) ;
#1171 = FILL_AREA_STYLE_COLOUR ( '', #2173 ) ;
#1172 = CARTESIAN_POINT ( 'NONE',  ( 53.34314575050760254, -61.00000000000000000, -4.000000000000000000 ) ) ;
#1173 = VERTEX_POINT ( 'NONE', #1686 ) ;
#1174 = DIRECTION ( 'NONE',  ( -0.000000000000000000, -0.000000000000000000, 1.000000000000000000 ) ) ;
#1175 = ORIENTED_EDGE ( 'NONE', *, *, #3206, .T. ) ;
#1176 = ADVANCED_FACE ( 'NONE', ( #3196, #1384 ), #2554, .T. ) ;
#1177 = EDGE_CURVE ( 'NONE', #693, #1517, #1831, .T. ) ;
#1178 = CIRCLE ( 'NONE', #267, 5.999999999999998224 ) ;
#1179 = AXIS2_PLACEMENT_3D ( 'NONE', #1654, #767, #3095 ) ;
#1180 = FACE_OUTER_BOUND ( 'NONE', #3545, .T. ) ;
#1181 = CARTESIAN_POINT ( 'NONE',  ( -15.49999999999998934, 56.00000000000000711, 5.999999999999998224 ) ) ;
#1182 = ADVANCED_FACE ( 'NONE', ( #367 ), #1528, .F. ) ;
#1183 = VECTOR ( 'NONE', #1280, 1000.000000000000000 ) ;
#1184 = CARTESIAN_POINT ( 'NONE',  ( 58.99999999999997868, 59.00000000000000711, 30.00000000000000000 ) ) ;
#1185 = EDGE_LOOP ( 'NONE', ( #3147, #146, #511, #2726 ) ) ;
#1186 = ORIENTED_EDGE ( 'NONE', *, *, #3548, .F. ) ;
#1187 = AXIS2_PLACEMENT_3D ( 'NONE', #219, #1630, #1911 ) ;
#1188 = ORIENTED_EDGE ( 'NONE', *, *, #1305, .F. ) ;
#1189 = DIRECTION ( 'NONE',  ( -0.000000000000000000, -0.000000000000000000, -1.000000000000000000 ) ) ;
#1190 = CARTESIAN_POINT ( 'NONE',  ( 50.51471862576141802, 62.00000000000000711, -4.000000000000000000 ) ) ;
#1191 = EDGE_CURVE ( 'NONE', #2044, #3535, #656, .T. ) ;
#1192 = ORIENTED_EDGE ( 'NONE', *, *, #1155, .F. ) ;
#1193 = DIRECTION ( 'NONE',  ( -1.176083712526648949E-16, 1.000000000000000000, 0.000000000000000000 ) ) ;
#1194 = ORIENTED_EDGE ( 'NONE', *, *, #2496, .T. ) ;
#1195 = EDGE_CURVE ( 'NONE', #2491, #933, #3235, .T. ) ;
#1196 = AXIS2_PLACEMENT_3D ( 'NONE', #1157, #2282, #1709 ) ;
#1197 = VERTEX_POINT ( 'NONE', #886 ) ;
#1198 = AXIS2_PLACEMENT_3D ( 'NONE', #2603, #835, #3461 ) ;
#1199 = DIRECTION ( 'NONE',  ( -0.000000000000000000, -1.000000000000000000, -0.000000000000000000 ) ) ;
#1200 = DIRECTION ( 'NONE',  ( 0.7071067811865497932, 0.7071067811865453523, 0.000000000000000000 ) ) ;
#1201 = AXIS2_PLACEMENT_3D ( 'NONE', #3434, #2506, #823 ) ;
#1202 = DIRECTION ( 'NONE',  ( -0.000000000000000000, -0.000000000000000000, 1.000000000000000000 ) ) ;
#1203 = DIRECTION ( 'NONE',  ( -0.000000000000000000, 0.000000000000000000, 1.000000000000000000 ) ) ;
#1204 = ORIENTED_EDGE ( 'NONE', *, *, #2474, .F. ) ;
#1205 = VERTEX_POINT ( 'NONE', #2099 ) ;
#1206 = VERTEX_POINT ( 'NONE', #3516 ) ;
#1207 = LINE ( 'NONE', #2370, #3630 ) ;
#1208 = AXIS2_PLACEMENT_3D ( 'NONE', #2094, #1506, #2310 ) ;
#1209 = DIRECTION ( 'NONE',  ( -0.000000000000000000, -0.000000000000000000, 1.000000000000000000 ) ) ;
#1210 = AXIS2_PLACEMENT_3D ( 'NONE', #2131, #3540, #1863 ) ;
#1211 = ORIENTED_EDGE ( 'NONE', *, *, #621, .F. ) ;
#1212 = CARTESIAN_POINT ( 'NONE',  ( -54.75735931288072322, 38.75735931288071612, -1.843453548826058379E-15 ) ) ;
#1213 = VERTEX_POINT ( 'NONE', #639 ) ;
#1214 = VERTEX_POINT ( 'NONE', #28 ) ;
#1215 = FACE_OUTER_BOUND ( 'NONE', #176, .T. ) ;
#1216 = CARTESIAN_POINT ( 'NONE',  ( -39.49999999999999289, 56.75000000000002842, 30.00000000000000000 ) ) ;
#1217 = EDGE_CURVE ( 'NONE', #3689, #2646, #3766, .T. ) ;
#1218 = DIRECTION ( 'NONE',  ( 0.7071067811865453523, 0.7071067811865496822, 0.000000000000000000 ) ) ;
#1219 = AXIS2_PLACEMENT_3D ( 'NONE', #3763, #3185, #269 ) ;
#1220 = EDGE_CURVE ( 'NONE', #1798, #3532, #2696, .T. ) ;
#1221 = DIRECTION ( 'NONE',  ( -1.000000000000000000, 0.000000000000000000, 0.000000000000000000 ) ) ;
#1222 = ORIENTED_EDGE ( 'NONE', *, *, #3082, .T. ) ;
#1223 = EDGE_CURVE ( 'NONE', #1948, #680, #472, .T. ) ;
#1224 = EDGE_LOOP ( 'NONE', ( #3675, #2809 ) ) ;
#1225 = VERTEX_POINT ( 'NONE', #1763 ) ;
#1226 = DIRECTION ( 'NONE',  ( 1.000000000000000000, 1.850371707708596969E-14, -0.000000000000000000 ) ) ;
#1227 = DIRECTION ( 'NONE',  ( -0.000000000000000000, 0.000000000000000000, 1.000000000000000000 ) ) ;
#1228 = ORIENTED_EDGE ( 'NONE', *, *, #6, .T. ) ;
#1229 = DIRECTION ( 'NONE',  ( 0.7071067811865486830, 0.7071067811865463515, 0.000000000000000000 ) ) ;
#1230 = DIRECTION ( 'NONE',  ( 0.000000000000000000, 0.000000000000000000, 1.000000000000000000 ) ) ;
#1231 = VERTEX_POINT ( 'NONE', #13 ) ;
#1232 = CARTESIAN_POINT ( 'NONE',  ( 61.24999999999999289, -59.00000000000000000, 29.69999999999997087 ) ) ;
#1233 = ORIENTED_EDGE ( 'NONE', *, *, #2551, .T. ) ;
#1234 = CARTESIAN_POINT ( 'NONE',  ( 39.99999999999999289, 48.00000000000000000, 6.000000000000000000 ) ) ;
#1235 = CARTESIAN_POINT ( 'NONE',  ( -58.99999999999998579, -13.24999999999997868, 30.00000000000000000 ) ) ;
#1236 = CARTESIAN_POINT ( 'NONE',  ( 6.938893903907228378E-15, 56.00000000000000000, 6.000000000000000000 ) ) ;
#1237 = VECTOR ( 'NONE', #690, 1000.000000000000000 ) ;
#1238 = DIRECTION ( 'NONE',  ( 0.000000000000000000, 0.000000000000000000, 1.000000000000000000 ) ) ;
#1239 = CARTESIAN_POINT ( 'NONE',  ( 53.00000000000000000, 6.567167444769341256E-15, -0.000000000000000000 ) ) ;
#1240 = VERTEX_POINT ( 'NONE', #1172 ) ;
#1241 = ORIENTED_EDGE ( 'NONE', *, *, #652, .T. ) ;
#1242 = ORIENTED_EDGE ( 'NONE', *, *, #1159, .F. ) ;
#1243 = DIRECTION ( 'NONE',  ( -0.7071067811865546782, 8.659560562355017907E-17, 0.7071067811865403563 ) ) ;
#1244 = CONICAL_SURFACE ( 'NONE', #3381, 2.250000000000001776, 0.7853981633974583820 ) ;
#1245 = CARTESIAN_POINT ( 'NONE',  ( 15.50000000000000711, -56.74999999999997868, 5.999999999999998224 ) ) ;
#1246 = VECTOR ( 'NONE', #727, 1000.000000000000000 ) ;
#1247 = VERTEX_POINT ( 'NONE', #3571 ) ;
#1248 = CARTESIAN_POINT ( 'NONE',  ( 39.99999999999999289, 0.000000000000000000, 3.000000000000000000 ) ) ;
#1249 = CARTESIAN_POINT ( 'NONE',  ( -58.99999999999999289, 59.00000000000000000, 24.00000000000000000 ) ) ;
#1250 = ORIENTED_EDGE ( 'NONE', *, *, #1925, .F. ) ;
#1251 = CARTESIAN_POINT ( 'NONE',  ( 36.99999999999999289, -48.00000000000000000, 0.000000000000000000 ) ) ;
#1252 = EDGE_LOOP ( 'NONE', ( #503, #277, #2076, #1326 ) ) ;
#1253 = EDGE_CURVE ( 'NONE', #3535, #585, #2798, .T. ) ;
#1254 = DIRECTION ( 'NONE',  ( 0.000000000000000000, -0.000000000000000000, -1.000000000000000000 ) ) ;
#1255 = FACE_OUTER_BOUND ( 'NONE', #2085, .T. ) ;
#1256 = CARTESIAN_POINT ( 'NONE',  ( -55.99999999999997868, -39.49999999999997868, 30.00000000000000000 ) ) ;
#1257 = CIRCLE ( 'NONE', #1198, 5.999999999999998224 ) ;
#1258 = DIRECTION ( 'NONE',  ( 0.000000000000000000, 0.000000000000000000, 1.000000000000000000 ) ) ;
#1259 = AXIS2_PLACEMENT_3D ( 'NONE', #1888, #2138, #1871 ) ;
#1260 = DIRECTION ( 'NONE',  ( 0.000000000000000000, 0.000000000000000000, 1.000000000000000000 ) ) ;
#1261 = ORIENTED_EDGE ( 'NONE', *, *, #2412, .T. ) ;
#1262 = ORIENTED_EDGE ( 'NONE', *, *, #1894, .F. ) ;
#1263 = CONICAL_SURFACE ( 'NONE', #3397, 2.250000000000001776, 0.7853981633974583820 ) ;
#1264 = ORIENTED_EDGE ( 'NONE', *, *, #1671, .F. ) ;
#1265 = CARTESIAN_POINT ( 'NONE',  ( -48.00000000000000000, -48.00000000000000000, 0.000000000000000000 ) ) ;
#1266 = CARTESIAN_POINT ( 'NONE',  ( 0.000000000000000000, -40.00000000000000000, 6.000000000000000000 ) ) ;
#1267 = VECTOR ( 'NONE', #1398, 1000.000000000000000 ) ;
#1268 = ORIENTED_EDGE ( 'NONE', *, *, #3207, .F. ) ;
#1269 = CARTESIAN_POINT ( 'NONE',  ( 47.99999999999999289, 40.00000000000000000, 3.000000000000000000 ) ) ;
#1270 = DIRECTION ( 'NONE',  ( 0.000000000000000000, -1.000000000000000000, 0.000000000000000000 ) ) ;
#1271 = PLANE ( 'NONE',  #3114 ) ;
#1272 = DIRECTION ( 'NONE',  ( 0.000000000000000000, 0.000000000000000000, 1.000000000000000000 ) ) ;
#1273 = EDGE_CURVE ( 'NONE', #2617, #3597, #963, .T. ) ;
#1274 = AXIS2_PLACEMENT_3D ( 'NONE', #339, #928, #55 ) ;
#1275 = EDGE_CURVE ( 'NONE', #462, #369, #3282, .T. ) ;
#1276 = APPLICATION_PROTOCOL_DEFINITION ( 'draft international standard', 'automotive_design', 1998, #1088 ) ;
#1277 = CARTESIAN_POINT ( 'NONE',  ( -56.00000000000000000, -6.938893903907228378E-15, 6.000000000000000000 ) ) ;
#1278 = ORIENTED_EDGE ( 'NONE', *, *, #912, .T. ) ;
#1279 = EDGE_CURVE ( 'NONE', #1599, #1488, #2331, .T. ) ;
#1280 = DIRECTION ( 'NONE',  ( -1.000000000000000000, -1.239088197126290817E-16, 0.000000000000000000 ) ) ;
#1281 = LINE ( 'NONE', #3609, #493 ) ;
#1282 = DIRECTION ( 'NONE',  ( 0.000000000000000000, 0.000000000000000000, 1.000000000000000000 ) ) ;
#1283 = EDGE_CURVE ( 'NONE', #1290, #1864, #1457, .T. ) ;
#1284 = CARTESIAN_POINT ( 'NONE',  ( 36.99999999999999289, 0.000000000000000000, 3.000000000000000000 ) ) ;
#1285 = ORIENTED_EDGE ( 'NONE', *, *, #621, .T. ) ;
#1286 = ORIENTED_EDGE ( 'NONE', *, *, #1414, .F. ) ;
#1287 = ORIENTED_EDGE ( 'NONE', *, *, #1440, .T. ) ;
#1288 = LINE ( 'NONE', #2453, #1549 ) ;
#1289 = VECTOR ( 'NONE', #2649, 1000.000000000000000 ) ;
#1290 = VERTEX_POINT ( 'NONE', #1512 ) ;
#1291 = DIRECTION ( 'NONE',  ( 0.5773502691896228445, 0.5773502691896299499, -0.5773502691896245098 ) ) ;
#1292 = DIRECTION ( 'NONE',  ( 1.000000000000000000, 0.000000000000000000, 0.000000000000000000 ) ) ;
#1293 = DIRECTION ( 'NONE',  ( 1.000000000000000000, 0.000000000000000000, 0.000000000000000000 ) ) ;
#1294 = DIRECTION ( 'NONE',  ( 0.7071067811865453523, -0.7071067811865497932, -0.000000000000000000 ) ) ;
#1295 = EDGE_CURVE ( 'NONE', #1109, #3512, #2676, .T. ) ;
#1296 = DIRECTION ( 'NONE',  ( -0.000000000000000000, -0.000000000000000000, -1.000000000000000000 ) ) ;
#1297 = ORIENTED_EDGE ( 'NONE', *, *, #315, .T. ) ;
#1298 = ADVANCED_FACE ( 'NONE', ( #659 ), #1391, .F. ) ;
#1299 = CARTESIAN_POINT ( 'NONE',  ( -58.99999999999998579, -13.24999999999997691, -4.000000000000000000 ) ) ;
#1300 = CARTESIAN_POINT ( 'NONE',  ( -58.99999999999999289, 59.00000000000000000, 24.00000000000000000 ) ) ;
#1301 = CARTESIAN_POINT ( 'NONE',  ( 0.000000000000000000, 37.00000000000000000, 3.000000000000000000 ) ) ;
#1302 = DIRECTION ( 'NONE',  ( -0.000000000000000000, 0.000000000000000000, 1.000000000000000000 ) ) ;
#1303 = VERTEX_POINT ( 'NONE', #939 ) ;
#1304 = ORIENTED_EDGE ( 'NONE', *, *, #575, .F. ) ;
#1305 = EDGE_CURVE ( 'NONE', #1343, #770, #3655, .T. ) ;
#1306 = EDGE_LOOP ( 'NONE', ( #1489, #3780 ) ) ;
#1307 =( GEOMETRIC_REPRESENTATION_CONTEXT ( 3 ) GLOBAL_UNCERTAINTY_ASSIGNED_CONTEXT ( ( #1635 ) ) GLOBAL_UNIT_ASSIGNED_CONTEXT ( ( #913, #970, #395 ) ) REPRESENTATION_CONTEXT ( 'NONE', 'WORKASPACE' ) );
#1308 = CARTESIAN_POINT ( 'NONE',  ( -53.80384757729334666, -56.00000000000000711, 5.999999999999998224 ) ) ;
#1309 = FACE_OUTER_BOUND ( 'NONE', #3024, .T. ) ;
#1310 = VECTOR ( 'NONE', #1218, 1000.000000000000000 ) ;
#1311 = DIRECTION ( 'NONE',  ( -1.000000000000000000, 0.000000000000000000, 0.000000000000000000 ) ) ;
#1312 = ADVANCED_FACE ( 'NONE', ( #679 ), #2980, .T. ) ;
#1313 = CARTESIAN_POINT ( 'NONE',  ( -50.51471862576141802, -59.00000000000000711, -4.000000000000000000 ) ) ;
#1314 = CIRCLE ( 'NONE', #1916, 3.000000000000002665 ) ;
#1315 = VECTOR ( 'NONE', #129, 1000.000000000000000 ) ;
#1316 = CARTESIAN_POINT ( 'NONE',  ( -56.74999999999998579, -59.00000000000000000, 29.70000000000000995 ) ) ;
#1317 = ORIENTED_EDGE ( 'NONE', *, *, #3673, .T. ) ;
#1318 = DIRECTION ( 'NONE',  ( 2.312964634635746211E-15, -1.000000000000000000, -0.000000000000000000 ) ) ;
#1319 = FACE_OUTER_BOUND ( 'NONE', #1874, .T. ) ;
#1320 = CARTESIAN_POINT ( 'NONE',  ( -55.99999999999999289, -40.00000000000000000, 3.000000000000000000 ) ) ;
#1321 = DIRECTION ( 'NONE',  ( 1.000000000000000000, 0.000000000000000000, 0.000000000000000000 ) ) ;
#1322 = LINE ( 'NONE', #2488, #838 ) ;
#1323 = VERTEX_POINT ( 'NONE', #3595 ) ;
#1324 = AXIS2_PLACEMENT_3D ( 'NONE', #1495, #354, #2931 ) ;
#1325 = VERTEX_POINT ( 'NONE', #2716 ) ;
#1326 = ORIENTED_EDGE ( 'NONE', *, *, #1465, .F. ) ;
#1327 = AXIS2_PLACEMENT_3D ( 'NONE', #3744, #2542, #1357 ) ;
#1328 = CARTESIAN_POINT ( 'NONE',  ( 61.00000000000000000, 53.34314575050763807, -20.97056274847713908 ) ) ;
#1329 = EDGE_CURVE ( 'NONE', #1596, #982, #106, .T. ) ;
#1330 = VECTOR ( 'NONE', #2042, 1000.000000000000000 ) ;
#1331 = CARTESIAN_POINT ( 'NONE',  ( 47.99999999999999289, 48.00000000000000000, 3.000000000000000000 ) ) ;
#1332 = DIRECTION ( 'NONE',  ( 0.000000000000000000, 1.000000000000000000, 0.000000000000000000 ) ) ;
#1333 = ADVANCED_FACE ( 'NONE', ( #2902 ), #2670, .F. ) ;
#1334 = CARTESIAN_POINT ( 'NONE',  ( 59.00000000000000711, 41.75000000000005684, 3.749999999999982681 ) ) ;
#1335 = CARTESIAN_POINT ( 'NONE',  ( 61.24999999999999289, -59.00000000000000000, 24.00000000000000000 ) ) ;
#1336 = EDGE_LOOP ( 'NONE', ( #643, #2763, #597, #1111 ) ) ;
#1337 = DIRECTION ( 'NONE',  ( -0.000000000000000000, -0.000000000000000000, -1.000000000000000000 ) ) ;
#1338 = TOROIDAL_SURFACE ( 'NONE', #2305, 11.00000000000000000, 3.000000000000000000 ) ;
#1339 = DIRECTION ( 'NONE',  ( -0.000000000000000000, -0.000000000000000000, -1.000000000000000000 ) ) ;
#1340 = CARTESIAN_POINT ( 'NONE',  ( -50.51471862576141802, -62.00000000000000711, -20.97056274847713908 ) ) ;
#1341 = EDGE_CURVE ( 'NONE', #2118, #3517, #2633, .T. ) ;
#1342 = DIRECTION ( 'NONE',  ( 1.000000000000000000, 0.000000000000000000, -0.000000000000000000 ) ) ;
#1343 = VERTEX_POINT ( 'NONE', #2345 ) ;
#1344 = ORIENTED_EDGE ( 'NONE', *, *, #464, .F. ) ;
#1345 = EDGE_CURVE ( 'NONE', #3485, #524, #898, .T. ) ;
#1346 = DIRECTION ( 'NONE',  ( -0.000000000000000000, -0.000000000000000000, 1.000000000000000000 ) ) ;
#1347 = ADVANCED_FACE ( 'NONE', ( #22 ), #2921, .F. ) ;
#1348 = CARTESIAN_POINT ( 'NONE',  ( -47.99999999999999289, 40.00000000000000000, 6.000000000000000000 ) ) ;
#1349 = CARTESIAN_POINT ( 'NONE',  ( -58.99999999999999289, -59.00000000000000000, 24.00000000000000000 ) ) ;
#1350 = PLANE ( 'NONE',  #651 ) ;
#1351 = DIRECTION ( 'NONE',  ( -0.000000000000000000, 0.000000000000000000, -1.000000000000000000 ) ) ;
#1352 = VERTEX_POINT ( 'NONE', #1167 ) ;
#1353 = CARTESIAN_POINT ( 'NONE',  ( -45.44999999999998863, 48.00000000000000000, 6.000000000000000000 ) ) ;
#1354 = EDGE_CURVE ( 'NONE', #957, #1325, #1640, .T. ) ;
#1355 = LINE ( 'NONE', #3684, #3314 ) ;
#1356 = CYLINDRICAL_SURFACE ( 'NONE', #1724, 8.000000000000000000 ) ;
#1357 = DIRECTION ( 'NONE',  ( 1.000000000000000000, 1.176083712526648949E-16, 0.000000000000000000 ) ) ;
#1358 = EDGE_CURVE ( 'NONE', #2432, #3475, #540, .T. ) ;
#1359 = ORIENTED_EDGE ( 'NONE', *, *, #995, .T. ) ;
#1360 = ORIENTED_EDGE ( 'NONE', *, *, #2764, .T. ) ;
#1361 = CARTESIAN_POINT ( 'NONE',  ( -36.99999999999999289, 0.000000000000000000, 3.000000000000000000 ) ) ;
#1362 = FACE_OUTER_BOUND ( 'NONE', #2583, .T. ) ;
#1363 = CONICAL_SURFACE ( 'NONE', #567, 2.550000000000052225, 0.7853981633974815857 ) ;
#1364 = VECTOR ( 'NONE', #2862, 1000.000000000000000 ) ;
#1365 = CARTESIAN_POINT ( 'NONE',  ( 55.99999999999999289, 40.00000000000000000, 6.000000000000000000 ) ) ;
#1366 = DIRECTION ( 'NONE',  ( 0.000000000000000000, -0.000000000000000000, 1.000000000000000000 ) ) ;
#1367 = CARTESIAN_POINT ( 'NONE',  ( 50.51471862576141092, -58.99999999999999289, -4.000000000000000000 ) ) ;
#1368 = CIRCLE ( 'NONE', #212, 2.250000000000001776 ) ;
#1369 = DIRECTION ( 'NONE',  ( -0.000000000000000000, -0.000000000000000000, 1.000000000000000000 ) ) ;
#1370 = VERTEX_POINT ( 'NONE', #344 ) ;
#1371 = AXIS2_PLACEMENT_3D ( 'NONE', #475, #1639, #192 ) ;
#1372 = VECTOR ( 'NONE', #1794, 1000.000000000000000 ) ;
#1373 = FACE_OUTER_BOUND ( 'NONE', #2158, .T. ) ;
#1374 = CARTESIAN_POINT ( 'NONE',  ( 58.99999999999999289, -59.00000000000000000, 30.00000000000000000 ) ) ;
#1375 = PLANE ( 'NONE',  #2846 ) ;
#1376 = ORIENTED_EDGE ( 'NONE', *, *, #3683, .F. ) ;
#1377 = ORIENTED_EDGE ( 'NONE', *, *, #3019, .T. ) ;
#1378 = CARTESIAN_POINT ( 'NONE',  ( 55.99999999999999289, 40.00000000000000000, 6.000000000000000000 ) ) ;
#1379 = VERTEX_POINT ( 'NONE', #3543 ) ;
#1380 = VECTOR ( 'NONE', #1435, 1000.000000000000000 ) ;
#1381 = DIRECTION ( 'NONE',  ( -0.000000000000000000, -0.000000000000000000, 1.000000000000000000 ) ) ;
#1382 = LINE ( 'NONE', #2553, #1681 ) ;
#1383 = AXIS2_PLACEMENT_3D ( 'NONE', #393, #947, #115 ) ;
#1384 = FACE_OUTER_BOUND ( 'NONE', #2181, .T. ) ;
#1385 = CYLINDRICAL_SURFACE ( 'NONE', #776, 3.000000000000002665 ) ;
#1386 = VERTEX_POINT ( 'NONE', #2599 ) ;
#1387 = EDGE_CURVE ( 'NONE', #1225, #2038, #2363, .T. ) ;
#1388 = EDGE_CURVE ( 'NONE', #566, #637, #1573, .T. ) ;
#1389 = ADVANCED_FACE ( 'NONE', ( #3230 ), #596, .F. ) ;
#1390 = LINE ( 'NONE', #2559, #451 ) ;
#1391 = CONICAL_SURFACE ( 'NONE', #3039, 2.550000000000010481, 0.7853981633974352894 ) ;
#1392 = CARTESIAN_POINT ( 'NONE',  ( -47.99999999999999289, -48.00000000000000000, 0.000000000000000000 ) ) ;
#1393 = LINE ( 'NONE', #1940, #2487 ) ;
#1394 = VECTOR ( 'NONE', #3050, 1000.000000000000000 ) ;
#1395 = VERTEX_POINT ( 'NONE', #615 ) ;
#1396 = ORIENTED_EDGE ( 'NONE', *, *, #1341, .T. ) ;
#1397 = ADVANCED_FACE ( 'NONE', ( #3528 ), #2939, .T. ) ;
#1398 = DIRECTION ( 'NONE',  ( -1.000000000000000000, -1.239088197126290817E-16, 0.000000000000000000 ) ) ;
#1399 = CARTESIAN_POINT ( 'NONE',  ( -56.00000000000000711, 37.00000000000000000, 0.000000000000000000 ) ) ;
#1400 = ORIENTED_EDGE ( 'NONE', *, *, #2933, .F. ) ;
#1401 = ORIENTED_EDGE ( 'NONE', *, *, #961, .T. ) ;
#1402 = DIRECTION ( 'NONE',  ( 0.000000000000000000, -1.000000000000000000, 0.000000000000000000 ) ) ;
#1403 = DIRECTION ( 'NONE',  ( 0.000000000000000000, 0.000000000000000000, 1.000000000000000000 ) ) ;
#1404 = FACE_OUTER_BOUND ( 'NONE', #2831, .T. ) ;
#1405 = VERTEX_POINT ( 'NONE', #59 ) ;
#1406 = ORIENTED_EDGE ( 'NONE', *, *, #2149, .T. ) ;
#1407 = EDGE_CURVE ( 'NONE', #197, #2389, #847, .T. ) ;
#1408 = DIRECTION ( 'NONE',  ( 0.000000000000000000, 0.000000000000000000, -1.000000000000000000 ) ) ;
#1409 = CARTESIAN_POINT ( 'NONE',  ( -47.99999999999999289, -40.00000000000000000, 3.000000000000000000 ) ) ;
#1410 = DIRECTION ( 'NONE',  ( 0.000000000000000000, 0.000000000000000000, -1.000000000000000000 ) ) ;
#1411 = VERTEX_POINT ( 'NONE', #1487 ) ;
#1412 = CARTESIAN_POINT ( 'NONE',  ( 55.99999999999999289, 56.00000000000000711, 2.999999999999999112 ) ) ;
#1413 = CARTESIAN_POINT ( 'NONE',  ( 59.00000000000001421, -58.99999999999999289, -4.000000000000000000 ) ) ;
#1414 = EDGE_CURVE ( 'NONE', #2865, #1499, #729, .T. ) ;
#1415 = ORIENTED_EDGE ( 'NONE', *, *, #3054, .T. ) ;
#1416 = ORIENTED_EDGE ( 'NONE', *, *, #668, .F. ) ;
#1417 = FACE_OUTER_BOUND ( 'NONE', #3200, .T. ) ;
#1418 = CARTESIAN_POINT ( 'NONE',  ( 48.00000000000000000, -48.00000000000000000, 6.000000000000000000 ) ) ;
#1419 = LINE ( 'NONE', #298, #3708 ) ;
#1420 = EDGE_LOOP ( 'NONE', ( #1132, #2988 ) ) ;
#1421 = CARTESIAN_POINT ( 'NONE',  ( -39.49999999999999289, 56.75000000000002842, 5.999999999999994671 ) ) ;
#1422 = EDGE_LOOP ( 'NONE', ( #2958, #1638, #1077, #1959 ) ) ;
#1423 = CIRCLE ( 'NONE', #514, 3.000000000000002665 ) ;
#1424 = DIRECTION ( 'NONE',  ( -1.000000000000000000, 0.000000000000000000, 0.000000000000000000 ) ) ;
#1425 = DIRECTION ( 'NONE',  ( -1.239088197126290817E-16, 1.000000000000000000, 0.000000000000000000 ) ) ;
#1426 = CIRCLE ( 'NONE', #2889, 2.250000000000001776 ) ;
#1427 = LINE ( 'NONE', #2919, #1748 ) ;
#1428 = VECTOR ( 'NONE', #3352, 1000.000000000000000 ) ;
#1429 = FACE_OUTER_BOUND ( 'NONE', #3017, .T. ) ;
#1430 = EDGE_CURVE ( 'NONE', #1343, #2317, #1807, .T. ) ;
#1431 = ORIENTED_EDGE ( 'NONE', *, *, #1894, .T. ) ;
#1432 = ORIENTED_EDGE ( 'NONE', *, *, #186, .T. ) ;
#1433 = EDGE_CURVE ( 'NONE', #1499, #1717, #574, .T. ) ;
#1434 = DIRECTION ( 'NONE',  ( 0.000000000000000000, 0.000000000000000000, 1.000000000000000000 ) ) ;
#1435 = DIRECTION ( 'NONE',  ( -0.000000000000000000, -0.000000000000000000, -1.000000000000000000 ) ) ;
#1436 = CARTESIAN_POINT ( 'NONE',  ( 58.99999999999997868, 59.00000000000000711, 30.00000000000000000 ) ) ;
#1437 = CIRCLE ( 'NONE', #1626, 5.999999999999998224 ) ;
#1438 = ORIENTED_EDGE ( 'NONE', *, *, #444, .T. ) ;
#1439 = VECTOR ( 'NONE', #1634, 1000.000000000000000 ) ;
#1440 = EDGE_CURVE ( 'NONE', #1596, #46, #903, .T. ) ;
#1441 = FACE_OUTER_BOUND ( 'NONE', #1741, .T. ) ;
#1442 = ORIENTED_EDGE ( 'NONE', *, *, #803, .T. ) ;
#1443 = AXIS2_PLACEMENT_3D ( 'NONE', #1118, #2300, #3445 ) ;
#1444 = CARTESIAN_POINT ( 'NONE',  ( 47.99999999999999289, 40.00000000000000000, 0.000000000000000000 ) ) ;
#1445 = DIRECTION ( 'NONE',  ( 0.000000000000000000, -0.000000000000000000, -1.000000000000000000 ) ) ;
#1446 = DIRECTION ( 'NONE',  ( 1.176083712526648949E-16, -1.000000000000000000, 0.000000000000000000 ) ) ;
#1447 = VECTOR ( 'NONE', #3474, 1000.000000000000000 ) ;
#1448 = CARTESIAN_POINT ( 'NONE',  ( -55.99999999999997868, -39.49999999999997868, 5.999999999999998224 ) ) ;
#1449 = DIRECTION ( 'NONE',  ( -0.000000000000000000, -0.000000000000000000, -1.000000000000000000 ) ) ;
#1450 = VECTOR ( 'NONE', #1476, 1000.000000000000000 ) ;
#1451 = ORIENTED_EDGE ( 'NONE', *, *, #3752, .F. ) ;
#1452 = EDGE_CURVE ( 'NONE', #1791, #3328, #2073, .T. ) ;
#1453 = ORIENTED_EDGE ( 'NONE', *, *, #3140, .F. ) ;
#1454 = EDGE_CURVE ( 'NONE', #524, #1395, #2340, .T. ) ;
#1455 = CARTESIAN_POINT ( 'NONE',  ( 39.99999999999999289, 0.000000000000000000, 6.000000000000000000 ) ) ;
#1456 = DIRECTION ( 'NONE',  ( -1.000000000000000000, 0.000000000000000000, 0.000000000000000000 ) ) ;
#1457 =( BOUNDED_CURVE ( )  B_SPLINE_CURVE ( 3, ( #2638, #2123, #2079, #905 ),
 .UNSPECIFIED., .F., .F. ) 
 B_SPLINE_CURVE_WITH_KNOTS ( ( 4, 4 ),
 ( 1.570796326794896558, 3.141592653589793116 ),
 .UNSPECIFIED. ) 
 CURVE ( )  GEOMETRIC_REPRESENTATION_ITEM ( )  RATIONAL_B_SPLINE_CURVE ( ( 1.000000000000000000, 0.8047378541243649375, 0.8047378541243649375, 1.000000000000000000 ) ) 
 REPRESENTATION_ITEM ( '' )  );
#1458 = FACE_OUTER_BOUND ( 'NONE', #1115, .T. ) ;
#1459 = EDGE_LOOP ( 'NONE', ( #1729, #328, #3060, #1833, #1186, #3405, #3033, #216 ) ) ;
#1460 = DIRECTION ( 'NONE',  ( 0.000000000000000000, 0.000000000000000000, -1.000000000000000000 ) ) ;
#1461 = EDGE_LOOP ( 'NONE', ( #2771, #2097, #2452, #1873 ) ) ;
#1462 = DIRECTION ( 'NONE',  ( -0.000000000000000000, 0.000000000000000000, 1.000000000000000000 ) ) ;
#1463 = ADVANCED_FACE ( 'NONE', ( #3384 ), #296, .F. ) ;
#1464 = DIRECTION ( 'NONE',  ( -1.000000000000000000, 0.000000000000000000, 0.000000000000000000 ) ) ;
#1465 = EDGE_CURVE ( 'NONE', #2656, #1352, #827, .T. ) ;
#1466 = FACE_OUTER_BOUND ( 'NONE', #1907, .T. ) ;
#1467 = AXIS2_PLACEMENT_3D ( 'NONE', #1939, #805, #768 ) ;
#1468 = CYLINDRICAL_SURFACE ( 'NONE', #2161, 3.000000000000002665 ) ;
#1469 = EDGE_CURVE ( 'NONE', #25, #1574, #3713, .T. ) ;
#1470 = DIRECTION ( 'NONE',  ( 0.000000000000000000, 0.000000000000000000, 1.000000000000000000 ) ) ;
#1471 = ORIENTED_EDGE ( 'NONE', *, *, #2474, .T. ) ;
#1472 = ORIENTED_EDGE ( 'NONE', *, *, #647, .F. ) ;
#1473 = EDGE_CURVE ( 'NONE', #551, #14, #256, .T. ) ;
#1474 = EDGE_LOOP ( 'NONE', ( #626, #2267 ) ) ;
#1475 = FACE_OUTER_BOUND ( 'NONE', #2444, .T. ) ;
#1476 = DIRECTION ( 'NONE',  ( -1.239088197126290817E-16, 1.000000000000000000, 0.000000000000000000 ) ) ;
#1477 = ORIENTED_EDGE ( 'NONE', *, *, #480, .T. ) ;
#1478 = CARTESIAN_POINT ( 'NONE',  ( 61.91666666666667140, 10.33333333333338366, 0.8333333333333412529 ) ) ;
#1479 = EDGE_LOOP ( 'NONE', ( #2472, #265, #2995, #3255 ) ) ;
#1480 = ORIENTED_EDGE ( 'NONE', *, *, #1155, .T. ) ;
#1481 = AXIS2_PLACEMENT_3D ( 'NONE', #1284, #1540, #1260 ) ;
#1482 = AXIS2_PLACEMENT_3D ( 'NONE', #2574, #2895, #286 ) ;
#1483 = CARTESIAN_POINT ( 'NONE',  ( 59.00000000000001421, 13.25000000000002665, 30.00000000000000000 ) ) ;
#1484 = DIRECTION ( 'NONE',  ( 1.000000000000000000, 0.000000000000000000, 0.000000000000000000 ) ) ;
#1485 = VECTOR ( 'NONE', #1434, 1000.000000000000000 ) ;
#1486 = CIRCLE ( 'NONE', #3012, 11.00000000000000355 ) ;
#1487 = CARTESIAN_POINT ( 'NONE',  ( 39.50000000000000711, -56.00000000000000711, 30.00000000000000000 ) ) ;
#1488 = VERTEX_POINT ( 'NONE', #3133 ) ;
#1489 = ORIENTED_EDGE ( 'NONE', *, *, #2622, .T. ) ;
#1490 = AXIS2_PLACEMENT_3D ( 'NONE', #2675, #3020, #3042 ) ;
#1491 = ORIENTED_EDGE ( 'NONE', *, *, #3589, .T. ) ;
#1492 = CARTESIAN_POINT ( 'NONE',  ( 45.44999999999997442, 48.00000000000000000, 6.000000000000000000 ) ) ;
#1493 = CARTESIAN_POINT ( 'NONE',  ( -50.55000000000001137, 48.00000000000000000, 6.000000000000000000 ) ) ;
#1494 = ORIENTED_EDGE ( 'NONE', *, *, #2551, .F. ) ;
#1495 = CARTESIAN_POINT ( 'NONE',  ( 50.51471862576141092, -61.99999999999999289, 30.00000000000000000 ) ) ;
#1496 = VERTEX_POINT ( 'NONE', #3436 ) ;
#1497 = EDGE_CURVE ( 'NONE', #2959, #1214, #36, .T. ) ;
#1498 = VECTOR ( 'NONE', #301, 1000.000000000000000 ) ;
#1499 = VERTEX_POINT ( 'NONE', #3506 ) ;
#1500 = ADVANCED_FACE ( 'NONE', ( #2253 ), #237, .F. ) ;
#1501 = CARTESIAN_POINT ( 'NONE',  ( 39.99999999999999289, 56.00000000000000711, 6.000000000000000000 ) ) ;
#1502 = EDGE_CURVE ( 'NONE', #2960, #3018, #2431, .T. ) ;
#1503 = DIRECTION ( 'NONE',  ( 1.000000000000000000, 0.000000000000000000, 0.000000000000000000 ) ) ;
#1504 = AXIS2_PLACEMENT_3D ( 'NONE', #3005, #89, #1818 ) ;
#1505 = CARTESIAN_POINT ( 'NONE',  ( -56.74999999999997158, -39.49999999999999289, 5.999999999999998224 ) ) ;
#1506 = DIRECTION ( 'NONE',  ( 0.000000000000000000, 0.000000000000000000, 1.000000000000000000 ) ) ;
#1507 = ORIENTED_EDGE ( 'NONE', *, *, #3145, .T. ) ;
#1508 = ORIENTED_EDGE ( 'NONE', *, *, #833, .F. ) ;
#1509 = VERTEX_POINT ( 'NONE', #1699 ) ;
#1510 = PLANE ( 'NONE',  #1490 ) ;
#1511 = AXIS2_PLACEMENT_3D ( 'NONE', #893, #3421, #809 ) ;
#1512 = CARTESIAN_POINT ( 'NONE',  ( 52.99999999999999289, 37.00000000000000000, 0.000000000000000000 ) ) ;
#1513 = ORIENTED_EDGE ( 'NONE', *, *, #3723, .T. ) ;
#1514 = LINE ( 'NONE', #389, #3138 ) ;
#1515 = DIRECTION ( 'NONE',  ( 1.000000000000000000, 0.000000000000000000, 0.000000000000000000 ) ) ;
#1516 = ORIENTED_EDGE ( 'NONE', *, *, #974, .F. ) ;
#1517 = VERTEX_POINT ( 'NONE', #1678 ) ;
#1518 = LINE ( 'NONE', #1277, #1149 ) ;
#1519 = LINE ( 'NONE', #359, #2010 ) ;
#1520 = DIRECTION ( 'NONE',  ( -0.5773502691896262862, 0.5773502691896212902, -0.5773502691896296168 ) ) ;
#1521 = AXIS2_PLACEMENT_3D ( 'NONE', #843, #1998, #3171 ) ;
#1522 = LINE ( 'NONE', #2117, #447 ) ;
#1523 = VERTEX_POINT ( 'NONE', #2866 ) ;
#1524 = ORIENTED_EDGE ( 'NONE', *, *, #186, .F. ) ;
#1525 = EDGE_LOOP ( 'NONE', ( #548, #1287, #426, #3307 ) ) ;
#1526 = CARTESIAN_POINT ( 'NONE',  ( -58.99999999999999289, -59.00000000000000000, 24.00000000000000000 ) ) ;
#1527 = EDGE_CURVE ( 'NONE', #1225, #2335, #2216, .T. ) ;
#1528 = PLANE ( 'NONE',  #3217 ) ;
#1529 = EDGE_LOOP ( 'NONE', ( #88, #791, #79, #2562 ) ) ;
#1530 = FACE_OUTER_BOUND ( 'NONE', #617, .T. ) ;
#1531 = DIRECTION ( 'NONE',  ( -1.000000000000000000, -1.239088197126290570E-16, 0.000000000000000000 ) ) ;
#1532 = ORIENTED_EDGE ( 'NONE', *, *, #2510, .F. ) ;
#1533 = DIRECTION ( 'NONE',  ( -0.000000000000000000, 0.000000000000000000, 1.000000000000000000 ) ) ;
#1534 = ORIENTED_EDGE ( 'NONE', *, *, #1776, .T. ) ;
#1535 = DIRECTION ( 'NONE',  ( 0.000000000000000000, 0.000000000000000000, 1.000000000000000000 ) ) ;
#1536 = LINE ( 'NONE', #1618, #1246 ) ;
#1537 = CARTESIAN_POINT ( 'NONE',  ( -39.49999999999999289, 56.00000000000000711, 30.00000000000000000 ) ) ;
#1538 = CIRCLE ( 'NONE', #756, 2.250000000000001776 ) ;
#1539 = DIRECTION ( 'NONE',  ( 0.000000000000000000, 0.000000000000000000, 1.000000000000000000 ) ) ;
#1540 = DIRECTION ( 'NONE',  ( 0.000000000000000000, 1.000000000000000000, 0.000000000000000000 ) ) ;
#1541 = ORIENTED_EDGE ( 'NONE', *, *, #1465, .T. ) ;
#1542 = VERTEX_POINT ( 'NONE', #3746 ) ;
#1543 = AXIS2_PLACEMENT_3D ( 'NONE', #2552, #2799, #2259 ) ;
#1544 = ORIENTED_EDGE ( 'NONE', *, *, #3108, .F. ) ;
#1545 = EDGE_CURVE ( 'NONE', #1205, #3349, #1032, .T. ) ;
#1546 = VECTOR ( 'NONE', #2518, 1000.000000000000000 ) ;
#1547 = CARTESIAN_POINT ( 'NONE',  ( 0.000000000000000000, -37.00000000000000000, 0.000000000000000000 ) ) ;
#1548 = CARTESIAN_POINT ( 'NONE',  ( 48.00000000000000000, -48.00000000000000000, 6.000000000000000000 ) ) ;
#1549 = VECTOR ( 'NONE', #1226, 1000.000000000000000 ) ;
#1550 = ADVANCED_FACE ( 'NONE', ( #2050 ), #3227, .F. ) ;
#1551 = ORIENTED_EDGE ( 'NONE', *, *, #3082, .F. ) ;
#1552 = CARTESIAN_POINT ( 'NONE',  ( 48.00000000000000000, 48.00000000000000000, 0.000000000000000000 ) ) ;
#1553 = CARTESIAN_POINT ( 'NONE',  ( -39.99999999999999289, 0.000000000000000000, 6.000000000000000000 ) ) ;
#1554 = CARTESIAN_POINT ( 'NONE',  ( -15.49999999999998934, 56.00000000000000711, 5.999999999999998224 ) ) ;
#1555 = DIRECTION ( 'NONE',  ( 0.000000000000000000, -0.000000000000000000, -1.000000000000000000 ) ) ;
#1556 = EDGE_CURVE ( 'NONE', #3485, #2664, #199, .T. ) ;
#1557 = AXIS2_PLACEMENT_3D ( 'NONE', #2298, #2834, #3426 ) ;
#1558 = LINE ( 'NONE', #1839, #1034 ) ;
#1559 = ORIENTED_EDGE ( 'NONE', *, *, #1799, .T. ) ;
#1560 = LINE ( 'NONE', #1353, #1546 ) ;
#1561 = DIRECTION ( 'NONE',  ( -1.619075244245022269E-14, 1.000000000000000000, 0.000000000000000000 ) ) ;
#1562 = VECTOR ( 'NONE', #1991, 1000.000000000000000 ) ;
#1563 = DIRECTION ( 'NONE',  ( 0.7071067811865453523, -0.7071067811865496822, 0.000000000000000000 ) ) ;
#1564 = VECTOR ( 'NONE', #536, 1000.000000000000000 ) ;
#1565 = LINE ( 'NONE', #956, #508 ) ;
#1566 = VERTEX_POINT ( 'NONE', #2235 ) ;
#1567 = ORIENTED_EDGE ( 'NONE', *, *, #2651, .T. ) ;
#1568 = AXIS2_PLACEMENT_3D ( 'NONE', #1436, #865, #2605 ) ;
#1569 = ORIENTED_EDGE ( 'NONE', *, *, #556, .T. ) ;
#1570 = CARTESIAN_POINT ( 'NONE',  ( -39.49999999999999289, 56.75000000000002842, 30.00000000000000000 ) ) ;
#1571 = EDGE_CURVE ( 'NONE', #2056, #1386, #3101, .T. ) ;
#1572 = ADVANCED_FACE ( 'NONE', ( #1646 ), #218, .F. ) ;
#1573 = CIRCLE ( 'NONE', #1208, 2.250000000000001776 ) ;
#1574 = VERTEX_POINT ( 'NONE', #500 ) ;
#1575 = LINE ( 'NONE', #428, #2529 ) ;
#1576 = CARTESIAN_POINT ( 'NONE',  ( 58.99999999999997868, -59.00000000000000711, 30.00000000000000000 ) ) ;
#1577 = CARTESIAN_POINT ( 'NONE',  ( -55.99999999999997868, -39.49999999999997868, 30.00000000000000000 ) ) ;
#1578 = FACE_OUTER_BOUND ( 'NONE', #346, .T. ) ;
#1579 = VECTOR ( 'NONE', #2381, 1000.000000000000000 ) ;
#1580 = CARTESIAN_POINT ( 'NONE',  ( 58.99999999999997868, 59.00000000000000711, 30.00000000000000000 ) ) ;
#1581 = VERTEX_POINT ( 'NONE', #1659 ) ;
#1582 = CARTESIAN_POINT ( 'NONE',  ( 47.99999999999999289, -40.00000000000000000, 6.000000000000000000 ) ) ;
#1583 = FACE_OUTER_BOUND ( 'NONE', #1989, .T. ) ;
#1584 = ADVANCED_FACE ( 'NONE', ( #1962 ), #1338, .F. ) ;
#1585 = PLANE ( 'NONE',  #930 ) ;
#1586 = EDGE_CURVE ( 'NONE', #645, #1197, #1820, .T. ) ;
#1587 = CARTESIAN_POINT ( 'NONE',  ( 0.000000000000000000, 0.000000000000000000, 5.999999999999998224 ) ) ;
#1588 = EDGE_LOOP ( 'NONE', ( #293, #1669, #254, #3771, #355, #1645, #249, #335, #2303, #1188, #607, #2550, #2691 ) ) ;
#1589 = ORIENTED_EDGE ( 'NONE', *, *, #2859, .T. ) ;
#1590 = ORIENTED_EDGE ( 'NONE', *, *, #502, .T. ) ;
#1591 = EDGE_CURVE ( 'NONE', #2266, #1798, #2745, .T. ) ;
#1592 = DIRECTION ( 'NONE',  ( 1.000000000000000000, 0.000000000000000000, 0.000000000000000000 ) ) ;
#1593 = EDGE_CURVE ( 'NONE', #3665, #1214, #646, .T. ) ;
#1594 = CARTESIAN_POINT ( 'NONE',  ( 58.99999999999999289, -59.00000000000000000, 24.00000000000000000 ) ) ;
#1595 = DIRECTION ( 'NONE',  ( 1.000000000000000000, 0.000000000000000000, 0.000000000000000000 ) ) ;
#1596 = VERTEX_POINT ( 'NONE', #2069 ) ;
#1597 = CARTESIAN_POINT ( 'NONE',  ( 59.00000000000001421, 13.25000000000002487, -4.000000000000000000 ) ) ;
#1598 = CARTESIAN_POINT ( 'NONE',  ( 58.99999999999997868, 59.00000000000000711, -4.000000000000000000 ) ) ;
#1599 = VERTEX_POINT ( 'NONE', #2089 ) ;
#1600 = CARTESIAN_POINT ( 'NONE',  ( 50.25000000000000000, 48.00000000000000000, 0.000000000000000000 ) ) ;
#1601 = CARTESIAN_POINT ( 'NONE',  ( 6.938893903907228378E-15, -56.00000000000000000, 6.000000000000000000 ) ) ;
#1602 = CARTESIAN_POINT ( 'NONE',  ( -60.99999999999997868, -53.34314575050763096, -20.97056274847713908 ) ) ;
#1603 = CARTESIAN_POINT ( 'NONE',  ( 55.99999999999999289, -40.00000000000000000, 6.000000000000000000 ) ) ;
#1604 = DIRECTION ( 'NONE',  ( 0.000000000000000000, 0.000000000000000000, 1.000000000000000000 ) ) ;
#1605 = AXIS2_PLACEMENT_3D ( 'NONE', #495, #1655, #478 ) ;
#1606 = EDGE_LOOP ( 'NONE', ( #2349, #3539, #3690, #430 ) ) ;
#1607 = VERTEX_POINT ( 'NONE', #3261 ) ;
#1608 = VERTEX_POINT ( 'NONE', #2109 ) ;
#1609 = VECTOR ( 'NONE', #18, 1000.000000000000000 ) ;
#1610 = DIRECTION ( 'NONE',  ( -0.000000000000000000, 0.000000000000000000, 1.000000000000000000 ) ) ;
#1611 = CARTESIAN_POINT ( 'NONE',  ( 56.00000000000000711, 39.50000000000004263, 5.999999999999998224 ) ) ;
#1612 = VECTOR ( 'NONE', #3387, 1000.000000000000000 ) ;
#1613 = DIRECTION ( 'NONE',  ( -0.000000000000000000, -0.000000000000000000, -1.000000000000000000 ) ) ;
#1614 = VECTOR ( 'NONE', #1902, 1000.000000000000000 ) ;
#1615 = EDGE_CURVE ( 'NONE', #1910, #3475, #1518, .T. ) ;
#1616 = DIRECTION ( 'NONE',  ( 0.000000000000000000, -0.000000000000000000, -1.000000000000000000 ) ) ;
#1617 = ORIENTED_EDGE ( 'NONE', *, *, #724, .F. ) ;
#1618 = CARTESIAN_POINT ( 'NONE',  ( 47.99999999999999289, -40.00000000000000000, 6.000000000000000000 ) ) ;
#1619 = CYLINDRICAL_SURFACE ( 'NONE', #921, 2.250000000000001776 ) ;
#1620 = EDGE_CURVE ( 'NONE', #2858, #525, #1558, .T. ) ;
#1621 = ADVANCED_FACE ( 'NONE', ( #2150 ), #971, .T. ) ;
#1622 = CARTESIAN_POINT ( 'NONE',  ( 58.99999999999999289, 59.00000000000000000, 24.00000000000000000 ) ) ;
#1623 = DIRECTION ( 'NONE',  ( -0.000000000000000000, -0.000000000000000000, -1.000000000000000000 ) ) ;
#1624 = DIRECTION ( 'NONE',  ( -0.000000000000000000, -0.000000000000000000, -1.000000000000000000 ) ) ;
#1625 = ORIENTED_EDGE ( 'NONE', *, *, #3148, .T. ) ;
#1626 = AXIS2_PLACEMENT_3D ( 'NONE', #1576, #2165, #2240 ) ;
#1627 = ORIENTED_EDGE ( 'NONE', *, *, #433, .T. ) ;
#1628 = ORIENTED_EDGE ( 'NONE', *, *, #3206, .F. ) ;
#1629 = AXIS2_PLACEMENT_3D ( 'NONE', #1958, #1071, #2576 ) ;
#1630 = DIRECTION ( 'NONE',  ( 0.000000000000000000, -0.000000000000000000, -1.000000000000000000 ) ) ;
#1631 = VECTOR ( 'NONE', #2873, 1000.000000000000000 ) ;
#1632 = DIRECTION ( 'NONE',  ( -0.000000000000000000, -0.000000000000000000, -1.000000000000000000 ) ) ;
#1633 = FACE_OUTER_BOUND ( 'NONE', #1459, .T. ) ;
#1634 = DIRECTION ( 'NONE',  ( -0.7071067811865383579, 8.659560562354821925E-17, 0.7071067811865567876 ) ) ;
#1635 = UNCERTAINTY_MEASURE_WITH_UNIT (LENGTH_MEASURE( 1.000000000000000082E-05 ), #913, 'distance_accuracy_value', 'NONE');
#1636 = ADVANCED_FACE ( 'NONE', ( #1215 ), #949, .F. ) ;
#1637 = CARTESIAN_POINT ( 'NONE',  ( 64.99999999999997158, -59.00000000000000711, -4.000000000000000000 ) ) ;
#1638 = ORIENTED_EDGE ( 'NONE', *, *, #1571, .F. ) ;
#1639 = DIRECTION ( 'NONE',  ( -0.000000000000000000, -0.000000000000000000, -1.000000000000000000 ) ) ;
#1640 = CIRCLE ( 'NONE', #3164, 2.550000000000052225 ) ;
#1641 = CARTESIAN_POINT ( 'NONE',  ( -39.99999999999999289, 48.00000000000000000, 0.000000000000000000 ) ) ;
#1642 = DIRECTION ( 'NONE',  ( -1.000000000000000000, 0.000000000000000000, 0.000000000000000000 ) ) ;
#1643 = DIRECTION ( 'NONE',  ( 0.000000000000000000, 0.000000000000000000, -1.000000000000000000 ) ) ;
#1644 = ORIENTED_EDGE ( 'NONE', *, *, #3137, .T. ) ;
#1645 = ORIENTED_EDGE ( 'NONE', *, *, #205, .T. ) ;
#1646 = FACE_OUTER_BOUND ( 'NONE', #1529, .T. ) ;
#1647 = DIRECTION ( 'NONE',  ( 1.000000000000000000, 0.000000000000000000, 0.000000000000000000 ) ) ;
#1648 = EDGE_CURVE ( 'NONE', #2959, #1352, #2400, .T. ) ;
#1649 = CARTESIAN_POINT ( 'NONE',  ( -56.00000000000000000, 6.938893903907228378E-15, 6.000000000000000000 ) ) ;
#1650 = PLANE ( 'NONE',  #2898 ) ;
#1651 = LINE ( 'NONE', #3029, #3513 ) ;
#1652 = DIRECTION ( 'NONE',  ( -1.000000000000000000, 0.000000000000000000, 0.000000000000000000 ) ) ;
#1653 = ORIENTED_EDGE ( 'NONE', *, *, #2968, .T. ) ;
#1654 = CARTESIAN_POINT ( 'NONE',  ( 36.99999999999999289, -48.00000000000000000, 3.000000000000000000 ) ) ;
#1655 = DIRECTION ( 'NONE',  ( -0.000000000000000000, 0.000000000000000000, -1.000000000000000000 ) ) ;
#1656 = FACE_OUTER_BOUND ( 'NONE', #1661, .T. ) ;
#1657 = ORIENTED_EDGE ( 'NONE', *, *, #3064, .F. ) ;
#1658 = ORIENTED_EDGE ( 'NONE', *, *, #598, .T. ) ;
#1659 = CARTESIAN_POINT ( 'NONE',  ( 56.74999999999997158, 39.50000000000004263, 30.00000000000000000 ) ) ;
#1660 = CARTESIAN_POINT ( 'NONE',  ( 56.74999999999998579, 59.00000000000000000, 24.00000000000000000 ) ) ;
#1661 = EDGE_LOOP ( 'NONE', ( #3081, #807 ) ) ;
#1662 = EDGE_CURVE ( 'NONE', #3239, #2959, #375, .T. ) ;
#1663 = ADVANCED_FACE ( 'NONE', ( #3279 ), #2989, .F. ) ;
#1664 = DIRECTION ( 'NONE',  ( 1.176083712526648949E-16, -1.000000000000000000, 0.000000000000000000 ) ) ;
#1665 = DIRECTION ( 'NONE',  ( 0.000000000000000000, 0.000000000000000000, 1.000000000000000000 ) ) ;
#1666 = EDGE_CURVE ( 'NONE', #462, #1948, #2359, .T. ) ;
#1667 = VECTOR ( 'NONE', #2602, 1000.000000000000000 ) ;
#1668 = CARTESIAN_POINT ( 'NONE',  ( -15.49999999999998934, 56.00000000000000711, 5.999999999999998224 ) ) ;
#1669 = ORIENTED_EDGE ( 'NONE', *, *, #2014, .T. ) ;
#1670 = CIRCLE ( 'NONE', #3201, 11.00000000000000355 ) ;
#1671 = EDGE_CURVE ( 'NONE', #16, #957, #1784, .T. ) ;
#1672 = VECTOR ( 'NONE', #1892, 1000.000000000000000 ) ;
#1673 = CARTESIAN_POINT ( 'NONE',  ( 15.50000000000000711, -59.00000000000001421, 5.999999999999998224 ) ) ;
#1674 = CARTESIAN_POINT ( 'NONE',  ( -47.99999999999999289, -48.00000000000000000, 6.000000000000000000 ) ) ;
#1675 = DIRECTION ( 'NONE',  ( -0.7071067811865711095, 8.659560562355222518E-17, 0.7071067811865240360 ) ) ;
#1676 = ORIENTED_EDGE ( 'NONE', *, *, #2752, .T. ) ;
#1677 = ORIENTED_EDGE ( 'NONE', *, *, #502, .F. ) ;
#1678 = CARTESIAN_POINT ( 'NONE',  ( -50.55000000000001137, 48.00000000000000000, 6.000000000000000000 ) ) ;
#1679 = CARTESIAN_POINT ( 'NONE',  ( 56.74999999999997158, 39.50000000000004263, 6.000000000000000000 ) ) ;
#1680 = ORIENTED_EDGE ( 'NONE', *, *, #3703, .T. ) ;
#1681 = VECTOR ( 'NONE', #2041, 1000.000000000000000 ) ;
#1682 = ORIENTED_EDGE ( 'NONE', *, *, #224, .F. ) ;
#1683 = CARTESIAN_POINT ( 'NONE',  ( -58.99999999999999289, 59.00000000000000000, 24.00000000000000000 ) ) ;
#1684 =( LENGTH_UNIT ( ) NAMED_UNIT ( * ) SI_UNIT ( .MILLI., .METRE. ) );
#1685 = AXIS2_PLACEMENT_3D ( 'NONE', #1014, #3345, #380 ) ;
#1686 = CARTESIAN_POINT ( 'NONE',  ( 39.50000000000000711, -56.74999999999997158, 5.999999999999998224 ) ) ;
#1687 = ADVANCED_FACE ( 'NONE', ( #3008 ), #2725, .F. ) ;
#1688 = EDGE_CURVE ( 'NONE', #2757, #3182, #3032, .T. ) ;
#1689 = FACE_OUTER_BOUND ( 'NONE', #2572, .T. ) ;
#1690 = EDGE_LOOP ( 'NONE', ( #1676, #532 ) ) ;
#1691 = ORIENTED_EDGE ( 'NONE', *, *, #3625, .T. ) ;
#1692 = DIRECTION ( 'NONE',  ( 0.000000000000000000, 0.000000000000000000, 1.000000000000000000 ) ) ;
#1693 = AXIS2_PLACEMENT_3D ( 'NONE', #2548, #3156, #1767 ) ;
#1694 = ADVANCED_FACE ( 'NONE', ( #116 ), #3316, .F. ) ;
#1695 = CYLINDRICAL_SURFACE ( 'NONE', #1521, 3.000000000000002665 ) ;
#1696 = PLANE ( 'NONE',  #2422 ) ;
#1697 = AXIS2_PLACEMENT_3D ( 'NONE', #2684, #1535, #2443 ) ;
#1698 = ORIENTED_EDGE ( 'NONE', *, *, #2348, .F. ) ;
#1699 = CARTESIAN_POINT ( 'NONE',  ( -53.80384757729335377, 55.99999999999999289, 30.00000000000000000 ) ) ;
#1700 = LINE ( 'NONE', #1235, #578 ) ;
#1701 =( BOUNDED_CURVE ( )  B_SPLINE_CURVE ( 3, ( #1011, #3340, #2766, #2503 ),
 .UNSPECIFIED., .F., .F. ) 
 B_SPLINE_CURVE_WITH_KNOTS ( ( 4, 4 ),
 ( 1.570796326794896558, 3.141592653589793116 ),
 .UNSPECIFIED. ) 
 CURVE ( )  GEOMETRIC_REPRESENTATION_ITEM ( )  RATIONAL_B_SPLINE_CURVE ( ( 1.000000000000000000, 0.8047378541243649375, 0.8047378541243649375, 1.000000000000000000 ) ) 
 REPRESENTATION_ITEM ( '' )  );
#1702 = EDGE_LOOP ( 'NONE', ( #2460, #2003, #2327, #1494 ) ) ;
#1703 = ADVANCED_FACE ( 'NONE', ( #1802, #705 ), #2516, .F. ) ;
#1704 = EDGE_LOOP ( 'NONE', ( #90, #182, #840, #2328 ) ) ;
#1705 = CYLINDRICAL_SURFACE ( 'NONE', #2218, 5.999999999999998224 ) ;
#1706 =( NAMED_UNIT ( * ) SI_UNIT ( $, .STERADIAN. ) SOLID_ANGLE_UNIT ( ) );
#1707 = CARTESIAN_POINT ( 'NONE',  ( 64.99999999999997158, 59.00000000000000711, 30.00000000000000000 ) ) ;
#1708 = VERTEX_POINT ( 'NONE', #1316 ) ;
#1709 = DIRECTION ( 'NONE',  ( 1.000000000000000000, 0.000000000000000000, 0.000000000000000000 ) ) ;
#1710 = EDGE_LOOP ( 'NONE', ( #883, #3745, #620, #889 ) ) ;
#1711 = ORIENTED_EDGE ( 'NONE', *, *, #2385, .F. ) ;
#1712 = DIRECTION ( 'NONE',  ( -1.000000000000000000, 0.000000000000000000, 0.000000000000000000 ) ) ;
#1713 = LINE ( 'NONE', #2880, #66 ) ;
#1714 = CARTESIAN_POINT ( 'NONE',  ( -58.99999999999999289, 58.99999999999999289, -4.000000000000000000 ) ) ;
#1715 = EDGE_CURVE ( 'NONE', #1240, #933, #1937, .T. ) ;
#1716 = CARTESIAN_POINT ( 'NONE',  ( -56.74999999999998579, 59.00000000000000000, 24.00000000000000000 ) ) ;
#1717 = VERTEX_POINT ( 'NONE', #3337 ) ;
#1718 = EDGE_CURVE ( 'NONE', #3349, #880, #744, .T. ) ;
#1719 = EDGE_LOOP ( 'NONE', ( #3131, #2059, #1472, #2012 ) ) ;
#1720 = FACE_OUTER_BOUND ( 'NONE', #3740, .T. ) ;
#1721 = CARTESIAN_POINT ( 'NONE',  ( -58.99999999999997868, -50.51471862576143934, 30.00000000000000000 ) ) ;
#1722 =( BOUNDED_CURVE ( )  B_SPLINE_CURVE ( 3, ( #419, #2483, #2786, #178 ),
 .UNSPECIFIED., .F., .F. ) 
 B_SPLINE_CURVE_WITH_KNOTS ( ( 4, 4 ),
 ( 0.000000000000000000, 1.570796326794897668 ),
 .UNSPECIFIED. ) 
 CURVE ( )  GEOMETRIC_REPRESENTATION_ITEM ( )  RATIONAL_B_SPLINE_CURVE ( ( 1.000000000000000000, 0.8047378541243646044, 0.8047378541243646044, 1.000000000000000000 ) ) 
 REPRESENTATION_ITEM ( '' )  );
#1723 = LINE ( 'NONE', #262, #1631 ) ;
#1724 = AXIS2_PLACEMENT_3D ( 'NONE', #1674, #1887, #3056 ) ;
#1725 = AXIS2_PLACEMENT_3D ( 'NONE', #1622, #2210, #2174 ) ;
#1726 = VERTEX_POINT ( 'NONE', #152 ) ;
#1727 = CARTESIAN_POINT ( 'NONE',  ( -47.99999999999999289, 48.00000000000000000, 3.000000000000000000 ) ) ;
#1728 = ORIENTED_EDGE ( 'NONE', *, *, #974, .T. ) ;
#1729 = ORIENTED_EDGE ( 'NONE', *, *, #205, .F. ) ;
#1730 = CIRCLE ( 'NONE', #27, 2.550000000000010481 ) ;
#1731 = DIRECTION ( 'NONE',  ( 0.000000000000000000, 0.000000000000000000, 1.000000000000000000 ) ) ;
#1732 = PLANE ( 'NONE',  #2068 ) ;
#1733 = VECTOR ( 'NONE', #2072, 1000.000000000000000 ) ;
#1734 = CARTESIAN_POINT ( 'NONE',  ( -58.99999999999997868, 59.00000000000000711, 30.00000000000000000 ) ) ;
#1735 = EDGE_CURVE ( 'NONE', #1814, #3214, #54, .T. ) ;
#1736 = VECTOR ( 'NONE', #2445, 1000.000000000000000 ) ;
#1737 = EDGE_CURVE ( 'NONE', #1726, #1566, #1085, .T. ) ;
#1738 = DIRECTION ( 'NONE',  ( -1.000000000000000000, 0.000000000000000000, 0.000000000000000000 ) ) ;
#1739 = CARTESIAN_POINT ( 'NONE',  ( -39.49999999999999289, 56.00000000000000711, 5.999999999999998224 ) ) ;
#1740 = ORIENTED_EDGE ( 'NONE', *, *, #3301, .F. ) ;
#1741 = EDGE_LOOP ( 'NONE', ( #1250, #3568, #2026, #1138 ) ) ;
#1742 = AXIS2_PLACEMENT_3D ( 'NONE', #3047, #1025, #1292 ) ;
#1743 = DIRECTION ( 'NONE',  ( 1.000000000000000000, 0.000000000000000000, 0.000000000000000000 ) ) ;
#1744 = CYLINDRICAL_SURFACE ( 'NONE', #3509, 2.250000000000001776 ) ;
#1745 = DIRECTION ( 'NONE',  ( -1.000000000000000000, 0.000000000000000000, 0.000000000000000000 ) ) ;
#1746 = STYLED_ITEM ( 'NONE', ( #3161 ), #2268 ) ;
#1747 = ORIENTED_EDGE ( 'NONE', *, *, #2077, .F. ) ;
#1748 = VECTOR ( 'NONE', #3186, 1000.000000000000000 ) ;
#1749 = LINE ( 'NONE', #3720, #1498 ) ;
#1750 = EDGE_LOOP ( 'NONE', ( #463, #2020, #2354, #817 ) ) ;
#1751 = AXIS2_PLACEMENT_3D ( 'NONE', #1154, #1403, #2570 ) ;
#1752 = EDGE_CURVE ( 'NONE', #2044, #861, #2558, .T. ) ;
#1753 = CARTESIAN_POINT ( 'NONE',  ( -39.49999999999999289, 56.75000000000002842, 30.00000000000000000 ) ) ;
#1754 = DIRECTION ( 'NONE',  ( 1.239088197126290817E-16, -1.000000000000000000, 0.000000000000000000 ) ) ;
#1755 = FACE_OUTER_BOUND ( 'NONE', #946, .T. ) ;
#1756 = VECTOR ( 'NONE', #3190, 1000.000000000000000 ) ;
#1757 = CARTESIAN_POINT ( 'NONE',  ( 55.99999999999999289, 56.00000000000000711, 30.00000000000000000 ) ) ;
#1758 = DIRECTION ( 'NONE',  ( 0.000000000000000000, 1.000000000000000000, 0.000000000000000000 ) ) ;
#1759 = ORIENTED_EDGE ( 'NONE', *, *, #3108, .T. ) ;
#1760 = ORIENTED_EDGE ( 'NONE', *, *, #3302, .F. ) ;
#1761 = VERTEX_POINT ( 'NONE', #3681 ) ;
#1762 = DIRECTION ( 'NONE',  ( 1.000000000000000000, 0.000000000000000000, 0.000000000000000000 ) ) ;
#1763 = CARTESIAN_POINT ( 'NONE',  ( 53.80384757729334666, 56.00000000000000711, 30.00000000000000000 ) ) ;
#1764 = ORIENTED_EDGE ( 'NONE', *, *, #351, .F. ) ;
#1765 = CARTESIAN_POINT ( 'NONE',  ( -58.99999999999999289, 58.99999999999999289, 3.749999999999982681 ) ) ;
#1766 = EDGE_LOOP ( 'NONE', ( #2037, #577 ) ) ;
#1767 = DIRECTION ( 'NONE',  ( -1.000000000000000000, 0.000000000000000000, 0.000000000000000000 ) ) ;
#1768 = DIRECTION ( 'NONE',  ( 0.000000000000000000, 0.000000000000000000, 1.000000000000000000 ) ) ;
#1769 = VECTOR ( 'NONE', #155, 1000.000000000000000 ) ;
#1770 = CARTESIAN_POINT ( 'NONE',  ( 0.000000000000000000, 40.00000000000000000, 6.000000000000000000 ) ) ;
#1771 = ORIENTED_EDGE ( 'NONE', *, *, #3438, .F. ) ;
#1772 = EDGE_LOOP ( 'NONE', ( #3291, #2124, #2845, #235 ) ) ;
#1773 = ORIENTED_EDGE ( 'NONE', *, *, #1220, .F. ) ;
#1774 = DIRECTION ( 'NONE',  ( -0.000000000000000000, -0.000000000000000000, -1.000000000000000000 ) ) ;
#1775 = DIRECTION ( 'NONE',  ( -1.000000000000000000, 0.000000000000000000, 0.000000000000000000 ) ) ;
#1776 = EDGE_CURVE ( 'NONE', #1231, #3078, #801, .T. ) ;
#1777 = EDGE_CURVE ( 'NONE', #498, #3618, #761, .T. ) ;
#1778 = VERTEX_POINT ( 'NONE', #138 ) ;
#1779 = CARTESIAN_POINT ( 'NONE',  ( -55.99999999999999289, 40.00000000000000000, 3.000000000000000000 ) ) ;
#1780 = ORIENTED_EDGE ( 'NONE', *, *, #1861, .T. ) ;
#1781 = EDGE_CURVE ( 'NONE', #1488, #1596, #3124, .T. ) ;
#1782 = ORIENTED_EDGE ( 'NONE', *, *, #2147, .T. ) ;
#1783 = AXIS2_PLACEMENT_3D ( 'NONE', #72, #2724, #2380 ) ;
#1784 = LINE ( 'NONE', #2667, #3167 ) ;
#1785 = DIRECTION ( 'NONE',  ( 0.000000000000000000, 0.000000000000000000, 1.000000000000000000 ) ) ;
#1786 = CARTESIAN_POINT ( 'NONE',  ( -39.49999999999999289, 56.75000000000002132, 5.999999999999998224 ) ) ;
#1787 = VECTOR ( 'NONE', #1098, 1000.000000000000000 ) ;
#1788 = AXIS2_PLACEMENT_3D ( 'NONE', #3071, #118, #456 ) ;
#1789 = CARTESIAN_POINT ( 'NONE',  ( 55.99999999999999289, 56.00000000000000711, 30.00000000000000000 ) ) ;
#1790 = ORIENTED_EDGE ( 'NONE', *, *, #1430, .F. ) ;
#1791 = VERTEX_POINT ( 'NONE', #175 ) ;
#1792 = CIRCLE ( 'NONE', #826, 2.250000000000001776 ) ;
#1793 = ORIENTED_EDGE ( 'NONE', *, *, #1662, .T. ) ;
#1794 = DIRECTION ( 'NONE',  ( 1.000000000000000000, 0.000000000000000000, 0.000000000000000000 ) ) ;
#1795 = DIRECTION ( 'NONE',  ( -1.000000000000000000, 0.000000000000000000, 0.000000000000000000 ) ) ;
#1796 = ORIENTED_EDGE ( 'NONE', *, *, #1497, .F. ) ;
#1797 = FACE_OUTER_BOUND ( 'NONE', #2214, .T. ) ;
#1798 = VERTEX_POINT ( 'NONE', #3373 ) ;
#1799 = EDGE_CURVE ( 'NONE', #2277, #1581, #3410, .T. ) ;
#1800 = EDGE_LOOP ( 'NONE', ( #258, #215, #2903, #3168 ) ) ;
#1801 = VECTOR ( 'NONE', #1915, 1000.000000000000000 ) ;
#1802 = FACE_BOUND ( 'NONE', #1690, .T. ) ;
#1803 = CARTESIAN_POINT ( 'NONE',  ( -55.99999999999999289, 40.00000000000000000, 6.000000000000000000 ) ) ;
#1804 = CIRCLE ( 'NONE', #1568, 5.999999999999998224 ) ;
#1805 = EDGE_CURVE ( 'NONE', #3328, #1323, #2245, .T. ) ;
#1806 = LINE ( 'NONE', #76, #1237 ) ;
#1807 = LINE ( 'NONE', #2035, #1756 ) ;
#1808 = ORIENTED_EDGE ( 'NONE', *, *, #1191, .F. ) ;
#1809 = ORIENTED_EDGE ( 'NONE', *, *, #1433, .F. ) ;
#1810 = ORIENTED_EDGE ( 'NONE', *, *, #871, .T. ) ;
#1811 = CARTESIAN_POINT ( 'NONE',  ( 0.000000000000000000, 0.000000000000000000, 0.000000000000000000 ) ) ;
#1812 = AXIS2_PLACEMENT_3D ( 'NONE', #2386, #1203, #2365 ) ;
#1813 = DIRECTION ( 'NONE',  ( 1.000000000000000000, 0.000000000000000000, 0.000000000000000000 ) ) ;
#1814 = VERTEX_POINT ( 'NONE', #1900 ) ;
#1815 = DIRECTION ( 'NONE',  ( 1.000000000000000000, -0.000000000000000000, 0.000000000000000000 ) ) ;
#1816 = CARTESIAN_POINT ( 'NONE',  ( 47.99999999999999289, -48.00000000000000000, 6.000000000000000000 ) ) ;
#1817 = ORIENTED_EDGE ( 'NONE', *, *, #2752, .F. ) ;
#1818 = DIRECTION ( 'NONE',  ( 1.239088197126290570E-16, -1.000000000000000000, 0.000000000000000000 ) ) ;
#1819 = ORIENTED_EDGE ( 'NONE', *, *, #2744, .F. ) ;
#1820 = LINE ( 'NONE', #1580, #667 ) ;
#1821 = DIRECTION ( 'NONE',  ( 1.000000000000000000, 0.000000000000000000, 0.000000000000000000 ) ) ;
#1822 = DIRECTION ( 'NONE',  ( -1.000000000000000000, -1.619075244245022269E-14, 0.000000000000000000 ) ) ;
#1823 = EDGE_CURVE ( 'NONE', #14, #2335, #3109, .T. ) ;
#1824 = DIRECTION ( 'NONE',  ( 1.000000000000000000, 0.000000000000000000, 0.000000000000000000 ) ) ;
#1825 = CARTESIAN_POINT ( 'NONE',  ( -53.34314575050760254, -61.00000000000000711, 30.00000000000000000 ) ) ;
#1826 = ORIENTED_EDGE ( 'NONE', *, *, #1951, .F. ) ;
#1827 = EDGE_CURVE ( 'NONE', #2911, #1717, #2737, .T. ) ;
#1828 = ORIENTED_EDGE ( 'NONE', *, *, #3021, .T. ) ;
#1829 = ORIENTED_EDGE ( 'NONE', *, *, #130, .F. ) ;
#1830 = LINE ( 'NONE', #2736, #2353 ) ;
#1831 = LINE ( 'NONE', #1493, #1330 ) ;
#1832 = ADVANCED_FACE ( 'NONE', ( #473 ), #2500, .F. ) ;
#1833 = ORIENTED_EDGE ( 'NONE', *, *, #1452, .T. ) ;
#1834 = CARTESIAN_POINT ( 'NONE',  ( -15.49999999999998934, 56.00000000000000711, 30.00000000000000000 ) ) ;
#1835 = PLANE ( 'NONE',  #2782 ) ;
#1836 = DIRECTION ( 'NONE',  ( -1.000000000000000000, 0.000000000000000000, 0.000000000000000000 ) ) ;
#1837 = DIRECTION ( 'NONE',  ( 0.000000000000000000, 1.000000000000000000, 0.000000000000000000 ) ) ;
#1838 = VERTEX_POINT ( 'NONE', #1637 ) ;
#1839 = CARTESIAN_POINT ( 'NONE',  ( -53.34314575050760254, -61.00000000000000711, -20.97056274847713908 ) ) ;
#1840 = CARTESIAN_POINT ( 'NONE',  ( 39.50000000000000711, -56.74999999999997158, 30.00000000000000000 ) ) ;
#1841 = CARTESIAN_POINT ( 'NONE',  ( 58.99999999999997868, 59.00000000000000711, 30.00000000000000000 ) ) ;
#1842 =( BOUNDED_CURVE ( )  B_SPLINE_CURVE ( 3, ( #1779, #50, #1212, #488 ),
 .UNSPECIFIED., .F., .F. ) 
 B_SPLINE_CURVE_WITH_KNOTS ( ( 4, 4 ),
 ( 0.000000000000000000, 1.570796326794897668 ),
 .UNSPECIFIED. ) 
 CURVE ( )  GEOMETRIC_REPRESENTATION_ITEM ( )  RATIONAL_B_SPLINE_CURVE ( ( 1.000000000000000000, 0.8047378541243646044, 0.8047378541243646044, 1.000000000000000000 ) ) 
 REPRESENTATION_ITEM ( '' )  );
#1843 = AXIS2_PLACEMENT_3D ( 'NONE', #2769, #1905, #3127 ) ;
#1844 = CIRCLE ( 'NONE', #2084, 8.000000000000000000 ) ;
#1845 = DIRECTION ( 'NONE',  ( 1.000000000000000000, 0.000000000000000000, 0.000000000000000000 ) ) ;
#1846 = EDGE_CURVE ( 'NONE', #1405, #3214, #2537, .T. ) ;
#1847 = PLANE ( 'NONE',  #2981 ) ;
#1848 = ORIENTED_EDGE ( 'NONE', *, *, #400, .T. ) ;
#1849 = EDGE_CURVE ( 'NONE', #3581, #2646, #421, .T. ) ;
#1850 = VERTEX_POINT ( 'NONE', #2169 ) ;
#1851 = TOROIDAL_SURFACE ( 'NONE', #2830, 11.00000000000000000, 3.000000000000000000 ) ;
#1852 = VERTEX_POINT ( 'NONE', #725 ) ;
#1853 = CIRCLE ( 'NONE', #214, 5.999999999999998224 ) ;
#1854 = DIRECTION ( 'NONE',  ( -1.000000000000000000, 0.000000000000000000, 0.000000000000000000 ) ) ;
#1855 = AXIS2_PLACEMENT_3D ( 'NONE', #2162, #3250, #1592 ) ;
#1856 = ORIENTED_EDGE ( 'NONE', *, *, #3733, .F. ) ;
#1857 = DIRECTION ( 'NONE',  ( 1.000000000000000000, 0.000000000000000000, 0.000000000000000000 ) ) ;
#1858 = PLANE ( 'NONE',  #1076 ) ;
#1859 = ORIENTED_EDGE ( 'NONE', *, *, #3423, .T. ) ;
#1860 = CARTESIAN_POINT ( 'NONE',  ( -39.99999999999999289, 55.99999999999998579, 1.242640687119285436 ) ) ;
#1861 = EDGE_CURVE ( 'NONE', #3305, #16, #3330, .T. ) ;
#1862 = AXIS2_PLACEMENT_3D ( 'NONE', #2947, #3256, #1230 ) ;
#1863 = DIRECTION ( 'NONE',  ( 1.000000000000000000, 0.000000000000000000, 0.000000000000000000 ) ) ;
#1864 = VERTEX_POINT ( 'NONE', #3199 ) ;
#1865 = FACE_OUTER_BOUND ( 'NONE', #752, .T. ) ;
#1866 = CARTESIAN_POINT ( 'NONE',  ( -58.99999999999997868, 59.00000000000000711, -20.97056274847713908 ) ) ;
#1867 = ADVANCED_FACE ( 'NONE', ( #1441 ), #264, .F. ) ;
#1868 = CARTESIAN_POINT ( 'NONE',  ( -56.74999999999998579, 59.00000000000000000, 24.00000000000000000 ) ) ;
#1869 = CIRCLE ( 'NONE', #3030, 3.000000000000002665 ) ;
#1870 = EDGE_CURVE ( 'NONE', #3532, #2517, #3502, .T. ) ;
#1871 = DIRECTION ( 'NONE',  ( -1.000000000000000000, 0.000000000000000000, 0.000000000000000000 ) ) ;
#1872 = ORIENTED_EDGE ( 'NONE', *, *, #562, .T. ) ;
#1873 = ORIENTED_EDGE ( 'NONE', *, *, #1473, .T. ) ;
#1874 = EDGE_LOOP ( 'NONE', ( #1829, #2180, #61, #2755 ) ) ;
#1875 = DIRECTION ( 'NONE',  ( -0.7071067811865497932, 0.7071067811865453523, 0.000000000000000000 ) ) ;
#1876 = VECTOR ( 'NONE', #325, 1000.000000000000000 ) ;
#1877 = DIRECTION ( 'NONE',  ( 1.000000000000000000, 0.000000000000000000, 0.000000000000000000 ) ) ;
#1878 = DIRECTION ( 'NONE',  ( -1.000000000000000000, -1.176083712526648949E-16, 0.000000000000000000 ) ) ;
#1879 = CARTESIAN_POINT ( 'NONE',  ( -56.74999999999998579, 59.00000000000000000, 29.69999999999997087 ) ) ;
#1880 = DIRECTION ( 'NONE',  ( -1.176083712526648949E-16, 1.000000000000000000, 0.000000000000000000 ) ) ;
#1881 = VECTOR ( 'NONE', #2953, 1000.000000000000000 ) ;
#1882 = CARTESIAN_POINT ( 'NONE',  ( -58.99999999999999289, 59.00000000000000000, 29.69999999999997087 ) ) ;
#1883 = VERTEX_POINT ( 'NONE', #584 ) ;
#1884 = CARTESIAN_POINT ( 'NONE',  ( -36.99999999999999289, 52.99999999999999289, 0.000000000000000000 ) ) ;
#1885 = DIRECTION ( 'NONE',  ( 0.000000000000000000, 0.000000000000000000, 1.000000000000000000 ) ) ;
#1886 = DIRECTION ( 'NONE',  ( 1.000000000000000000, -0.000000000000000000, -0.000000000000000000 ) ) ;
#1887 = DIRECTION ( 'NONE',  ( 0.000000000000000000, -0.000000000000000000, 1.000000000000000000 ) ) ;
#1888 = CARTESIAN_POINT ( 'NONE',  ( -48.00000000000000000, 48.00000000000000000, 0.000000000000000000 ) ) ;
#1889 = VERTEX_POINT ( 'NONE', #2318 ) ;
#1890 = ORIENTED_EDGE ( 'NONE', *, *, #3229, .T. ) ;
#1891 = ORIENTED_EDGE ( 'NONE', *, *, #3418, .F. ) ;
#1892 = DIRECTION ( 'NONE',  ( 0.000000000000000000, 1.000000000000000000, 0.000000000000000000 ) ) ;
#1893 = CIRCLE ( 'NONE', #255, 2.250000000000001776 ) ;
#1894 = EDGE_CURVE ( 'NONE', #3430, #70, #3778, .T. ) ;
#1895 = DIRECTION ( 'NONE',  ( -0.000000000000000000, -0.000000000000000000, -1.000000000000000000 ) ) ;
#1896 = DIRECTION ( 'NONE',  ( 0.000000000000000000, 0.000000000000000000, 1.000000000000000000 ) ) ;
#1897 = LINE ( 'NONE', #173, #1439 ) ;
#1898 = ADVANCED_FACE ( 'NONE', ( #2913 ), #867, .F. ) ;
#1899 = ADVANCED_FACE ( 'NONE', ( #2302 ), #15, .T. ) ;
#1900 = CARTESIAN_POINT ( 'NONE',  ( 50.55000000000002558, 48.00000000000000000, 6.000000000000000000 ) ) ;
#1901 = ORIENTED_EDGE ( 'NONE', *, *, #1648, .T. ) ;
#1902 = DIRECTION ( 'NONE',  ( -1.000000000000000000, -1.176083712526648949E-16, 0.000000000000000000 ) ) ;
#1903 = DIRECTION ( 'NONE',  ( 1.000000000000000000, 1.239088197126290817E-16, 0.000000000000000000 ) ) ;
#1904 = CARTESIAN_POINT ( 'NONE',  ( 53.80384757729334666, 56.00000000000000711, -20.97056274847713908 ) ) ;
#1905 = DIRECTION ( 'NONE',  ( 0.000000000000000000, 0.000000000000000000, 1.000000000000000000 ) ) ;
#1906 = DIRECTION ( 'NONE',  ( -1.239088197126290817E-16, 1.000000000000000000, -0.000000000000000000 ) ) ;
#1907 = EDGE_LOOP ( 'NONE', ( #2850, #978, #1228, #465 ) ) ;
#1908 = VERTEX_POINT ( 'NONE', #2591 ) ;
#1909 = EDGE_CURVE ( 'NONE', #2746, #1574, #467, .T. ) ;
#1910 = VERTEX_POINT ( 'NONE', #2027 ) ;
#1911 = DIRECTION ( 'NONE',  ( -1.000000000000000000, 0.000000000000000000, 0.000000000000000000 ) ) ;
#1912 = VECTOR ( 'NONE', #1857, 1000.000000000000000 ) ;
#1913 = CYLINDRICAL_SURFACE ( 'NONE', #1543, 5.999999999999998224 ) ;
#1914 = CYLINDRICAL_SURFACE ( 'NONE', #1742, 5.999999999999998224 ) ;
#1915 = DIRECTION ( 'NONE',  ( 1.000000000000000000, -0.000000000000000000, -0.000000000000000000 ) ) ;
#1916 = AXIS2_PLACEMENT_3D ( 'NONE', #2290, #2615, #2111 ) ;
#1917 = DIRECTION ( 'NONE',  ( -0.000000000000000000, 0.000000000000000000, 1.000000000000000000 ) ) ;
#1918 = ORIENTED_EDGE ( 'NONE', *, *, #224, .T. ) ;
#1919 = CYLINDRICAL_SURFACE ( 'NONE', #1788, 3.000000000000002665 ) ;
#1920 = DIRECTION ( 'NONE',  ( -0.000000000000000000, 1.000000000000000000, -0.000000000000000000 ) ) ;
#1921 = LINE ( 'NONE', #2790, #1952 ) ;
#1922 = DIRECTION ( 'NONE',  ( -1.000000000000000000, 0.000000000000000000, 0.000000000000000000 ) ) ;
#1923 = CIRCLE ( 'NONE', #2413, 5.999999999999998224 ) ;
#1924 = ORIENTED_EDGE ( 'NONE', *, *, #1283, .F. ) ;
#1925 = EDGE_CURVE ( 'NONE', #1944, #808, #1749, .T. ) ;
#1926 = EDGE_LOOP ( 'NONE', ( #818, #3756, #388, #3286 ) ) ;
#1927 = AXIS2_PLACEMENT_3D ( 'NONE', #3172, #2032, #2987 ) ;
#1928 = DIRECTION ( 'NONE',  ( -0.000000000000000000, -0.000000000000000000, 1.000000000000000000 ) ) ;
#1929 = DIRECTION ( 'NONE',  ( -0.000000000000000000, -0.000000000000000000, 1.000000000000000000 ) ) ;
#1930 = LINE ( 'NONE', #2278, #1787 ) ;
#1931 = PRODUCT ( 'part-urban-dist-v2-case', 'part-urban-dist-v2-case', '', ( #2952 ) ) ;
#1932 = DIRECTION ( 'NONE',  ( 0.000000000000000000, 0.000000000000000000, 1.000000000000000000 ) ) ;
#1933 = DIRECTION ( 'NONE',  ( 0.000000000000000000, 0.000000000000000000, 1.000000000000000000 ) ) ;
#1934 = AXIS2_PLACEMENT_3D ( 'NONE', #2054, #3492, #3265 ) ;
#1935 = CARTESIAN_POINT ( 'NONE',  ( 56.74999999999997158, 39.50000000000004263, 30.00000000000000000 ) ) ;
#1936 = ORIENTED_EDGE ( 'NONE', *, *, #3722, .T. ) ;
#1937 = CIRCLE ( 'NONE', #120, 3.000000000000002665 ) ;
#1938 = CYLINDRICAL_SURFACE ( 'NONE', #1120, 5.999999999999998224 ) ;
#1939 = CARTESIAN_POINT ( 'NONE',  ( 48.00000000000000000, -48.00000000000000000, 6.000000000000000000 ) ) ;
#1940 = CARTESIAN_POINT ( 'NONE',  ( 58.99999999999997868, -59.00000000000000711, 30.00000000000000000 ) ) ;
#1941 = ADVANCED_FACE ( 'NONE', ( #2626 ), #1101, .T. ) ;
#1942 = ORIENTED_EDGE ( 'NONE', *, *, #3023, .T. ) ;
#1943 = ADVANCED_FACE ( 'NONE', ( #853 ), #247, .F. ) ;
#1944 = VERTEX_POINT ( 'NONE', #3429 ) ;
#1945 = CARTESIAN_POINT ( 'NONE',  ( -15.49999999999998934, 56.00000000000000711, 5.999999999999998224 ) ) ;
#1946 = DIRECTION ( 'NONE',  ( 0.000000000000000000, 0.000000000000000000, 1.000000000000000000 ) ) ;
#1947 = ADVANCED_FACE ( 'NONE', ( #1689 ), #888, .F. ) ;
#1948 = VERTEX_POINT ( 'NONE', #3165 ) ;
#1949 = DIRECTION ( 'NONE',  ( -1.000000000000000000, 0.000000000000000000, 0.000000000000000000 ) ) ;
#1950 = DIRECTION ( 'NONE',  ( -1.000000000000000000, -1.176083712526648949E-16, 0.000000000000000000 ) ) ;
#1951 = EDGE_CURVE ( 'NONE', #2292, #2277, #228, .T. ) ;
#1952 = VECTOR ( 'NONE', #1623, 1000.000000000000000 ) ;
#1953 = LINE ( 'NONE', #545, #1084 ) ;
#1954 = CARTESIAN_POINT ( 'NONE',  ( 0.000000000000000000, 0.000000000000000000, 30.00000000000000000 ) ) ;
#1955 = ORIENTED_EDGE ( 'NONE', *, *, #940, .T. ) ;
#1956 = CARTESIAN_POINT ( 'NONE',  ( 0.000000000000000000, 0.000000000000000000, 6.000000000000000000 ) ) ;
#1957 = CARTESIAN_POINT ( 'NONE',  ( 56.00000000000000711, 15.50000000000004086, 5.999999999999998224 ) ) ;
#1958 = CARTESIAN_POINT ( 'NONE',  ( -48.00000000000000000, 48.00000000000000000, 5.699999999999984190 ) ) ;
#1959 = ORIENTED_EDGE ( 'NONE', *, *, #831, .F. ) ;
#1960 = VERTEX_POINT ( 'NONE', #839 ) ;
#1961 = ADVANCED_FACE ( 'NONE', ( #1404 ), #1385, .F. ) ;
#1962 = FACE_OUTER_BOUND ( 'NONE', #2074, .T. ) ;
#1963 = CARTESIAN_POINT ( 'NONE',  ( -55.99999999999997868, -39.49999999999997868, 5.999999999999998224 ) ) ;
#1964 = ADVANCED_FACE ( 'NONE', ( #2857 ), #2168, .F. ) ;
#1965 = ORIENTED_EDGE ( 'NONE', *, *, #1593, .T. ) ;
#1966 = CIRCLE ( 'NONE', #324, 8.000000000000000000 ) ;
#1967 = ORIENTED_EDGE ( 'NONE', *, *, #3264, .F. ) ;
#1968 = CARTESIAN_POINT ( 'NONE',  ( -58.99999999999997868, 59.00000000000000711, 30.00000000000000000 ) ) ;
#1969 = CARTESIAN_POINT ( 'NONE',  ( 15.50000000000000711, -56.00000000000000711, 30.00000000000000000 ) ) ;
#1970 = CARTESIAN_POINT ( 'NONE',  ( 47.99999999999999289, 37.00000000000000000, 0.000000000000000000 ) ) ;
#1971 = EDGE_CURVE ( 'NONE', #498, #2849, #1121, .T. ) ;
#1972 = AXIS2_PLACEMENT_3D ( 'NONE', #2297, #2658, #26 ) ;
#1973 = DIRECTION ( 'NONE',  ( -0.5773502691896245098, -0.5773502691896280625, -0.5773502691896245098 ) ) ;
#1974 = ORIENTED_EDGE ( 'NONE', *, *, #1131, .T. ) ;
#1975 = VECTOR ( 'NONE', #877, 1000.000000000000000 ) ;
#1976 = VECTOR ( 'NONE', #1243, 1000.000000000000114 ) ;
#1977 = CARTESIAN_POINT ( 'NONE',  ( 47.99999999999999289, -48.00000000000000000, 3.000000000000000000 ) ) ;
#1978 = CARTESIAN_POINT ( 'NONE',  ( -58.99999999999997868, 50.51471862576143934, 30.00000000000000000 ) ) ;
#1979 = CARTESIAN_POINT ( 'NONE',  ( 56.00000000000000711, -53.80384757729336087, 30.00000000000000000 ) ) ;
#1980 = EDGE_CURVE ( 'NONE', #131, #3591, #168, .T. ) ;
#1981 = VERTEX_POINT ( 'NONE', #371 ) ;
#1982 = CARTESIAN_POINT ( 'NONE',  ( -56.75000000000001421, -39.49999999999999289, 30.00000000000000000 ) ) ;
#1983 = EDGE_CURVE ( 'NONE', #2664, #2396, #3537, .T. ) ;
#1984 = DIRECTION ( 'NONE',  ( -0.000000000000000000, 0.000000000000000000, 1.000000000000000000 ) ) ;
#1985 = AXIS2_PLACEMENT_3D ( 'NONE', #2395, #2642, #2984 ) ;
#1986 = ORIENTED_EDGE ( 'NONE', *, *, #151, .F. ) ;
#1987 = ADVANCED_BREP_SHAPE_REPRESENTATION ( 'part-urban-dist-v2-case', ( #2268, #1783 ), #1307 ) ;
#1988 = AXIS2_PLACEMENT_3D ( 'NONE', #2390, #3329, #962 ) ;
#1989 = EDGE_LOOP ( 'NONE', ( #2661, #832, #771, #2932 ) ) ;
#1990 = DIRECTION ( 'NONE',  ( 0.000000000000000000, 0.000000000000000000, 1.000000000000000000 ) ) ;
#1991 = DIRECTION ( 'NONE',  ( -0.000000000000000000, -0.000000000000000000, 1.000000000000000000 ) ) ;
#1992 = AXIS2_PLACEMENT_3D ( 'NONE', #204, #3370, #2222 ) ;
#1993 = CARTESIAN_POINT ( 'NONE',  ( 58.99999999999999289, 59.00000000000000000, 29.70000000000000995 ) ) ;
#1994 = DIRECTION ( 'NONE',  ( -1.176083712526648949E-16, 1.000000000000000000, 0.000000000000000000 ) ) ;
#1995 = ORIENTED_EDGE ( 'NONE', *, *, #1909, .F. ) ;
#1996 = DIRECTION ( 'NONE',  ( 0.000000000000000000, 0.000000000000000000, 1.000000000000000000 ) ) ;
#1997 = VECTOR ( 'NONE', #41, 1000.000000000000114 ) ;
#1998 = DIRECTION ( 'NONE',  ( 0.000000000000000000, 0.000000000000000000, 1.000000000000000000 ) ) ;
#1999 = CARTESIAN_POINT ( 'NONE',  ( -50.51471862576141802, -62.00000000000000711, 30.00000000000000000 ) ) ;
#2000 = ADVANCED_FACE ( 'NONE', ( #318 ), #2680, .T. ) ;
#2001 = ORIENTED_EDGE ( 'NONE', *, *, #1279, .F. ) ;
#2002 = CARTESIAN_POINT ( 'NONE',  ( 48.00000000000000000, 48.00000000000000000, 6.000000000000000000 ) ) ;
#2003 = ORIENTED_EDGE ( 'NONE', *, *, #1452, .F. ) ;
#2004 = ORIENTED_EDGE ( 'NONE', *, *, #2258, .T. ) ;
#2005 = DIRECTION ( 'NONE',  ( 1.000000000000000000, 0.000000000000000000, 0.000000000000000000 ) ) ;
#2006 = CARTESIAN_POINT ( 'NONE',  ( 56.74999999999997158, 39.50000000000004263, 5.999999999999998224 ) ) ;
#2007 = CARTESIAN_POINT ( 'NONE',  ( -55.99999999999999289, -53.80384757729336798, -20.97056274847713908 ) ) ;
#2008 = EDGE_CURVE ( 'NONE', #3016, #1094, #2226, .T. ) ;
#2009 = ORIENTED_EDGE ( 'NONE', *, *, #2972, .T. ) ;
#2010 = VECTOR ( 'NONE', #2153, 1000.000000000000000 ) ;
#2011 = CARTESIAN_POINT ( 'NONE',  ( -58.99999999999999289, -59.00000000000000000, 24.00000000000000000 ) ) ;
#2012 = ORIENTED_EDGE ( 'NONE', *, *, #1620, .F. ) ;
#2013 = ADVANCED_FACE ( 'NONE', ( #1797 ), #334, .F. ) ;
#2014 = EDGE_CURVE ( 'NONE', #294, #24, #890, .T. ) ;
#2015 = LINE ( 'NONE', #1673, #2824 ) ;
#2016 = DIRECTION ( 'NONE',  ( 0.000000000000000000, -0.000000000000000000, 1.000000000000000000 ) ) ;
#2017 = DIRECTION ( 'NONE',  ( -1.000000000000000000, 0.000000000000000000, 0.000000000000000000 ) ) ;
#2018 = DIRECTION ( 'NONE',  ( -1.000000000000000000, 0.000000000000000000, 0.000000000000000000 ) ) ;
#2019 = DIRECTION ( 'NONE',  ( 0.000000000000000000, 0.000000000000000000, 1.000000000000000000 ) ) ;
#2020 = ORIENTED_EDGE ( 'NONE', *, *, #64, .F. ) ;
#2021 = ORIENTED_EDGE ( 'NONE', *, *, #3416, .F. ) ;
#2022 = CARTESIAN_POINT ( 'NONE',  ( 55.99999999999999289, 53.80384757729336798, -20.97056274847713908 ) ) ;
#2023 = CARTESIAN_POINT ( 'NONE',  ( 48.00000000000000000, 48.00000000000000000, 6.000000000000000000 ) ) ;
#2024 = DIRECTION ( 'NONE',  ( 0.000000000000000000, 0.000000000000000000, 1.000000000000000000 ) ) ;
#2025 = EDGE_CURVE ( 'NONE', #383, #1488, #2492, .T. ) ;
#2026 = ORIENTED_EDGE ( 'NONE', *, *, #904, .T. ) ;
#2027 = CARTESIAN_POINT ( 'NONE',  ( -55.99999999999999289, -40.00000000000000711, 5.999999999999998224 ) ) ;
#2028 = EDGE_LOOP ( 'NONE', ( #2398, #3654, #3212, #936, #1297, #3751, #3777, #1986, #3268, #3003, #1086, #2159 ) ) ;
#2029 = CONICAL_SURFACE ( 'NONE', #3688, 2.550000000000052225, 0.7853981633974815857 ) ;
#2030 = DIRECTION ( 'NONE',  ( 0.000000000000000000, -1.000000000000000000, 0.000000000000000000 ) ) ;
#2031 = LINE ( 'NONE', #857, #2257 ) ;
#2032 = DIRECTION ( 'NONE',  ( -0.000000000000000000, -0.000000000000000000, -1.000000000000000000 ) ) ;
#2033 = VECTOR ( 'NONE', #2528, 1000.000000000000000 ) ;
#2034 = DIRECTION ( 'NONE',  ( -0.000000000000000000, -0.000000000000000000, -1.000000000000000000 ) ) ;
#2035 = CARTESIAN_POINT ( 'NONE',  ( 53.80384757729335377, -55.99999999999999289, -20.97056274847713908 ) ) ;
#2036 = EDGE_LOOP ( 'NONE', ( #198, #654, #3519, #1168 ) ) ;
#2037 = ORIENTED_EDGE ( 'NONE', *, *, #1223, .T. ) ;
#2038 = VERTEX_POINT ( 'NONE', #69 ) ;
#2039 = AXIS2_PLACEMENT_3D ( 'NONE', #1882, #2762, #3481 ) ;
#2040 = LINE ( 'NONE', #3533, #457 ) ;
#2041 = DIRECTION ( 'NONE',  ( 0.000000000000000000, 0.000000000000000000, 1.000000000000000000 ) ) ;
#2042 = DIRECTION ( 'NONE',  ( -0.7071067811865383579, 8.659560562354821925E-17, 0.7071067811865567876 ) ) ;
#2043 = AXIS2_PLACEMENT_3D ( 'NONE', #1811, #2142, #678 ) ;
#2044 = VERTEX_POINT ( 'NONE', #31 ) ;
#2045 = AXIS2_PLACEMENT_3D ( 'NONE', #1734, #985, #3 ) ;
#2046 = DIRECTION ( 'NONE',  ( -0.5773502691896262862, 0.5773502691896280625, -0.5773502691896228445 ) ) ;
#2047 = ORIENTED_EDGE ( 'NONE', *, *, #1195, .T. ) ;
#2048 = CIRCLE ( 'NONE', #1751, 8.000000000000000000 ) ;
#2049 = LINE ( 'NONE', #2270, #2640 ) ;
#2050 = FACE_OUTER_BOUND ( 'NONE', #3501, .T. ) ;
#2051 = DIRECTION ( 'NONE',  ( 1.000000000000000000, 1.239088197126290570E-16, 0.000000000000000000 ) ) ;
#2052 = AXIS2_PLACEMENT_3D ( 'NONE', #860, #1449, #1221 ) ;
#2053 = EDGE_CURVE ( 'NONE', #1499, #1761, #2145, .T. ) ;
#2054 = CARTESIAN_POINT ( 'NONE',  ( 0.000000000000000000, -37.00000000000000000, 3.000000000000000000 ) ) ;
#2055 = VECTOR ( 'NONE', #3700, 1000.000000000000114 ) ;
#2056 = VERTEX_POINT ( 'NONE', #2375 ) ;
#2057 = EDGE_CURVE ( 'NONE', #3374, #1247, #945, .T. ) ;
#2058 = ORIENTED_EDGE ( 'NONE', *, *, #3367, .F. ) ;
#2059 = ORIENTED_EDGE ( 'NONE', *, *, #940, .F. ) ;
#2060 = EDGE_CURVE ( 'NONE', #2292, #2056, #3293, .T. ) ;
#2061 = CARTESIAN_POINT ( 'NONE',  ( -50.51471862576141092, 61.99999999999999289, 30.00000000000000000 ) ) ;
#2062 = CARTESIAN_POINT ( 'NONE',  ( -48.00000000000000000, 48.00000000000000000, 6.000000000000000000 ) ) ;
#2063 = ORIENTED_EDGE ( 'NONE', *, *, #2414, .F. ) ;
#2064 = EDGE_CURVE ( 'NONE', #3349, #1205, #2291, .T. ) ;
#2065 = DIRECTION ( 'NONE',  ( 1.000000000000000000, 0.000000000000000000, 0.000000000000000000 ) ) ;
#2066 = ORIENTED_EDGE ( 'NONE', *, *, #797, .T. ) ;
#2067 = ORIENTED_EDGE ( 'NONE', *, *, #2793, .T. ) ;
#2068 = AXIS2_PLACEMENT_3D ( 'NONE', #1181, #2342, #894 ) ;
#2069 = CARTESIAN_POINT ( 'NONE',  ( -39.99999999999999289, -48.00000000000000000, 3.000000000000000000 ) ) ;
#2070 = DIRECTION ( 'NONE',  ( 1.000000000000000000, 0.000000000000000000, 0.000000000000000000 ) ) ;
#2071 = VECTOR ( 'NONE', #973, 1000.000000000000000 ) ;
#2072 = DIRECTION ( 'NONE',  ( -1.000000000000000000, 1.239088197126290817E-16, 0.000000000000000000 ) ) ;
#2073 = LINE ( 'NONE', #2580, #420 ) ;
#2074 = EDGE_LOOP ( 'NONE', ( #2772, #3041, #2792, #103 ) ) ;
#2075 = ORIENTED_EDGE ( 'NONE', *, *, #2970, .F. ) ;
#2076 = ORIENTED_EDGE ( 'NONE', *, *, #363, .F. ) ;
#2077 = EDGE_CURVE ( 'NONE', #2849, #3363, #3022, .T. ) ;
#2078 = DIRECTION ( 'NONE',  ( -0.000000000000000000, 0.000000000000000000, 1.000000000000000000 ) ) ;
#2079 = CARTESIAN_POINT ( 'NONE',  ( 55.99999999999998579, 40.00000000000000000, 1.242640687119284770 ) ) ;
#2080 = ORIENTED_EDGE ( 'NONE', *, *, #1666, .F. ) ;
#2081 = DIRECTION ( 'NONE',  ( -1.000000000000000000, 0.000000000000000000, 0.000000000000000000 ) ) ;
#2082 = ORIENTED_EDGE ( 'NONE', *, *, #763, .F. ) ;
#2083 = VECTOR ( 'NONE', #3304, 1000.000000000000000 ) ;
#2084 = AXIS2_PLACEMENT_3D ( 'NONE', #1977, #1462, #1424 ) ;
#2085 = EDGE_LOOP ( 'NONE', ( #8, #3574, #3458, #3365 ) ) ;
#2086 = ADVANCED_FACE ( 'NONE', ( #625 ), #113, .T. ) ;
#2087 =( BOUNDED_CURVE ( )  B_SPLINE_CURVE ( 3, ( #2586, #2241, #3738, #851 ),
 .UNSPECIFIED., .F., .F. ) 
 B_SPLINE_CURVE_WITH_KNOTS ( ( 4, 4 ),
 ( 4.712388980384689674, 6.283185307179586232 ),
 .UNSPECIFIED. ) 
 CURVE ( )  GEOMETRIC_REPRESENTATION_ITEM ( )  RATIONAL_B_SPLINE_CURVE ( ( 1.000000000000000000, 0.8047378541243649375, 0.8047378541243649375, 1.000000000000000000 ) ) 
 REPRESENTATION_ITEM ( '' )  );
#2088 = CIRCLE ( 'NONE', #1179, 3.000000000000000000 ) ;
#2089 = CARTESIAN_POINT ( 'NONE',  ( -39.99999999999999289, -56.00000000000000711, 6.000000000000000000 ) ) ;
#2090 = DIRECTION ( 'NONE',  ( 1.000000000000000000, 0.000000000000000000, 0.000000000000000000 ) ) ;
#2091 = CARTESIAN_POINT ( 'NONE',  ( 47.99999999999999289, 48.00000000000000000, 6.000000000000000000 ) ) ;
#2092 = VECTOR ( 'NONE', #2619, 1000.000000000000000 ) ;
#2093 = VECTOR ( 'NONE', #846, 1000.000000000000000 ) ;
#2094 = CARTESIAN_POINT ( 'NONE',  ( 58.99999999999999289, 59.00000000000000000, 29.70000000000000995 ) ) ;
#2095 = ORIENTED_EDGE ( 'NONE', *, *, #2747, .T. ) ;
#2096 = ORIENTED_EDGE ( 'NONE', *, *, #575, .T. ) ;
#2097 = ORIENTED_EDGE ( 'NONE', *, *, #2344, .T. ) ;
#2098 = FACE_OUTER_BOUND ( 'NONE', #1224, .T. ) ;
#2099 = CARTESIAN_POINT ( 'NONE',  ( 56.74999999999998579, -59.00000000000000000, 24.00000000000000000 ) ) ;
#2100 = ORIENTED_EDGE ( 'NONE', *, *, #3163, .F. ) ;
#2101 = LINE ( 'NONE', #3312, #1912 ) ;
#2102 = CARTESIAN_POINT ( 'NONE',  ( 58.99999999999999289, -59.00000000000000000, 24.00000000000000000 ) ) ;
#2103 = ORIENTED_EDGE ( 'NONE', *, *, #337, .F. ) ;
#2104 = AXIS2_PLACEMENT_3D ( 'NONE', #1349, #1932, #1311 ) ;
#2105 = CARTESIAN_POINT ( 'NONE',  ( -47.99999999999999289, 37.00000000000000000, 0.000000000000000000 ) ) ;
#2106 = ADVANCED_FACE ( 'NONE', ( #3599 ), #1835, .F. ) ;
#2107 = ORIENTED_EDGE ( 'NONE', *, *, #2924, .T. ) ;
#2108 = AXIS2_PLACEMENT_3D ( 'NONE', #3098, #1533, #2881 ) ;
#2109 = CARTESIAN_POINT ( 'NONE',  ( 50.25000000000000000, -48.00000000000000000, 0.000000000000000000 ) ) ;
#2110 = EDGE_CURVE ( 'NONE', #3613, #1213, #1842, .T. ) ;
#2111 = DIRECTION ( 'NONE',  ( -1.000000000000000000, 0.000000000000000000, 0.000000000000000000 ) ) ;
#2112 = CYLINDRICAL_SURFACE ( 'NONE', #2872, 5.999999999999998224 ) ;
#2113 =( BOUNDED_CURVE ( )  B_SPLINE_CURVE ( 3, ( #3679, #1860, #189, #490 ),
 .UNSPECIFIED., .F., .F. ) 
 B_SPLINE_CURVE_WITH_KNOTS ( ( 4, 4 ),
 ( 3.141592653589793116, 4.712388980384689674 ),
 .UNSPECIFIED. ) 
 CURVE ( )  GEOMETRIC_REPRESENTATION_ITEM ( )  RATIONAL_B_SPLINE_CURVE ( ( 1.000000000000000000, 0.8047378541243649375, 0.8047378541243649375, 1.000000000000000000 ) ) 
 REPRESENTATION_ITEM ( '' )  );
#2114 = VECTOR ( 'NONE', #2962, 1000.000000000000000 ) ;
#2115 = CARTESIAN_POINT ( 'NONE',  ( -60.99999999999998579, 53.34314575050763096, -20.97056274847713908 ) ) ;
#2116 = EDGE_CURVE ( 'NONE', #369, #462, #1136, .T. ) ;
#2117 = CARTESIAN_POINT ( 'NONE',  ( 53.34314575050760254, 61.00000000000000711, -20.97056274847713908 ) ) ;
#2118 = VERTEX_POINT ( 'NONE', #2187 ) ;
#2119 = EDGE_LOOP ( 'NONE', ( #2493, #3236, #3480, #2080 ) ) ;
#2120 = ORIENTED_EDGE ( 'NONE', *, *, #1430, .T. ) ;
#2121 = CARTESIAN_POINT ( 'NONE',  ( 56.00000000000000711, 39.50000000000004263, 30.00000000000000000 ) ) ;
#2122 = VECTOR ( 'NONE', #2813, 1000.000000000000000 ) ;
#2123 = CARTESIAN_POINT ( 'NONE',  ( 54.75735931288069480, 38.75735931288070901, -1.076072228735579641E-16 ) ) ;
#2124 = ORIENTED_EDGE ( 'NONE', *, *, #2147, .F. ) ;
#2125 = DIRECTION ( 'NONE',  ( 0.000000000000000000, 0.000000000000000000, -1.000000000000000000 ) ) ;
#2126 = DIRECTION ( 'NONE',  ( 0.000000000000000000, -0.000000000000000000, 1.000000000000000000 ) ) ;
#2127 = CARTESIAN_POINT ( 'NONE',  ( 58.99999999999999289, -59.00000000000000000, 24.00000000000000000 ) ) ;
#2128 = CARTESIAN_POINT ( 'NONE',  ( 36.99999999999999289, 53.00000000000000000, 0.000000000000000000 ) ) ;
#2129 = ORIENTED_EDGE ( 'NONE', *, *, #942, .F. ) ;
#2130 = EDGE_CURVE ( 'NONE', #197, #1852, #1437, .T. ) ;
#2131 = CARTESIAN_POINT ( 'NONE',  ( -58.99999999999997868, -59.00000000000000711, -20.97056274847713908 ) ) ;
#2132 = ADVANCED_FACE ( 'NONE', ( #2760 ), #2740, .F. ) ;
#2133 = CARTESIAN_POINT ( 'NONE',  ( -47.99999999999999289, 48.00000000000000000, 0.000000000000000000 ) ) ;
#2134 = CYLINDRICAL_SURFACE ( 'NONE', #3536, 3.000000000000000000 ) ;
#2135 = CIRCLE ( 'NONE', #3415, 2.250000000000001776 ) ;
#2136 = CARTESIAN_POINT ( 'NONE',  ( -39.99999999999999289, 55.99999999999999289, 5.999999999999998224 ) ) ;
#2137 = AXIS2_PLACEMENT_3D ( 'NONE', #2382, #1561, #3242 ) ;
#2138 = DIRECTION ( 'NONE',  ( 0.000000000000000000, -0.000000000000000000, -1.000000000000000000 ) ) ;
#2139 = ORIENTED_EDGE ( 'NONE', *, *, #3607, .T. ) ;
#2140 = EDGE_LOOP ( 'NONE', ( #852, #3566, #934, #2450 ) ) ;
#2141 = ORIENTED_EDGE ( 'NONE', *, *, #2937, .T. ) ;
#2142 = DIRECTION ( 'NONE',  ( 0.000000000000000000, 0.000000000000000000, -1.000000000000000000 ) ) ;
#2143 = EDGE_LOOP ( 'NONE', ( #317, #482 ) ) ;
#2144 = DIRECTION ( 'NONE',  ( 0.5773502691896245098, -0.5773502691896280625, -0.5773502691896247319 ) ) ;
#2145 = LINE ( 'NONE', #3238, #2598 ) ;
#2146 = DIRECTION ( 'NONE',  ( 0.000000000000000000, 0.000000000000000000, -1.000000000000000000 ) ) ;
#2147 = EDGE_CURVE ( 'NONE', #2892, #2517, #3369, .T. ) ;
#2148 = FACE_OUTER_BOUND ( 'NONE', #1461, .T. ) ;
#2149 = EDGE_CURVE ( 'NONE', #2943, #1814, #1003, .T. ) ;
#2150 = FACE_OUTER_BOUND ( 'NONE', #1133, .T. ) ;
#2151 = ORIENTED_EDGE ( 'NONE', *, *, #1108, .T. ) ;
#2152 = CARTESIAN_POINT ( 'NONE',  ( -45.75000000000000000, -48.00000000000000000, 5.699999999999987743 ) ) ;
#2153 = DIRECTION ( 'NONE',  ( 0.000000000000000000, 1.000000000000000000, 0.000000000000000000 ) ) ;
#2154 = CIRCLE ( 'NONE', #870, 2.550000000000052225 ) ;
#2155 = VECTOR ( 'NONE', #1563, 1000.000000000000000 ) ;
#2156 = CYLINDRICAL_SURFACE ( 'NONE', #385, 8.000000000000000000 ) ;
#2157 = LINE ( 'NONE', #2467, #1119 ) ;
#2158 = EDGE_LOOP ( 'NONE', ( #762, #2566, #2301, #259 ) ) ;
#2159 = ORIENTED_EDGE ( 'NONE', *, *, #1615, .F. ) ;
#2160 = ORIENTED_EDGE ( 'NONE', *, *, #1354, .F. ) ;
#2161 = AXIS2_PLACEMENT_3D ( 'NONE', #594, #2685, #74 ) ;
#2162 = CARTESIAN_POINT ( 'NONE',  ( -47.99999999999999289, -48.00000000000000000, 6.000000000000000000 ) ) ;
#2163 = AXIS2_PLACEMENT_3D ( 'NONE', #2814, #523, #793 ) ;
#2164 = DIRECTION ( 'NONE',  ( 0.000000000000000000, 0.000000000000000000, 1.000000000000000000 ) ) ;
#2165 = DIRECTION ( 'NONE',  ( -0.000000000000000000, -0.000000000000000000, -1.000000000000000000 ) ) ;
#2166 = FACE_OUTER_BOUND ( 'NONE', #2838, .T. ) ;
#2167 = LINE ( 'NONE', #452, #3454 ) ;
#2168 = TOROIDAL_SURFACE ( 'NONE', #101, 11.00000000000000000, 3.000000000000000000 ) ;
#2169 = CARTESIAN_POINT ( 'NONE',  ( -56.74999999999998579, -59.00000000000000000, 24.00000000000000000 ) ) ;
#2170 = ORIENTED_EDGE ( 'NONE', *, *, #1273, .T. ) ;
#2171 = CYLINDRICAL_SURFACE ( 'NONE', #3197, 2.250000000000001776 ) ;
#2172 = CARTESIAN_POINT ( 'NONE',  ( -48.00000000000000000, 48.00000000000000000, 6.000000000000000000 ) ) ;
#2173 = COLOUR_RGB ( '',0.7921568627450980005, 0.8196078431372548767, 0.9333333333333333481 ) ;
#2174 = DIRECTION ( 'NONE',  ( 1.000000000000000000, 0.000000000000000000, 0.000000000000000000 ) ) ;
#2175 = CARTESIAN_POINT ( 'NONE',  ( 50.25000000000000000, -48.00000000000000000, 5.699999999999984190 ) ) ;
#2176 = AXIS2_PLACEMENT_3D ( 'NONE', #665, #3205, #3602 ) ;
#2177 = EDGE_CURVE ( 'NONE', #1850, #1944, #3761, .T. ) ;
#2178 = CARTESIAN_POINT ( 'NONE',  ( 58.99999999999999289, 59.00000000000000000, 24.00000000000000000 ) ) ;
#2179 = ORIENTED_EDGE ( 'NONE', *, *, #1846, .T. ) ;
#2180 = ORIENTED_EDGE ( 'NONE', *, *, #3073, .T. ) ;
#2181 = EDGE_LOOP ( 'NONE', ( #309, #996, #3529, #1828, #2151, #2568 ) ) ;
#2182 = EDGE_CURVE ( 'NONE', #675, #1960, #1923, .T. ) ;
#2183 = CARTESIAN_POINT ( 'NONE',  ( 56.74999999999998579, 59.00000000000000000, 24.00000000000000000 ) ) ;
#2184 = EDGE_CURVE ( 'NONE', #3535, #2656, #171, .T. ) ;
#2185 = VECTOR ( 'NONE', #2928, 1000.000000000000000 ) ;
#2186 = DIRECTION ( 'NONE',  ( 1.000000000000000000, 1.239088197126290817E-16, 0.000000000000000000 ) ) ;
#2187 = CARTESIAN_POINT ( 'NONE',  ( -13.25000000000004619, 59.00000000000000711, 30.00000000000000000 ) ) ;
#2188 = DIRECTION ( 'NONE',  ( 0.7071067811865546782, 0.000000000000000000, 0.7071067811865403563 ) ) ;
#2189 = VECTOR ( 'NONE', #2206, 1000.000000000000000 ) ;
#2190 = DIRECTION ( 'NONE',  ( 1.000000000000000000, -0.000000000000000000, -0.000000000000000000 ) ) ;
#2191 = ORIENTED_EDGE ( 'NONE', *, *, #1358, .F. ) ;
#2192 = CARTESIAN_POINT ( 'NONE',  ( -55.99999999999999289, 40.00000000000000000, 6.000000000000000000 ) ) ;
#2193 = DIRECTION ( 'NONE',  ( -1.000000000000000000, 0.000000000000000000, 0.000000000000000000 ) ) ;
#2194 = ADVANCED_FACE ( 'NONE', ( #3106 ), #1650, .F. ) ;
#2195 = DIRECTION ( 'NONE',  ( 1.000000000000000000, 0.000000000000000000, 0.000000000000000000 ) ) ;
#2196 = PLANE ( 'NONE',  #1605 ) ;
#2197 = CARTESIAN_POINT ( 'NONE',  ( 56.74999999999998579, 59.00000000000000000, 29.70000000000000995 ) ) ;
#2198 = ORIENTED_EDGE ( 'NONE', *, *, #546, .T. ) ;
#2199 = EDGE_LOOP ( 'NONE', ( #2948, #1559, #1872, #1453 ) ) ;
#2200 = ORIENTED_EDGE ( 'NONE', *, *, #1688, .T. ) ;
#2201 = DIRECTION ( 'NONE',  ( -0.000000000000000000, -0.000000000000000000, -1.000000000000000000 ) ) ;
#2202 = ADVANCED_FACE ( 'NONE', ( #3662 ), #1914, .T. ) ;
#2203 = FACE_OUTER_BOUND ( 'NONE', #2885, .T. ) ;
#2204 = PLANE ( 'NONE',  #586 ) ;
#2205 = LINE ( 'NONE', #3624, #1801 ) ;
#2206 = DIRECTION ( 'NONE',  ( -1.239088197126290817E-16, -1.000000000000000000, 0.000000000000000000 ) ) ;
#2207 = ORIENTED_EDGE ( 'NONE', *, *, #942, .T. ) ;
#2208 = CYLINDRICAL_SURFACE ( 'NONE', #941, 5.999999999999998224 ) ;
#2209 = ADVANCED_FACE ( 'NONE', ( #3066, #133 ), #450, .F. ) ;
#2210 = DIRECTION ( 'NONE',  ( -0.000000000000000000, -0.000000000000000000, 1.000000000000000000 ) ) ;
#2211 = CARTESIAN_POINT ( 'NONE',  ( 39.50000000000000711, -56.00000000000000711, 5.999999999999998224 ) ) ;
#2212 = FACE_BOUND ( 'NONE', #2775, .T. ) ;
#2213 = VECTOR ( 'NONE', #3074, 1000.000000000000000 ) ;
#2214 = EDGE_LOOP ( 'NONE', ( #711, #1740, #1924, #319 ) ) ;
#2215 = EDGE_LOOP ( 'NONE', ( #2198, #2009, #2949, #862 ) ) ;
#2216 = LINE ( 'NONE', #3692, #1267 ) ;
#2217 = LINE ( 'NONE', #1679, #2343 ) ;
#2218 = AXIS2_PLACEMENT_3D ( 'NONE', #3495, #2329, #602 ) ;
#2219 = CYLINDRICAL_SURFACE ( 'NONE', #2647, 2.250000000000001776 ) ;
#2220 = VECTOR ( 'NONE', #401, 1000.000000000000000 ) ;
#2221 = FACE_OUTER_BOUND ( 'NONE', #406, .T. ) ;
#2222 = DIRECTION ( 'NONE',  ( 0.000000000000000000, 0.000000000000000000, 1.000000000000000000 ) ) ;
#2223 = CARTESIAN_POINT ( 'NONE',  ( 56.00000000000000000, -6.938893903907228378E-15, 6.000000000000000000 ) ) ;
#2224 = ORIENTED_EDGE ( 'NONE', *, *, #601, .F. ) ;
#2225 = ADVANCED_FACE ( 'NONE', ( #1633 ), #2204, .T. ) ;
#2226 = CIRCLE ( 'NONE', #1862, 3.000000000000000000 ) ;
#2227 = EDGE_CURVE ( 'NONE', #1290, #1094, #700, .T. ) ;
#2228 = DIRECTION ( 'NONE',  ( -1.000000000000000000, -0.000000000000000000, -0.000000000000000000 ) ) ;
#2229 = DIRECTION ( 'NONE',  ( 1.000000000000000000, 0.000000000000000000, 0.000000000000000000 ) ) ;
#2230 = LINE ( 'NONE', #3687, #1564 ) ;
#2231 = ORIENTED_EDGE ( 'NONE', *, *, #1527, .T. ) ;
#2232 = EDGE_LOOP ( 'NONE', ( #2415, #1691, #2672, #518, #85, #1658, #3544, #3760, #2096, #1009, #374, #1589, #655, #2627, #1261, #2346 ) ) ;
#2233 = VECTOR ( 'NONE', #1837, 1000.000000000000000 ) ;
#2234 = ADVANCED_FACE ( 'NONE', ( #3678, #1061 ), #1858, .T. ) ;
#2235 = CARTESIAN_POINT ( 'NONE',  ( 53.00000000000000000, -37.00000000000000000, 0.000000000000000000 ) ) ;
#2236 = FACE_OUTER_BOUND ( 'NONE', #854, .T. ) ;
#2237 = AXIS2_PLACEMENT_3D ( 'NONE', #2316, #223, #3479 ) ;
#2238 = ORIENTED_EDGE ( 'NONE', *, *, #2465, .T. ) ;
#2239 = CARTESIAN_POINT ( 'NONE',  ( 41.75000000000000711, -58.99999999999999289, 5.999999999999998224 ) ) ;
#2240 = DIRECTION ( 'NONE',  ( 1.000000000000000000, 0.000000000000000000, 0.000000000000000000 ) ) ;
#2241 = CARTESIAN_POINT ( 'NONE',  ( 54.75735931288072322, -38.75735931288070901, -3.228216686206738306E-16 ) ) ;
#2242 = VECTOR ( 'NONE', #1775, 1000.000000000000000 ) ;
#2243 = DIRECTION ( 'NONE',  ( -1.000000000000000000, 0.000000000000000000, 0.000000000000000000 ) ) ;
#2244 = ORIENTED_EDGE ( 'NONE', *, *, #1846, .F. ) ;
#2245 = CIRCLE ( 'NONE', #3522, 3.000000000000002665 ) ;
#2246 = ADVANCED_FACE ( 'NONE', ( #2221 ), #3388, .T. ) ;
#2247 = ADVANCED_FACE ( 'NONE', ( #3620 ), #721, .T. ) ;
#2248 = CARTESIAN_POINT ( 'NONE',  ( -15.49999999999999289, 56.75000000000002132, 30.00000000000000000 ) ) ;
#2249 = FACE_OUTER_BOUND ( 'NONE', #300, .T. ) ;
#2250 = CARTESIAN_POINT ( 'NONE',  ( -58.99999999999999289, 59.00000000000000000, 30.00000000000000000 ) ) ;
#2251 = ORIENTED_EDGE ( 'NONE', *, *, #170, .T. ) ;
#2252 = VERTEX_POINT ( 'NONE', #3774 ) ;
#2253 = FACE_OUTER_BOUND ( 'NONE', #3059, .T. ) ;
#2254 = CARTESIAN_POINT ( 'NONE',  ( 39.50000000000000711, -59.00000000000000711, 30.00000000000000000 ) ) ;
#2255 = EDGE_CURVE ( 'NONE', #1883, #410, #1257, .T. ) ;
#2256 = ORIENTED_EDGE ( 'NONE', *, *, #368, .F. ) ;
#2257 = VECTOR ( 'NONE', #2016, 1000.000000000000000 ) ;
#2258 = EDGE_CURVE ( 'NONE', #3638, #483, #3444, .T. ) ;
#2259 = DIRECTION ( 'NONE',  ( 1.000000000000000000, 0.000000000000000000, 0.000000000000000000 ) ) ;
#2260 = CARTESIAN_POINT ( 'NONE',  ( 53.80384757729334666, -56.00000000000000711, 5.999999999999998224 ) ) ;
#2261 =( BOUNDED_CURVE ( )  B_SPLINE_CURVE ( 3, ( #2263, #2621, #3428, #1083 ),
 .UNSPECIFIED., .F., .F. ) 
 B_SPLINE_CURVE_WITH_KNOTS ( ( 4, 4 ),
 ( 3.141592653589793116, 4.712388980384689674 ),
 .UNSPECIFIED. ) 
 CURVE ( )  GEOMETRIC_REPRESENTATION_ITEM ( )  RATIONAL_B_SPLINE_CURVE ( ( 1.000000000000000000, 0.8047378541243649375, 0.8047378541243649375, 1.000000000000000000 ) ) 
 REPRESENTATION_ITEM ( '' )  );
#2262 = VECTOR ( 'NONE', #3563, 1000.000000000000000 ) ;
#2263 = CARTESIAN_POINT ( 'NONE',  ( -55.99999999999999289, -40.00000000000000000, 3.000000000000000000 ) ) ;
#2264 = EDGE_CURVE ( 'NONE', #462, #1608, #3122, .T. ) ;
#2265 = DIRECTION ( 'NONE',  ( -1.000000000000000000, 0.000000000000000000, -0.000000000000000000 ) ) ;
#2266 = VERTEX_POINT ( 'NONE', #1969 ) ;
#2267 = ORIENTED_EDGE ( 'NONE', *, *, #881, .T. ) ;
#2268 = MANIFOLD_SOLID_BREP ( 'Fillet3', #3297 ) ;
#2269 = EDGE_CURVE ( 'NONE', #680, #1948, #104, .T. ) ;
#2270 = CARTESIAN_POINT ( 'NONE',  ( 39.99999999999999289, -48.00000000000000000, 0.000000000000000000 ) ) ;
#2271 = FACE_OUTER_BOUND ( 'NONE', #1479, .T. ) ;
#2272 = FACE_OUTER_BOUND ( 'NONE', #541, .T. ) ;
#2273 = ORIENTED_EDGE ( 'NONE', *, *, #871, .F. ) ;
#2274 = CARTESIAN_POINT ( 'NONE',  ( -48.00000000000000000, -48.00000000000000000, 6.000000000000000000 ) ) ;
#2275 = CARTESIAN_POINT ( 'NONE',  ( -52.99999999999999289, -37.00000000000000000, 0.000000000000000000 ) ) ;
#2276 = ORIENTED_EDGE ( 'NONE', *, *, #1980, .T. ) ;
#2277 = VERTEX_POINT ( 'NONE', #2006 ) ;
#2278 = CARTESIAN_POINT ( 'NONE',  ( 50.51471862576141802, 59.00000000000000711, -4.000000000000000000 ) ) ;
#2279 = DIRECTION ( 'NONE',  ( 1.000000000000000000, 0.000000000000000000, 0.000000000000000000 ) ) ;
#2280 = PLANE ( 'NONE',  #290 ) ;
#2281 = VECTOR ( 'NONE', #3234, 1000.000000000000000 ) ;
#2282 = DIRECTION ( 'NONE',  ( -0.000000000000000000, -0.000000000000000000, 1.000000000000000000 ) ) ;
#2283 = ORIENTED_EDGE ( 'NONE', *, *, #3306, .T. ) ;
#2284 = AXIS2_PLACEMENT_3D ( 'NONE', #1594, #3575, #2455 ) ;
#2285 = FACE_OUTER_BOUND ( 'NONE', #3647, .T. ) ;
#2286 = FACE_OUTER_BOUND ( 'NONE', #125, .T. ) ;
#2287 = DIRECTION ( 'NONE',  ( -0.000000000000000000, 0.000000000000000000, -1.000000000000000000 ) ) ;
#2288 = ORIENTED_EDGE ( 'NONE', *, *, #1110, .F. ) ;
#2289 = EDGE_CURVE ( 'NONE', #808, #920, #3408, .T. ) ;
#2290 = CARTESIAN_POINT ( 'NONE',  ( -50.51471862576141802, -62.00000000000000711, -4.000000000000000000 ) ) ;
#2291 = CIRCLE ( 'NONE', #2539, 2.250000000000001776 ) ;
#2292 = VERTEX_POINT ( 'NONE', #581 ) ;
#2293 = VECTOR ( 'NONE', #3389, 1000.000000000000114 ) ;
#2294 = EDGE_CURVE ( 'NONE', #1910, #3621, #560, .T. ) ;
#2295 = ORIENTED_EDGE ( 'NONE', *, *, #3301, .T. ) ;
#2296 = EDGE_CURVE ( 'NONE', #2943, #2876, #1153, .T. ) ;
#2297 = CARTESIAN_POINT ( 'NONE',  ( -48.00000000000000000, -48.00000000000000000, 6.000000000000000000 ) ) ;
#2298 = CARTESIAN_POINT ( 'NONE',  ( 56.00000000000000711, -55.99999999999999289, 30.00000000000000000 ) ) ;
#2299 = VECTOR ( 'NONE', #2024, 1000.000000000000000 ) ;
#2300 = DIRECTION ( 'NONE',  ( -0.000000000000000000, 0.000000000000000000, 1.000000000000000000 ) ) ;
#2301 = ORIENTED_EDGE ( 'NONE', *, *, #2008, .T. ) ;
#2302 = FACE_OUTER_BOUND ( 'NONE', #1800, .T. ) ;
#2303 = ORIENTED_EDGE ( 'NONE', *, *, #2689, .F. ) ;
#2304 = DIRECTION ( 'NONE',  ( -0.000000000000000000, -0.000000000000000000, 1.000000000000000000 ) ) ;
#2305 = AXIS2_PLACEMENT_3D ( 'NONE', #358, #1254, #2424 ) ;
#2306 = LINE ( 'NONE', #1145, #2567 ) ;
#2307 = CARTESIAN_POINT ( 'NONE',  ( 39.50000000000000711, -59.00000000000000711, 5.999999999999998224 ) ) ;
#2308 = CYLINDRICAL_SURFACE ( 'NONE', #1006, 2.250000000000001776 ) ;
#2309 = ADVANCED_FACE ( 'NONE', ( #1099 ), #2543, .F. ) ;
#2310 = DIRECTION ( 'NONE',  ( -1.000000000000000000, 0.000000000000000000, 0.000000000000000000 ) ) ;
#2311 = EDGE_LOOP ( 'NONE', ( #3240, #3455 ) ) ;
#2312 = VECTOR ( 'NONE', #3324, 1000.000000000000000 ) ;
#2313 = EDGE_LOOP ( 'NONE', ( #3612, #2481, #1442, #2374 ) ) ;
#2314 = DIRECTION ( 'NONE',  ( -0.000000000000000000, -0.000000000000000000, -1.000000000000000000 ) ) ;
#2315 = CARTESIAN_POINT ( 'NONE',  ( -61.24999999999999289, -59.00000000000000000, 29.70000000000000995 ) ) ;
#2316 = CARTESIAN_POINT ( 'NONE',  ( -48.00000000000000000, -48.00000000000000000, 6.000000000000000000 ) ) ;
#2317 = VERTEX_POINT ( 'NONE', #2260 ) ;
#2318 = CARTESIAN_POINT ( 'NONE',  ( -39.49999999999999289, 56.00000000000000711, 30.00000000000000000 ) ) ;
#2319 = ORIENTED_EDGE ( 'NONE', *, *, #628, .F. ) ;
#2320 = EDGE_LOOP ( 'NONE', ( #3159, #1073, #281, #497 ) ) ;
#2321 = CARTESIAN_POINT ( 'NONE',  ( 0.000000000000000000, 40.00000000000000000, 6.000000000000000000 ) ) ;
#2322 = ADVANCED_FACE ( 'NONE', ( #1135 ), #1744, .F. ) ;
#2323 = PLANE ( 'NONE',  #3359 ) ;
#2324 = CARTESIAN_POINT ( 'NONE',  ( -61.24999999999999289, -59.00000000000000000, 29.70000000000000995 ) ) ;
#2325 = LINE ( 'NONE', #859, #878 ) ;
#2326 = DIRECTION ( 'NONE',  ( 1.000000000000000000, 0.000000000000000000, 0.000000000000000000 ) ) ;
#2327 = ORIENTED_EDGE ( 'NONE', *, *, #2764, .F. ) ;
#2328 = ORIENTED_EDGE ( 'NONE', *, *, #2057, .T. ) ;
#2329 = DIRECTION ( 'NONE',  ( 0.000000000000000000, 0.000000000000000000, 1.000000000000000000 ) ) ;
#2330 = CARTESIAN_POINT ( 'NONE',  ( 59.00000000000001421, -50.51471862576144645, -4.000000000000000000 ) ) ;
#2331 = LINE ( 'NONE', #2352, #2185 ) ;
#2332 = AXIS2_PLACEMENT_3D ( 'NONE', #459, #1053, #3412 ) ;
#2333 = ORIENTED_EDGE ( 'NONE', *, *, #241, .F. ) ;
#2334 = DIRECTION ( 'NONE',  ( 1.000000000000000000, 0.000000000000000000, 0.000000000000000000 ) ) ;
#2335 = VERTEX_POINT ( 'NONE', #222 ) ;
#2336 = VECTOR ( 'NONE', #1949, 1000.000000000000000 ) ;
#2337 = ADVANCED_FACE ( 'NONE', ( #2620 ), #12, .T. ) ;
#2338 = CIRCLE ( 'NONE', #3441, 2.549999999999996714 ) ;
#2339 = CARTESIAN_POINT ( 'NONE',  ( 61.55000000000003979, -59.00000000000000000, 30.00000000000000000 ) ) ;
#2340 = LINE ( 'NONE', #1982, #2122 ) ;
#2341 = EDGE_CURVE ( 'NONE', #3581, #1102, #1382, .T. ) ;
#2342 = DIRECTION ( 'NONE',  ( 1.000000000000000000, 3.469446951953619316E-15, 0.000000000000000000 ) ) ;
#2343 = VECTOR ( 'NONE', #2848, 1000.000000000000227 ) ;
#2344 = EDGE_CURVE ( 'NONE', #2826, #3430, #3496, .T. ) ;
#2345 = CARTESIAN_POINT ( 'NONE',  ( 53.80384757729335377, -55.99999999999999289, 30.00000000000000000 ) ) ;
#2346 = ORIENTED_EDGE ( 'NONE', *, *, #455, .T. ) ;
#2347 = EDGE_LOOP ( 'NONE', ( #3734, #579, #3555, #1759 ) ) ;
#2348 = EDGE_CURVE ( 'NONE', #2389, #2960, #604, .T. ) ;
#2349 = ORIENTED_EDGE ( 'NONE', *, *, #3752, .T. ) ;
#2350 = VECTOR ( 'NONE', #2046, 1000.000000000000227 ) ;
#2351 = LINE ( 'NONE', #544, #2281 ) ;
#2352 = CARTESIAN_POINT ( 'NONE',  ( -39.99999999999999289, -56.00000000000000711, 6.000000000000000000 ) ) ;
#2353 = VECTOR ( 'NONE', #1875, 1000.000000000000114 ) ;
#2354 = ORIENTED_EDGE ( 'NONE', *, *, #3044, .F. ) ;
#2355 = AXIS2_PLACEMENT_3D ( 'NONE', #1999, #479, #844 ) ;
#2356 = CARTESIAN_POINT ( 'NONE',  ( -36.99999999999999289, -53.00000000000000000, 0.000000000000000000 ) ) ;
#2357 = ORIENTED_EDGE ( 'NONE', *, *, #1164, .T. ) ;
#2358 = ORIENTED_EDGE ( 'NONE', *, *, #2064, .T. ) ;
#2359 = LINE ( 'NONE', #3561, #3043 ) ;
#2360 = CARTESIAN_POINT ( 'NONE',  ( -56.00000000000000711, 53.80384757729336087, -20.97056274847713908 ) ) ;
#2361 = EDGE_CURVE ( 'NONE', #1386, #997, #1830, .T. ) ;
#2362 = EDGE_CURVE ( 'NONE', #302, #958, #696, .T. ) ;
#2363 = CIRCLE ( 'NONE', #2555, 5.999999999999998224 ) ;
#2364 = CARTESIAN_POINT ( 'NONE',  ( -36.99999999999999289, -48.00000000000000000, 3.000000000000000000 ) ) ;
#2365 = DIRECTION ( 'NONE',  ( -1.000000000000000000, 0.000000000000000000, 0.000000000000000000 ) ) ;
#2366 = AXIS2_PLACEMENT_3D ( 'NONE', #1598, #3626, #1008 ) ;
#2367 = ORIENTED_EDGE ( 'NONE', *, *, #316, .F. ) ;
#2368 = ORIENTED_EDGE ( 'NONE', *, *, #2689, .T. ) ;
#2369 = ORIENTED_EDGE ( 'NONE', *, *, #1329, .T. ) ;
#2370 = CARTESIAN_POINT ( 'NONE',  ( 39.50000000000000711, -56.74999999999997158, 30.00000000000000000 ) ) ;
#2371 = ADVANCED_FACE ( 'NONE', ( #2098 ), #349, .F. ) ;
#2372 = DIRECTION ( 'NONE',  ( 1.000000000000000000, 0.000000000000000000, 0.000000000000000000 ) ) ;
#2373 = ADVANCED_FACE ( 'NONE', ( #2695 ), #3309, .F. ) ;
#2374 = ORIENTED_EDGE ( 'NONE', *, *, #904, .F. ) ;
#2375 = CARTESIAN_POINT ( 'NONE',  ( 59.00000000000001421, 13.25000000000002665, 3.749999999999982681 ) ) ;
#2376 = ORIENTED_EDGE ( 'NONE', *, *, #323, .T. ) ;
#2377 = EDGE_LOOP ( 'NONE', ( #3202, #2367, #1103, #3637 ) ) ;
#2378 = EDGE_CURVE ( 'NONE', #1542, #880, #2843, .T. ) ;
#2379 = AXIS2_PLACEMENT_3D ( 'NONE', #2741, #134, #1293 ) ;
#2380 = DIRECTION ( 'NONE',  ( 1.000000000000000000, 0.000000000000000000, 0.000000000000000000 ) ) ;
#2381 = DIRECTION ( 'NONE',  ( -0.000000000000000000, -0.000000000000000000, -1.000000000000000000 ) ) ;
#2382 = CARTESIAN_POINT ( 'NONE',  ( -55.99999999999997868, -15.49999999999998224, 5.999999999999998224 ) ) ;
#2383 = AXIS2_PLACEMENT_3D ( 'NONE', #3053, #438, #2841 ) ;
#2384 = LINE ( 'NONE', #1868, #822 ) ;
#2385 = EDGE_CURVE ( 'NONE', #2252, #1761, #3335, .T. ) ;
#2386 = CARTESIAN_POINT ( 'NONE',  ( -47.99999999999999289, -48.00000000000000000, 3.000000000000000000 ) ) ;
#2387 = ORIENTED_EDGE ( 'NONE', *, *, #3140, .T. ) ;
#2388 = ORIENTED_EDGE ( 'NONE', *, *, #831, .T. ) ;
#2389 = VERTEX_POINT ( 'NONE', #716 ) ;
#2390 = CARTESIAN_POINT ( 'NONE',  ( 58.99999999999999289, -59.00000000000000000, 29.69999999999997087 ) ) ;
#2391 = DIRECTION ( 'NONE',  ( 1.000000000000000000, 0.000000000000000000, 0.000000000000000000 ) ) ;
#2392 = EDGE_CURVE ( 'NONE', #1761, #2252, #2900, .T. ) ;
#2393 = EDGE_LOOP ( 'NONE', ( #735, #3211, #3442, #1808 ) ) ;
#2394 = CARTESIAN_POINT ( 'NONE',  ( 39.50000000000000711, -56.74999999999997158, 6.000000000000000000 ) ) ;
#2395 = CARTESIAN_POINT ( 'NONE',  ( 58.99999999999999289, -59.00000000000000000, 30.00000000000000000 ) ) ;
#2396 = VERTEX_POINT ( 'NONE', #366 ) ;
#2397 = CARTESIAN_POINT ( 'NONE',  ( 48.00000000000000000, 48.00000000000000000, 6.000000000000000000 ) ) ;
#2398 = ORIENTED_EDGE ( 'NONE', *, *, #2294, .T. ) ;
#2399 = ADVANCED_FACE ( 'NONE', ( #638 ), #1510, .T. ) ;
#2400 = LINE ( 'NONE', #1501, #1579 ) ;
#2401 = DIRECTION ( 'NONE',  ( 0.000000000000000000, 0.000000000000000000, 1.000000000000000000 ) ) ;
#2402 = DIRECTION ( 'NONE',  ( -0.000000000000000000, -0.000000000000000000, -1.000000000000000000 ) ) ;
#2403 = AXIS2_PLACEMENT_3D ( 'NONE', #1080, #3407, #3121 ) ;
#2404 = DIRECTION ( 'NONE',  ( 0.000000000000000000, 1.000000000000000000, 0.000000000000000000 ) ) ;
#2405 = AXIS2_PLACEMENT_3D ( 'NONE', #2652, #1258, #3036 ) ;
#2406 = FACE_OUTER_BOUND ( 'NONE', #1702, .T. ) ;
#2407 = EDGE_LOOP ( 'NONE', ( #910, #2738, #1401, #34 ) ) ;
#2408 = ORIENTED_EDGE ( 'NONE', *, *, #556, .F. ) ;
#2409 = ORIENTED_EDGE ( 'NONE', *, *, #2878, .F. ) ;
#2410 = CARTESIAN_POINT ( 'NONE',  ( 58.99999999999997868, 59.00000000000000711, 5.999999999999998224 ) ) ;
#2411 = DIRECTION ( 'NONE',  ( -0.000000000000000000, -0.000000000000000000, -1.000000000000000000 ) ) ;
#2412 = EDGE_CURVE ( 'NONE', #2703, #3538, #408, .T. ) ;
#2413 = AXIS2_PLACEMENT_3D ( 'NONE', #3642, #1613, #3353 ) ;
#2414 = EDGE_CURVE ( 'NONE', #498, #611, #937, .T. ) ;
#2415 = ORIENTED_EDGE ( 'NONE', *, *, #2743, .T. ) ;
#2416 = CARTESIAN_POINT ( 'NONE',  ( 56.44999999999993889, -59.00000000000000000, 30.00000000000000000 ) ) ;
#2417 = DIRECTION ( 'NONE',  ( 1.000000000000000000, 0.000000000000000000, 0.000000000000000000 ) ) ;
#2418 = ORIENTED_EDGE ( 'NONE', *, *, #2606, .T. ) ;
#2419 = VECTOR ( 'NONE', #1878, 1000.000000000000000 ) ;
#2420 = CARTESIAN_POINT ( 'NONE',  ( 61.54999999999999005, 59.00000000000000000, 30.00000000000000000 ) ) ;
#2421 = VERTEX_POINT ( 'NONE', #2121 ) ;
#2422 = AXIS2_PLACEMENT_3D ( 'NONE', #1126, #2287, #1922 ) ;
#2423 = CARTESIAN_POINT ( 'NONE',  ( -60.99999999999997868, -53.34314575050763096, 30.00000000000000000 ) ) ;
#2424 = DIRECTION ( 'NONE',  ( -1.000000000000000000, 0.000000000000000000, 0.000000000000000000 ) ) ;
#2425 = CARTESIAN_POINT ( 'NONE',  ( -6.567167444769341256E-15, 53.00000000000000000, -0.000000000000000000 ) ) ;
#2426 = LINE ( 'NONE', #1803, #3669 ) ;
#2427 = CIRCLE ( 'NONE', #1443, 2.999999999999995559 ) ;
#2428 = LINE ( 'NONE', #2956, #2155 ) ;
#2429 = CARTESIAN_POINT ( 'NONE',  ( 36.99999999999999289, 56.00000000000000711, 0.000000000000000000 ) ) ;
#2430 = ORIENTED_EDGE ( 'NONE', *, *, #3331, .T. ) ;
#2431 = CIRCLE ( 'NONE', #787, 3.000000000000002665 ) ;
#2432 = VERTEX_POINT ( 'NONE', #1308 ) ;
#2433 = ORIENTED_EDGE ( 'NONE', *, *, #130, .T. ) ;
#2434 = EDGE_CURVE ( 'NONE', #3239, #3597, #3446, .T. ) ;
#2435 = DIRECTION ( 'NONE',  ( -1.000000000000000000, 0.000000000000000000, 0.000000000000000000 ) ) ;
#2436 = AXIS2_PLACEMENT_3D ( 'NONE', #3241, #2971, #3298 ) ;
#2437 = DIRECTION ( 'NONE',  ( 0.000000000000000000, -0.000000000000000000, 1.000000000000000000 ) ) ;
#2438 = ORIENTED_EDGE ( 'NONE', *, *, #2344, .F. ) ;
#2439 = LINE ( 'NONE', #1248, #1428 ) ;
#2440 = DIRECTION ( 'NONE',  ( 0.000000000000000000, -0.000000000000000000, -1.000000000000000000 ) ) ;
#2441 = CARTESIAN_POINT ( 'NONE',  ( -13.25000000000004619, 59.00000000000000000, -4.000000000000000000 ) ) ;
#2442 = DIRECTION ( 'NONE',  ( -0.000000000000000000, -0.000000000000000000, 1.000000000000000000 ) ) ;
#2443 = DIRECTION ( 'NONE',  ( 1.000000000000000000, 0.000000000000000000, 0.000000000000000000 ) ) ;
#2444 = EDGE_LOOP ( 'NONE', ( #326, #2600, #3711, #1711 ) ) ;
#2445 = DIRECTION ( 'NONE',  ( -0.000000000000000000, -0.000000000000000000, 1.000000000000000000 ) ) ;
#2446 = PLANE ( 'NONE',  #2137 ) ;
#2447 = FACE_OUTER_BOUND ( 'NONE', #3514, .T. ) ;
#2448 = AXIS2_PLACEMENT_3D ( 'NONE', #1392, #1036, #3633 ) ;
#2449 = DIRECTION ( 'NONE',  ( -1.000000000000000000, 0.000000000000000000, 0.000000000000000000 ) ) ;
#2450 = ORIENTED_EDGE ( 'NONE', *, *, #92, .F. ) ;
#2451 = ORIENTED_EDGE ( 'NONE', *, *, #2970, .T. ) ;
#2452 = ORIENTED_EDGE ( 'NONE', *, *, #2901, .T. ) ;
#2453 = CARTESIAN_POINT ( 'NONE',  ( -55.99999999999997868, -39.49999999999997868, 5.999999999999998224 ) ) ;
#2454 = ORIENTED_EDGE ( 'NONE', *, *, #2510, .T. ) ;
#2455 = DIRECTION ( 'NONE',  ( 1.000000000000000000, 0.000000000000000000, 0.000000000000000000 ) ) ;
#2456 = DIRECTION ( 'NONE',  ( 0.000000000000000000, 0.000000000000000000, 1.000000000000000000 ) ) ;
#2457 = FACE_OUTER_BOUND ( 'NONE', #636, .T. ) ;
#2458 = DIRECTION ( 'NONE',  ( -1.000000000000000000, 0.000000000000000000, 0.000000000000000000 ) ) ;
#2459 = DIRECTION ( 'NONE',  ( -0.000000000000000000, -0.000000000000000000, 1.000000000000000000 ) ) ;
#2460 = ORIENTED_EDGE ( 'NONE', *, *, #1805, .F. ) ;
#2461 = CARTESIAN_POINT ( 'NONE',  ( 41.75000000000000711, -58.99999999999999289, 3.749999999999996003 ) ) ;
#2462 = FACE_OUTER_BOUND ( 'NONE', #3311, .T. ) ;
#2463 = VECTOR ( 'NONE', #1731, 1000.000000000000000 ) ;
#2464 = EDGE_CURVE ( 'NONE', #166, #645, #63, .T. ) ;
#2465 = EDGE_CURVE ( 'NONE', #637, #240, #923, .T. ) ;
#2466 = DIRECTION ( 'NONE',  ( 0.000000000000000000, 0.000000000000000000, 1.000000000000000000 ) ) ;
#2467 = CARTESIAN_POINT ( 'NONE',  ( -56.00000000000000711, 55.99999999999999289, 2.999999999999999112 ) ) ;
#2468 = EDGE_LOOP ( 'NONE', ( #599, #126 ) ) ;
#2469 = EDGE_CURVE ( 'NONE', #1944, #1850, #2650, .T. ) ;
#2470 = ORIENTED_EDGE ( 'NONE', *, *, #1776, .F. ) ;
#2471 = AXIS2_PLACEMENT_3D ( 'NONE', #2364, #2404, #3526 ) ;
#2472 = ORIENTED_EDGE ( 'NONE', *, *, #1063, .T. ) ;
#2473 = DIRECTION ( 'NONE',  ( 0.000000000000000000, 0.000000000000000000, 1.000000000000000000 ) ) ;
#2474 = EDGE_CURVE ( 'NONE', #1303, #2858, #2778, .T. ) ;
#2475 = CIRCLE ( 'NONE', #882, 2.250000000000001776 ) ;
#2476 = CARTESIAN_POINT ( 'NONE',  ( -58.99999999999999289, -59.00000000000000000, 29.70000000000000995 ) ) ;
#2477 = DIRECTION ( 'NONE',  ( 1.000000000000000000, 0.000000000000000000, 0.000000000000000000 ) ) ;
#2478 = DIRECTION ( 'NONE',  ( 0.000000000000000000, 0.000000000000000000, -1.000000000000000000 ) ) ;
#2479 = VECTOR ( 'NONE', #642, 1000.000000000000000 ) ;
#2480 = DIRECTION ( 'NONE',  ( -0.000000000000000000, -0.000000000000000000, 1.000000000000000000 ) ) ;
#2481 = ORIENTED_EDGE ( 'NONE', *, *, #1925, .T. ) ;
#2482 = DIRECTION ( 'NONE',  ( -0.000000000000000000, -0.000000000000000000, -1.000000000000000000 ) ) ;
#2483 = CARTESIAN_POINT ( 'NONE',  ( 39.99999999999998579, 56.00000000000001421, 1.242640687119283216 ) ) ;
#2484 = CIRCLE ( 'NONE', #2045, 5.999999999999998224 ) ;
#2485 = CARTESIAN_POINT ( 'NONE',  ( -47.99999999999999289, -37.00000000000000000, 0.000000000000000000 ) ) ;
#2486 = DIRECTION ( 'NONE',  ( 0.000000000000000000, 0.000000000000000000, 1.000000000000000000 ) ) ;
#2487 = VECTOR ( 'NONE', #3379, 1000.000000000000000 ) ;
#2488 = CARTESIAN_POINT ( 'NONE',  ( -53.00000000000000000, -6.567167444769341256E-15, -0.000000000000000000 ) ) ;
#2489 = EDGE_LOOP ( 'NONE', ( #1004, #977, #2369, #3627 ) ) ;
#2490 = EDGE_CURVE ( 'NONE', #3485, #3099, #1288, .T. ) ;
#2491 = VERTEX_POINT ( 'NONE', #3616 ) ;
#2492 =( BOUNDED_CURVE ( )  B_SPLINE_CURVE ( 3, ( #2356, #3518, #2699, #2720 ),
 .UNSPECIFIED., .F., .F. ) 
 B_SPLINE_CURVE_WITH_KNOTS ( ( 4, 4 ),
 ( 4.712388980384689674, 6.283185307179586232 ),
 .UNSPECIFIED. ) 
 CURVE ( )  GEOMETRIC_REPRESENTATION_ITEM ( )  RATIONAL_B_SPLINE_CURVE ( ( 1.000000000000000000, 0.8047378541243649375, 0.8047378541243649375, 1.000000000000000000 ) ) 
 REPRESENTATION_ITEM ( '' )  );
#2493 = ORIENTED_EDGE ( 'NONE', *, *, #2116, .F. ) ;
#2494 = CARTESIAN_POINT ( 'NONE',  ( 48.00000000000000000, 48.00000000000000000, 5.699999999999987743 ) ) ;
#2495 = VECTOR ( 'NONE', #484, 1000.000000000000000 ) ;
#2496 = EDGE_CURVE ( 'NONE', #982, #1116, #3691, .T. ) ;
#2497 = LINE ( 'NONE', #3443, #572 ) ;
#2498 = CARTESIAN_POINT ( 'NONE',  ( 15.50000000000000711, -59.00000000000001421, 5.999999999999998224 ) ) ;
#2499 = FACE_OUTER_BOUND ( 'NONE', #1422, .T. ) ;
#2500 = CYLINDRICAL_SURFACE ( 'NONE', #3226, 2.250000000000001776 ) ;
#2501 = EDGE_LOOP ( 'NONE', ( #2283, #1541, #1049, #3175, #948, #2231, #2579, #3313, #3346, #1680, #3191, #3338 ) ) ;
#2502 = CARTESIAN_POINT ( 'NONE',  ( -39.49999999999999289, 56.00000000000000711, 5.999999999999998224 ) ) ;
#2503 = CARTESIAN_POINT ( 'NONE',  ( 39.99999999999999289, -56.00000000000000711, 3.000000000000000000 ) ) ;
#2504 = LINE ( 'NONE', #1904, #2213 ) ;
#2505 = CARTESIAN_POINT ( 'NONE',  ( -13.25000000000004796, 59.00000000000000000, 3.750000000000051958 ) ) ;
#2506 = DIRECTION ( 'NONE',  ( 0.000000000000000000, 0.000000000000000000, -1.000000000000000000 ) ) ;
#2507 = ORIENTED_EDGE ( 'NONE', *, *, #489, .T. ) ;
#2508 = ORIENTED_EDGE ( 'NONE', *, *, #2341, .F. ) ;
#2509 = DIRECTION ( 'NONE',  ( 1.000000000000000000, 0.000000000000000000, 0.000000000000000000 ) ) ;
#2510 = EDGE_CURVE ( 'NONE', #70, #425, #3549, .T. ) ;
#2511 = EDGE_CURVE ( 'NONE', #861, #1213, #3693, .T. ) ;
#2512 = LINE ( 'NONE', #813, #1125 ) ;
#2513 = CARTESIAN_POINT ( 'NONE',  ( 0.000000000000000000, 37.00000000000000000, -0.000000000000000000 ) ) ;
#2514 = PLANE ( 'NONE',  #172 ) ;
#2515 = EDGE_CURVE ( 'NONE', #849, #3220, #3350, .T. ) ;
#2516 = PLANE ( 'NONE',  #2671 ) ;
#2517 = VERTEX_POINT ( 'NONE', #1096 ) ;
#2518 = DIRECTION ( 'NONE',  ( 0.7071067811865383579, 0.000000000000000000, 0.7071067811865567876 ) ) ;
#2519 = EDGE_CURVE ( 'NONE', #127, #869, #3659, .T. ) ;
#2520 = DIRECTION ( 'NONE',  ( -0.000000000000000000, -0.000000000000000000, -1.000000000000000000 ) ) ;
#2521 = CARTESIAN_POINT ( 'NONE',  ( -53.34314575050760254, 61.00000000000000000, 30.00000000000000000 ) ) ;
#2522 = PLANE ( 'NONE',  #1327 ) ;
#2523 = VECTOR ( 'NONE', #2486, 1000.000000000000000 ) ;
#2524 = VECTOR ( 'NONE', #1886, 1000.000000000000000 ) ;
#2525 = VERTEX_POINT ( 'NONE', #1042 ) ;
#2526 = ORIENTED_EDGE ( 'NONE', *, *, #1556, .F. ) ;
#2527 = DIRECTION ( 'NONE',  ( 1.000000000000000000, 0.000000000000000000, 0.000000000000000000 ) ) ;
#2528 = DIRECTION ( 'NONE',  ( 0.000000000000000000, 1.000000000000000000, 0.000000000000000000 ) ) ;
#2529 = VECTOR ( 'NONE', #1815, 1000.000000000000000 ) ;
#2530 = CIRCLE ( 'NONE', #1371, 2.549999999999996714 ) ;
#2531 = CARTESIAN_POINT ( 'NONE',  ( -56.74999999999997158, -15.49999999999999467, 5.999999999999998224 ) ) ;
#2532 = CARTESIAN_POINT ( 'NONE',  ( 58.99999999999997868, 59.00000000000000711, -20.97056274847713908 ) ) ;
#2533 = CARTESIAN_POINT ( 'NONE',  ( -39.99999999999999289, -48.00000000000000000, 6.000000000000000000 ) ) ;
#2534 = EDGE_CURVE ( 'NONE', #2525, #2757, #3639, .T. ) ;
#2535 = VECTOR ( 'NONE', #238, 1000.000000000000114 ) ;
#2536 = ADVANCED_FACE ( 'NONE', ( #2236 ), #810, .T. ) ;
#2537 = LINE ( 'NONE', #2803, #2055 ) ;
#2538 = ORIENTED_EDGE ( 'NONE', *, *, #1777, .F. ) ;
#2539 = AXIS2_PLACEMENT_3D ( 'NONE', #2102, #909, #2417 ) ;
#2540 = CARTESIAN_POINT ( 'NONE',  ( -39.99999999999999289, 48.00000000000000000, 3.000000000000000000 ) ) ;
#2541 = DIRECTION ( 'NONE',  ( -0.000000000000000000, -0.000000000000000000, -1.000000000000000000 ) ) ;
#2542 = DIRECTION ( 'NONE',  ( -8.316167683706410871E-17, 0.7071067811865453523, -0.7071067811865496822 ) ) ;
#2543 = CONICAL_SURFACE ( 'NONE', #1020, 2.550000000000052225, 0.7853981633974815857 ) ;
#2544 = ORIENTED_EDGE ( 'NONE', *, *, #2378, .T. ) ;
#2545 = EDGE_CURVE ( 'NONE', #16, #3305, #2475, .T. ) ;
#2546 = ORIENTED_EDGE ( 'NONE', *, *, #284, .F. ) ;
#2547 = AXIS2_PLACEMENT_3D ( 'NONE', #2397, #1555, #2722 ) ;
#2548 = CARTESIAN_POINT ( 'NONE',  ( 47.99999999999999289, -48.00000000000000000, 3.000000000000000000 ) ) ;
#2549 = CARTESIAN_POINT ( 'NONE',  ( 47.99999999999999289, -48.00000000000000000, 6.000000000000000000 ) ) ;
#2550 = ORIENTED_EDGE ( 'NONE', *, *, #2628, .F. ) ;
#2551 = EDGE_CURVE ( 'NONE', #1323, #417, #755, .T. ) ;
#2552 = CARTESIAN_POINT ( 'NONE',  ( 58.99999999999997868, -59.00000000000000711, -20.97056274847713908 ) ) ;
#2553 = CARTESIAN_POINT ( 'NONE',  ( 64.99999999999997158, 59.00000000000000711, -20.97056274847713908 ) ) ;
#2554 = PLANE ( 'NONE',  #2729 ) ;
#2555 = AXIS2_PLACEMENT_3D ( 'NONE', #1184, #1470, #3510 ) ;
#2556 = DIRECTION ( 'NONE',  ( 0.000000000000000000, 0.000000000000000000, -1.000000000000000000 ) ) ;
#2557 = ORIENTED_EDGE ( 'NONE', *, *, #833, .T. ) ;
#2558 = CIRCLE ( 'NONE', #3351, 3.000000000000000000 ) ;
#2559 = CARTESIAN_POINT ( 'NONE',  ( 56.00000000000000711, 15.50000000000004086, 5.999999999999998224 ) ) ;
#2560 = CARTESIAN_POINT ( 'NONE',  ( 56.44999999999993889, -59.00000000000000000, 30.00000000000000000 ) ) ;
#2561 = LINE ( 'NONE', #2864, #718 ) ;
#2562 = ORIENTED_EDGE ( 'NONE', *, *, #2184, .F. ) ;
#2563 = ORIENTED_EDGE ( 'NONE', *, *, #45, .T. ) ;
#2564 = DIRECTION ( 'NONE',  ( 1.000000000000000000, 1.239088197126290817E-16, -0.000000000000000000 ) ) ;
#2565 = FACE_OUTER_BOUND ( 'NONE', #3356, .T. ) ;
#2566 = ORIENTED_EDGE ( 'NONE', *, *, #1078, .F. ) ;
#2567 = VECTOR ( 'NONE', #3452, 1000.000000000000000 ) ;
#2568 = ORIENTED_EDGE ( 'NONE', *, *, #2057, .F. ) ;
#2569 = LINE ( 'NONE', #1060, #3076 ) ;
#2570 = DIRECTION ( 'NONE',  ( 1.000000000000000000, 0.000000000000000000, 0.000000000000000000 ) ) ;
#2571 = CARTESIAN_POINT ( 'NONE',  ( -50.51471862576141092, 61.99999999999999289, -20.97056274847713908 ) ) ;
#2572 = EDGE_LOOP ( 'NONE', ( #3198, #248, #2256, #677 ) ) ;
#2573 = ADVANCED_FACE ( 'NONE', ( #3102 ), #3403, .T. ) ;
#2574 = CARTESIAN_POINT ( 'NONE',  ( 36.99999999999999289, 0.000000000000000000, 3.000000000000000000 ) ) ;
#2575 = PLANE ( 'NONE',  #614 ) ;
#2576 = DIRECTION ( 'NONE',  ( 1.000000000000000000, 0.000000000000000000, 0.000000000000000000 ) ) ;
#2577 = EDGE_CURVE ( 'NONE', #1405, #2943, #1792, .T. ) ;
#2578 = EDGE_CURVE ( 'NONE', #2601, #637, #3084, .T. ) ;
#2579 = ORIENTED_EDGE ( 'NONE', *, *, #1823, .F. ) ;
#2580 = CARTESIAN_POINT ( 'NONE',  ( 59.00000000000000711, 50.51471862576144645, 30.00000000000000000 ) ) ;
#2581 = CARTESIAN_POINT ( 'NONE',  ( -58.99999999999999289, 59.00000000000000000, 30.00000000000000000 ) ) ;
#2582 = AXIS2_PLACEMENT_3D ( 'NONE', #1301, #2751, #3342 ) ;
#2583 = EDGE_LOOP ( 'NONE', ( #365, #117, #1967, #1039 ) ) ;
#2584 = ORIENTED_EDGE ( 'NONE', *, *, #271, .F. ) ;
#2585 = PLANE ( 'NONE',  #3320 ) ;
#2586 = CARTESIAN_POINT ( 'NONE',  ( 53.00000000000000000, -37.00000000000000000, 0.000000000000000000 ) ) ;
#2587 = PRODUCT_DEFINITION_CONTEXT ( 'detailed design', #820, 'design' ) ;
#2588 = VECTOR ( 'NONE', #3176, 1000.000000000000000 ) ;
#2589 = EDGE_CURVE ( 'NONE', #2277, #958, #2217, .T. ) ;
#2590 = EDGE_LOOP ( 'NONE', ( #922, #1936, #3136, #1760 ) ) ;
#2591 = CARTESIAN_POINT ( 'NONE',  ( 39.99999999999999289, -48.00000000000000000, 3.000000000000000000 ) ) ;
#2592 = EDGE_LOOP ( 'NONE', ( #2139, #2610, #583, #686 ) ) ;
#2593 = AXIS2_PLACEMENT_3D ( 'NONE', #3357, #418, #746 ) ;
#2594 = CARTESIAN_POINT ( 'NONE',  ( 39.99999999999999289, 48.00000000000000000, 3.000000000000000000 ) ) ;
#2595 = CARTESIAN_POINT ( 'NONE',  ( 39.99999999999999289, 48.00000000000000000, 3.000000000000000000 ) ) ;
#2596 = CARTESIAN_POINT ( 'NONE',  ( 45.75000000000000000, 48.00000000000000000, 0.000000000000000000 ) ) ;
#2597 = CARTESIAN_POINT ( 'NONE',  ( 53.34314575050760254, 61.00000000000000711, -4.000000000000000000 ) ) ;
#2598 = VECTOR ( 'NONE', #3554, 1000.000000000000000 ) ;
#2599 = CARTESIAN_POINT ( 'NONE',  ( 58.99999999999997868, 13.25000000000003908, 30.00000000000000000 ) ) ;
#2600 = ORIENTED_EDGE ( 'NONE', *, *, #1414, .T. ) ;
#2601 = VERTEX_POINT ( 'NONE', #1660 ) ;
#2602 = DIRECTION ( 'NONE',  ( 0.000000000000000000, 0.000000000000000000, 1.000000000000000000 ) ) ;
#2603 = CARTESIAN_POINT ( 'NONE',  ( -58.99999999999997868, 59.00000000000000711, -4.000000000000000000 ) ) ;
#2604 = VECTOR ( 'NONE', #3498, 1000.000000000000000 ) ;
#2605 = DIRECTION ( 'NONE',  ( 1.000000000000000000, 0.000000000000000000, 0.000000000000000000 ) ) ;
#2606 = EDGE_CURVE ( 'NONE', #3220, #3431, #3014, .T. ) ;
#2607 = ORIENTED_EDGE ( 'NONE', *, *, #3472, .F. ) ;
#2608 = CARTESIAN_POINT ( 'NONE',  ( 10.33333333333336235, -61.91666666666666430, 0.8333333333333508008 ) ) ;
#2609 = ORIENTED_EDGE ( 'NONE', *, *, #2926, .T. ) ;
#2610 = ORIENTED_EDGE ( 'NONE', *, *, #3702, .F. ) ;
#2611 = PLANE ( 'NONE',  #3622 ) ;
#2612 = VECTOR ( 'NONE', #3731, 1000.000000000000000 ) ;
#2613 = CARTESIAN_POINT ( 'NONE',  ( -41.74999999999995026, 58.99999999999999289, 3.750000000000051958 ) ) ;
#2614 = FACE_OUTER_BOUND ( 'NONE', #1252, .T. ) ;
#2615 = DIRECTION ( 'NONE',  ( -0.000000000000000000, 0.000000000000000000, 1.000000000000000000 ) ) ;
#2616 = CARTESIAN_POINT ( 'NONE',  ( -13.25000000000004619, 59.00000000000000000, 30.00000000000000355 ) ) ;
#2617 = VERTEX_POINT ( 'NONE', #1378 ) ;
#2618 = ORIENTED_EDGE ( 'NONE', *, *, #2677, .T. ) ;
#2619 = DIRECTION ( 'NONE',  ( -1.000000000000000000, -1.239088197126290817E-16, -0.000000000000000000 ) ) ;
#2620 = FACE_OUTER_BOUND ( 'NONE', #2681, .T. ) ;
#2621 = CARTESIAN_POINT ( 'NONE',  ( -55.99999999999998579, -40.00000000000000000, 1.242640687119285436 ) ) ;
#2622 = EDGE_CURVE ( 'NONE', #899, #240, #3144, .T. ) ;
#2623 = ADVANCED_FACE ( 'NONE', ( #1362 ), #33, .F. ) ;
#2624 = ORIENTED_EDGE ( 'NONE', *, *, #1983, .F. ) ;
#2625 = AXIS2_PLACEMENT_3D ( 'NONE', #1300, #3629, #3072 ) ;
#2626 = FACE_OUTER_BOUND ( 'NONE', #384, .T. ) ;
#2627 = ORIENTED_EDGE ( 'NONE', *, *, #633, .T. ) ;
#2628 = EDGE_CURVE ( 'NONE', #2923, #1411, #1058, .T. ) ;
#2629 = LINE ( 'NONE', #1444, #998 ) ;
#2630 = FACE_OUTER_BOUND ( 'NONE', #3061, .T. ) ;
#2631 = CARTESIAN_POINT ( 'NONE',  ( -50.51471862576141092, 61.99999999999999289, -4.000000000000000000 ) ) ;
#2632 = EDGE_CURVE ( 'NONE', #2876, #794, #2951, .T. ) ;
#2633 = LINE ( 'NONE', #2616, #3587 ) ;
#2634 = EDGE_LOOP ( 'NONE', ( #2978, #3139, #3100, #3511, #3267, #964, #2546, #2844, #62, #753, #2333, #2674 ) ) ;
#2635 = EDGE_LOOP ( 'NONE', ( #2251, #1377, #443, #100 ) ) ;
#2636 = EDGE_LOOP ( 'NONE', ( #2946, #3657, #2718, #790 ) ) ;
#2637 = CYLINDRICAL_SURFACE ( 'NONE', #1972, 2.250000000000001776 ) ;
#2638 = CARTESIAN_POINT ( 'NONE',  ( 52.99999999999999289, 37.00000000000000000, 0.000000000000000000 ) ) ;
#2639 = AXIS2_PLACEMENT_3D ( 'NONE', #460, #3413, #683 ) ;
#2640 = VECTOR ( 'NONE', #1408, 1000.000000000000000 ) ;
#2641 = ORIENTED_EDGE ( 'NONE', *, *, #2589, .F. ) ;
#2642 = DIRECTION ( 'NONE',  ( -0.000000000000000000, -0.000000000000000000, -1.000000000000000000 ) ) ;
#2643 = ORIENTED_EDGE ( 'NONE', *, *, #784, .F. ) ;
#2644 = EDGE_CURVE ( 'NONE', #3099, #25, #3422, .T. ) ;
#2645 = EDGE_CURVE ( 'NONE', #240, #899, #93, .T. ) ;
#2646 = VERTEX_POINT ( 'NONE', #2597 ) ;
#2647 = AXIS2_PLACEMENT_3D ( 'NONE', #487, #1381, #3677 ) ;
#2648 = CIRCLE ( 'NONE', #3083, 2.550000000000010481 ) ;
#2649 = DIRECTION ( 'NONE',  ( -1.176083712526648949E-16, 1.000000000000000000, -0.000000000000000000 ) ) ;
#2650 = CIRCLE ( 'NONE', #2836, 2.250000000000001776 ) ;
#2651 = EDGE_CURVE ( 'NONE', #1205, #1542, #555, .T. ) ;
#2652 = CARTESIAN_POINT ( 'NONE',  ( -58.99999999999997868, -59.00000000000000711, 30.00000000000000000 ) ) ;
#2653 = DIRECTION ( 'NONE',  ( 0.000000000000000000, -0.000000000000000000, 1.000000000000000000 ) ) ;
#2654 = ORIENTED_EDGE ( 'NONE', *, *, #3712, .T. ) ;
#2655 = VERTEX_POINT ( 'NONE', #1716 ) ;
#2656 = VERTEX_POINT ( 'NONE', #3173 ) ;
#2657 = VECTOR ( 'NONE', #1193, 1000.000000000000000 ) ;
#2658 = DIRECTION ( 'NONE',  ( -0.000000000000000000, -0.000000000000000000, -1.000000000000000000 ) ) ;
#2659 = CARTESIAN_POINT ( 'NONE',  ( 48.00000000000000000, -48.00000000000000000, 5.699999999999984190 ) ) ;
#2660 = EDGE_CURVE ( 'NONE', #60, #2525, #274, .T. ) ;
#2661 = ORIENTED_EDGE ( 'NONE', *, *, #717, .T. ) ;
#2662 = CIRCLE ( 'NONE', #1383, 2.250000000000001776 ) ;
#2663 = CARTESIAN_POINT ( 'NONE',  ( 48.00000000000000000, -48.00000000000000000, 5.699999999999984190 ) ) ;
#2664 = VERTEX_POINT ( 'NONE', #376 ) ;
#2665 = ADVANCED_FACE ( 'NONE', ( #2565 ), #2990, .F. ) ;
#2666 = EDGE_LOOP ( 'NONE', ( #1415, #2433, #1780, #2058 ) ) ;
#2667 = CARTESIAN_POINT ( 'NONE',  ( -56.44999999999993889, 59.00000000000000000, 30.00000000000000000 ) ) ;
#2668 = DIRECTION ( 'NONE',  ( 1.000000000000000000, 0.000000000000000000, 0.000000000000000000 ) ) ;
#2669 = DIRECTION ( 'NONE',  ( -1.000000000000000000, 0.000000000000000000, 0.000000000000000000 ) ) ;
#2670 = PLANE ( 'NONE',  #239 ) ;
#2671 = AXIS2_PLACEMENT_3D ( 'NONE', #1954, #1351, #207 ) ;
#2672 = ORIENTED_EDGE ( 'NONE', *, *, #2519, .T. ) ;
#2673 = ORIENTED_EDGE ( 'NONE', *, *, #546, .F. ) ;
#2674 = ORIENTED_EDGE ( 'NONE', *, *, #2464, .T. ) ;
#2675 = CARTESIAN_POINT ( 'NONE',  ( -39.99999999999999289, 0.000000000000000000, 6.000000000000000000 ) ) ;
#2676 = LINE ( 'NONE', #314, #2242 ) ;
#2677 = EDGE_CURVE ( 'NONE', #2491, #2858, #1314, .T. ) ;
#2678 = ORIENTED_EDGE ( 'NONE', *, *, #1273, .F. ) ;
#2679 = DIRECTION ( 'NONE',  ( -0.7071067811865711095, 8.659560562355222518E-17, 0.7071067811865240360 ) ) ;
#2680 = CYLINDRICAL_SURFACE ( 'NONE', #3088, 8.000000000000000000 ) ;
#2681 = EDGE_LOOP ( 'NONE', ( #2557, #2004, #1628, #2095, #392, #2941, #1160, #208 ) ) ;
#2682 = EDGE_LOOP ( 'NONE', ( #697, #2200, #2673, #2376 ) ) ;
#2683 = VECTOR ( 'NONE', #1124, 1000.000000000000000 ) ;
#2684 = CARTESIAN_POINT ( 'NONE',  ( 50.51471862576141802, 62.00000000000000711, -20.97056274847713908 ) ) ;
#2685 = DIRECTION ( 'NONE',  ( 0.000000000000000000, 0.000000000000000000, 1.000000000000000000 ) ) ;
#2686 = DIRECTION ( 'NONE',  ( 1.000000000000000000, -1.239088197126290817E-16, 0.000000000000000000 ) ) ;
#2687 = ADVANCED_FACE ( 'NONE', ( #1429 ), #3767, .T. ) ;
#2688 = CARTESIAN_POINT ( 'NONE',  ( 61.24999999999999289, -59.00000000000000000, 24.00000000000000000 ) ) ;
#2689 = EDGE_CURVE ( 'NONE', #770, #1981, #5, .T. ) ;
#2690 = PLANE ( 'NONE',  #3129 ) ;
#2691 = ORIENTED_EDGE ( 'NONE', *, *, #3467, .T. ) ;
#2692 = ADVANCED_FACE ( 'NONE', ( #3188 ), #2029, .F. ) ;
#2693 = ORIENTED_EDGE ( 'NONE', *, *, #45, .F. ) ;
#2694 = ORIENTED_EDGE ( 'NONE', *, *, #1177, .F. ) ;
#2695 = FACE_OUTER_BOUND ( 'NONE', #2320, .T. ) ;
#2696 = LINE ( 'NONE', #1245, #2114 ) ;
#2697 = ORIENTED_EDGE ( 'NONE', *, *, #2622, .F. ) ;
#2698 = FACE_OUTER_BOUND ( 'NONE', #2874, .T. ) ;
#2699 = CARTESIAN_POINT ( 'NONE',  ( -39.99999999999999289, -56.00000000000000711, 1.242640687119285214 ) ) ;
#2700 = EDGE_LOOP ( 'NONE', ( #2021, #1491, #1471, #153 ) ) ;
#2701 = VECTOR ( 'NONE', #569, 1000.000000000000000 ) ;
#2702 = DIRECTION ( 'NONE',  ( -0.000000000000000000, -0.000000000000000000, -1.000000000000000000 ) ) ;
#2703 = VERTEX_POINT ( 'NONE', #2275 ) ;
#2704 = CARTESIAN_POINT ( 'NONE',  ( 0.000000000000000000, 0.000000000000000000, 0.000000000000000000 ) ) ;
#2705 = LINE ( 'NONE', #2785, #3750 ) ;
#2706 = LINE ( 'NONE', #1841, #2811 ) ;
#2707 = AXIS2_PLACEMENT_3D ( 'NONE', #834, #202, #3368 ) ;
#2708 = ADVANCED_FACE ( 'NONE', ( #1147 ), #2308, .F. ) ;
#2709 = LINE ( 'NONE', #3588, #91 ) ;
#2710 = AXIS2_PLACEMENT_3D ( 'NONE', #3157, #1984, #2899 ) ;
#2711 = DIRECTION ( 'NONE',  ( -1.239088197126290817E-16, 1.000000000000000000, 0.000000000000000000 ) ) ;
#2712 = ORIENTED_EDGE ( 'NONE', *, *, #2972, .F. ) ;
#2713 = ORIENTED_EDGE ( 'NONE', *, *, #1305, .T. ) ;
#2714 = ORIENTED_EDGE ( 'NONE', *, *, #3031, .T. ) ;
#2715 = CARTESIAN_POINT ( 'NONE',  ( 55.99999999999999289, -40.00000000000000000, 6.000000000000000000 ) ) ;
#2716 = CARTESIAN_POINT ( 'NONE',  ( -61.55000000000003979, 59.00000000000000000, 30.00000000000000000 ) ) ;
#2717 = VECTOR ( 'NONE', #1081, 1000.000000000000000 ) ;
#2718 = ORIENTED_EDGE ( 'NONE', *, *, #3712, .F. ) ;
#2719 = DIRECTION ( 'NONE',  ( -0.000000000000000000, 0.000000000000000000, 1.000000000000000000 ) ) ;
#2720 = CARTESIAN_POINT ( 'NONE',  ( -39.99999999999999289, -56.00000000000000711, 3.000000000000000000 ) ) ;
#2721 = CARTESIAN_POINT ( 'NONE',  ( 53.34314575050760254, -61.00000000000000000, 30.00000000000000000 ) ) ;
#2722 = DIRECTION ( 'NONE',  ( 1.000000000000000000, 0.000000000000000000, 0.000000000000000000 ) ) ;
#2723 = VECTOR ( 'NONE', #3488, 1000.000000000000000 ) ;
#2724 = DIRECTION ( 'NONE',  ( 0.000000000000000000, 0.000000000000000000, 1.000000000000000000 ) ) ;
#2725 = PLANE ( 'NONE',  #2917 ) ;
#2726 = ORIENTED_EDGE ( 'NONE', *, *, #1799, .F. ) ;
#2727 = LINE ( 'NONE', #3009, #824 ) ;
#2728 = FACE_OUTER_BOUND ( 'NONE', #1040, .T. ) ;
#2729 = AXIS2_PLACEMENT_3D ( 'NONE', #3719, #245, #3251 ) ;
#2730 = DIRECTION ( 'NONE',  ( 0.000000000000000000, 0.000000000000000000, 1.000000000000000000 ) ) ;
#2731 = FACE_OUTER_BOUND ( 'NONE', #984, .T. ) ;
#2732 = ORIENTED_EDGE ( 'NONE', *, *, #1114, .T. ) ;
#2733 = VECTOR ( 'NONE', #914, 1000.000000000000000 ) ;
#2734 = ORIENTED_EDGE ( 'NONE', *, *, #2793, .F. ) ;
#2735 = EDGE_LOOP ( 'NONE', ( #1657, #2795, #557, #663, #424, #1175, #3493, #145, #2996, #1728, #3272, #3166 ) ) ;
#2736 = CARTESIAN_POINT ( 'NONE',  ( 59.00000000000001421, 13.25000000000002487, 30.00000000000000355 ) ) ;
#2737 = CIRCLE ( 'NONE', #1092, 2.550000000000024691 ) ;
#2738 = ORIENTED_EDGE ( 'NONE', *, *, #1388, .F. ) ;
#2739 = DIRECTION ( 'NONE',  ( 1.000000000000000000, 0.000000000000000000, 0.000000000000000000 ) ) ;
#2740 = PLANE ( 'NONE',  #3569 ) ;
#2741 = CARTESIAN_POINT ( 'NONE',  ( 48.00000000000000000, -48.00000000000000000, 6.000000000000000000 ) ) ;
#2742 = CARTESIAN_POINT ( 'NONE',  ( 59.00000000000000711, 59.00000000000000711, -4.000000000000000000 ) ) ;
#2743 = EDGE_CURVE ( 'NONE', #3296, #383, #2325, .T. ) ;
#2744 = EDGE_CURVE ( 'NONE', #483, #3779, #3631, .T. ) ;
#2745 = LINE ( 'NONE', #95, #603 ) ;
#2746 = VERTEX_POINT ( 'NONE', #306 ) ;
#2747 = EDGE_CURVE ( 'NONE', #1395, #2664, #573, .T. ) ;
#2748 = LINE ( 'NONE', #437, #1736 ) ;
#2749 = PLANE ( 'NONE',  #2383 ) ;
#2750 = VECTOR ( 'NONE', #3507, 1000.000000000000000 ) ;
#2751 = DIRECTION ( 'NONE',  ( -1.000000000000000000, 0.000000000000000000, 0.000000000000000000 ) ) ;
#2752 = EDGE_CURVE ( 'NONE', #1778, #920, #2338, .T. ) ;
#2753 = VECTOR ( 'NONE', #2686, 1000.000000000000000 ) ;
#2754 = DIRECTION ( 'NONE',  ( 0.000000000000000000, -0.000000000000000000, 1.000000000000000000 ) ) ;
#2755 = ORIENTED_EDGE ( 'NONE', *, *, #2545, .T. ) ;
#2756 = ORIENTED_EDGE ( 'NONE', *, *, #2644, .F. ) ;
#2757 = VERTEX_POINT ( 'NONE', #3208 ) ;
#2758 = CARTESIAN_POINT ( 'NONE',  ( 0.000000000000000000, 37.00000000000000000, 3.000000000000000000 ) ) ;
#2759 = DIRECTION ( 'NONE',  ( -0.000000000000000000, -0.000000000000000000, -1.000000000000000000 ) ) ;
#2760 = FACE_OUTER_BOUND ( 'NONE', #2199, .T. ) ;
#2761 = DIRECTION ( 'NONE',  ( 0.000000000000000000, 0.000000000000000000, 1.000000000000000000 ) ) ;
#2762 = DIRECTION ( 'NONE',  ( -0.000000000000000000, -0.000000000000000000, 1.000000000000000000 ) ) ;
#2763 = ORIENTED_EDGE ( 'NONE', *, *, #1275, .F. ) ;
#2764 = EDGE_CURVE ( 'NONE', #417, #1791, #2832, .T. ) ;
#2765 = DIRECTION ( 'NONE',  ( -0.000000000000000000, -0.000000000000000000, 1.000000000000000000 ) ) ;
#2766 = CARTESIAN_POINT ( 'NONE',  ( 39.99999999999999289, -55.99999999999998579, 1.242640687119284770 ) ) ;
#2767 = PRODUCT_DEFINITION_FORMATION_WITH_SPECIFIED_SOURCE ( 'ANY', '', #1931, .NOT_KNOWN. ) ;
#2768 = CYLINDRICAL_SURFACE ( 'NONE', #1725, 2.250000000000001776 ) ;
#2769 = CARTESIAN_POINT ( 'NONE',  ( 58.99999999999999289, 59.00000000000000000, 29.70000000000000995 ) ) ;
#2770 = DIRECTION ( 'NONE',  ( -1.000000000000000000, 0.000000000000000000, 0.000000000000000000 ) ) ;
#2771 = ORIENTED_EDGE ( 'NONE', *, *, #738, .T. ) ;
#2772 = ORIENTED_EDGE ( 'NONE', *, *, #123, .T. ) ;
#2773 = ADVANCED_FACE ( 'NONE', ( #539 ), #1468, .F. ) ;
#2774 = CONICAL_SURFACE ( 'NONE', #2403, 2.250000000000001776, 0.7853981633974640442 ) ;
#2775 = EDGE_LOOP ( 'NONE', ( #2507, #2276 ) ) ;
#2776 = AXIS2_PLACEMENT_3D ( 'NONE', #446, #1346, #2509 ) ;
#2777 = DIRECTION ( 'NONE',  ( -0.000000000000000000, -0.000000000000000000, -1.000000000000000000 ) ) ;
#2778 = CIRCLE ( 'NONE', #3504, 5.999999999999998224 ) ;
#2779 = CARTESIAN_POINT ( 'NONE',  ( 47.99999999999999289, -40.00000000000000000, 3.000000000000000000 ) ) ;
#2780 = DIRECTION ( 'NONE',  ( -0.000000000000000000, -0.000000000000000000, 1.000000000000000000 ) ) ;
#2781 = CARTESIAN_POINT ( 'NONE',  ( 56.74999999999997868, 15.50000000000004086, 30.00000000000000000 ) ) ;
#2782 = AXIS2_PLACEMENT_3D ( 'NONE', #682, #1270, #2440 ) ;
#2783 = DIRECTION ( 'NONE',  ( 0.000000000000000000, 1.000000000000000000, 0.000000000000000000 ) ) ;
#2784 = EDGE_LOOP ( 'NONE', ( #139, #2624, #2526, #2712 ) ) ;
#2785 = CARTESIAN_POINT ( 'NONE',  ( 61.24999999999999289, 59.00000000000000000, 24.00000000000000000 ) ) ;
#2786 = CARTESIAN_POINT ( 'NONE',  ( 38.75735931288070901, 54.75735931288072322, -1.843453548826058379E-15 ) ) ;
#2787 = CIRCLE ( 'NONE', #2108, 2.999999999999995559 ) ;
#2788 = EDGE_CURVE ( 'NONE', #2396, #2525, #1700, .T. ) ;
#2789 = CARTESIAN_POINT ( 'NONE',  ( 64.99999999999997158, 59.00000000000000711, -4.000000000000000000 ) ) ;
#2790 = CARTESIAN_POINT ( 'NONE',  ( -53.80384757729334666, -56.00000000000000711, -20.97056274847713908 ) ) ;
#2791 = PLANE ( 'NONE',  #1201 ) ;
#2792 = ORIENTED_EDGE ( 'NONE', *, *, #3344, .F. ) ;
#2793 = EDGE_CURVE ( 'NONE', #3689, #558, #950, .T. ) ;
#2794 = EDGE_LOOP ( 'NONE', ( #2804, #364, #2641, #1826 ) ) ;
#2795 = ORIENTED_EDGE ( 'NONE', *, *, #1909, .T. ) ;
#2796 = CARTESIAN_POINT ( 'NONE',  ( 59.00000000000000711, 59.00000000000000711, 3.750000000000051958 ) ) ;
#2797 = ADVANCED_FACE ( 'NONE', ( #3318 ), #1919, .F. ) ;
#2798 = CIRCLE ( 'NONE', #3521, 3.000000000000000000 ) ;
#2799 = DIRECTION ( 'NONE',  ( 0.000000000000000000, 0.000000000000000000, 1.000000000000000000 ) ) ;
#2800 = CARTESIAN_POINT ( 'NONE',  ( 59.00000000000000711, 59.00000000000000711, -4.000000000000000000 ) ) ;
#2801 = EDGE_CURVE ( 'NONE', #919, #2849, #1536, .T. ) ;
#2802 = DIRECTION ( 'NONE',  ( -1.000000000000000000, 0.000000000000000000, 0.000000000000000000 ) ) ;
#2803 = CARTESIAN_POINT ( 'NONE',  ( 45.75000000000000000, 48.00000000000000000, 5.699999999999987743 ) ) ;
#2804 = ORIENTED_EDGE ( 'NONE', *, *, #2060, .T. ) ;
#2805 = FACE_OUTER_BOUND ( 'NONE', #2501, .T. ) ;
#2806 = LINE ( 'NONE', #1035, #2524 ) ;
#2807 = CYLINDRICAL_SURFACE ( 'NONE', #1467, 2.250000000000001776 ) ;
#2808 = PLANE ( 'NONE',  #592 ) ;
#2809 = ORIENTED_EDGE ( 'NONE', *, *, #2385, .T. ) ;
#2810 = ORIENTED_EDGE ( 'NONE', *, *, #1545, .T. ) ;
#2811 = VECTOR ( 'NONE', #3319, 1000.000000000000000 ) ;
#2812 = EDGE_CURVE ( 'NONE', #1206, #566, #2705, .T. ) ;
#2813 = DIRECTION ( 'NONE',  ( -0.7071067811865378028, -0.7071067811865573427, 0.000000000000000000 ) ) ;
#2814 = CARTESIAN_POINT ( 'NONE',  ( 56.74999999999997868, 6.674275068588731150E-15, 5.999999999999998224 ) ) ;
#2815 = EDGE_CURVE ( 'NONE', #901, #2894, #3091, .T. ) ;
#2816 = CARTESIAN_POINT ( 'NONE',  ( 39.99999999999999289, -56.00000000000000711, 3.000000000000000000 ) ) ;
#2817 = DIRECTION ( 'NONE',  ( 1.000000000000000000, 0.000000000000000000, 0.000000000000000000 ) ) ;
#2818 = DIRECTION ( 'NONE',  ( -0.000000000000000000, 0.000000000000000000, -1.000000000000000000 ) ) ;
#2819 = DIRECTION ( 'NONE',  ( 0.000000000000000000, 0.000000000000000000, 1.000000000000000000 ) ) ;
#2820 = VERTEX_POINT ( 'NONE', #3648 ) ;
#2821 = CARTESIAN_POINT ( 'NONE',  ( 6.567167444769341256E-15, -53.00000000000000000, 0.000000000000000000 ) ) ;
#2822 = DIRECTION ( 'NONE',  ( 1.000000000000000000, 1.239088197126290817E-16, -0.000000000000000000 ) ) ;
#2823 = FACE_OUTER_BOUND ( 'NONE', #1772, .T. ) ;
#2824 = VECTOR ( 'NONE', #3724, 1000.000000000000000 ) ;
#2825 = EDGE_CURVE ( 'NONE', #869, #1726, #1486, .T. ) ;
#2826 = VERTEX_POINT ( 'NONE', #3628 ) ;
#2827 = ORIENTED_EDGE ( 'NONE', *, *, #2258, .F. ) ;
#2828 = CARTESIAN_POINT ( 'NONE',  ( -56.00000000000000711, 55.99999999999999289, 30.00000000000000000 ) ) ;
#2829 = DIRECTION ( 'NONE',  ( 1.000000000000000000, 1.176083712526648949E-16, 0.000000000000000000 ) ) ;
#2830 = AXIS2_PLACEMENT_3D ( 'NONE', #1331, #2833, #221 ) ;
#2831 = EDGE_LOOP ( 'NONE', ( #3231, #2967, #362, #1056 ) ) ;
#2832 = CIRCLE ( 'NONE', #2710, 3.000000000000002665 ) ;
#2833 = DIRECTION ( 'NONE',  ( 0.000000000000000000, -0.000000000000000000, -1.000000000000000000 ) ) ;
#2834 = DIRECTION ( 'NONE',  ( -1.239088197126290817E-16, 1.000000000000000000, 0.000000000000000000 ) ) ;
#2835 = DIRECTION ( 'NONE',  ( 0.000000000000000000, 0.000000000000000000, 1.000000000000000000 ) ) ;
#2836 = AXIS2_PLACEMENT_3D ( 'NONE', #1526, #427, #2997 ) ;
#2837 = DIRECTION ( 'NONE',  ( -1.239088197126290570E-16, 1.000000000000000000, 0.000000000000000000 ) ) ;
#2838 = EDGE_LOOP ( 'NONE', ( #2358, #1567, #2544, #454 ) ) ;
#2839 = AXIS2_PLACEMENT_3D ( 'NONE', #3758, #530, #1460 ) ;
#2840 = FACE_OUTER_BOUND ( 'NONE', #2489, .T. ) ;
#2841 = DIRECTION ( 'NONE',  ( -1.000000000000000000, 0.000000000000000000, 0.000000000000000000 ) ) ;
#2842 = CARTESIAN_POINT ( 'NONE',  ( 59.00000000000001421, 15.50000000000004086, 5.999999999999998224 ) ) ;
#2843 = CIRCLE ( 'NONE', #1988, 2.250000000000001776 ) ;
#2844 = ORIENTED_EDGE ( 'NONE', *, *, #109, .F. ) ;
#2845 = ORIENTED_EDGE ( 'NONE', *, *, #2998, .F. ) ;
#2846 = AXIS2_PLACEMENT_3D ( 'NONE', #196, #1410, #3152 ) ;
#2847 = DIRECTION ( 'NONE',  ( -0.000000000000000000, 0.000000000000000000, 1.000000000000000000 ) ) ;
#2848 = DIRECTION ( 'NONE',  ( 0.5773502691896280625, 0.5773502691896245098, -0.5773502691896246208 ) ) ;
#2849 = VERTEX_POINT ( 'NONE', #1582 ) ;
#2850 = ORIENTED_EDGE ( 'NONE', *, *, #2116, .T. ) ;
#2851 = LINE ( 'NONE', #2239, #3497 ) ;
#2852 =( NAMED_UNIT ( * ) PLANE_ANGLE_UNIT ( ) SI_UNIT ( $, .RADIAN. ) );
#2853 = CARTESIAN_POINT ( 'NONE',  ( 13.25000000000000711, -59.00000000000000000, 30.00000000000000000 ) ) ;
#2854 = EDGE_CURVE ( 'NONE', #3512, #2266, #2748, .T. ) ;
#2855 = UNCERTAINTY_MEASURE_WITH_UNIT (LENGTH_MEASURE( 1.000000000000000082E-05 ), #1684, 'distance_accuracy_value', 'NONE');
#2856 = VECTOR ( 'NONE', #2564, 1000.000000000000000 ) ;
#2857 = FACE_OUTER_BOUND ( 'NONE', #2393, .T. ) ;
#2858 = VERTEX_POINT ( 'NONE', #707 ) ;
#2859 = EDGE_CURVE ( 'NONE', #585, #861, #1670, .T. ) ;
#2860 = ADVANCED_FACE ( 'NONE', ( #1255 ), #2171, .F. ) ;
#2861 = ORIENTED_EDGE ( 'NONE', *, *, #1497, .T. ) ;
#2862 = DIRECTION ( 'NONE',  ( -1.000000000000000000, -1.239088197126290817E-16, 0.000000000000000000 ) ) ;
#2863 = CYLINDRICAL_SURFACE ( 'NONE', #3601, 3.000000000000002665 ) ;
#2864 = CARTESIAN_POINT ( 'NONE',  ( -61.55000000000003979, 59.00000000000000000, 30.00000000000000000 ) ) ;
#2865 = VERTEX_POINT ( 'NONE', #2152 ) ;
#2866 = CARTESIAN_POINT ( 'NONE',  ( 13.25000000000000533, -59.00000000000000711, 30.00000000000000000 ) ) ;
#2867 = CARTESIAN_POINT ( 'NONE',  ( 59.00000000000000711, 59.00000000000000711, -4.000000000000000000 ) ) ;
#2868 = ORIENTED_EDGE ( 'NONE', *, *, #64, .T. ) ;
#2869 = ORIENTED_EDGE ( 'NONE', *, *, #3341, .F. ) ;
#2870 = CARTESIAN_POINT ( 'NONE',  ( 13.25000000000000533, -59.00000000000000000, 30.00000000000000355 ) ) ;
#2871 = DIRECTION ( 'NONE',  ( -0.000000000000000000, -0.000000000000000000, -1.000000000000000000 ) ) ;
#2872 = AXIS2_PLACEMENT_3D ( 'NONE', #1866, #915, #2668 ) ;
#2873 = DIRECTION ( 'NONE',  ( -1.239088197126290817E-16, 1.000000000000000000, -0.000000000000000000 ) ) ;
#2874 = EDGE_LOOP ( 'NONE', ( #3348, #2914 ) ) ;
#2875 = DIRECTION ( 'NONE',  ( 0.000000000000000000, -1.000000000000000000, 0.000000000000000000 ) ) ;
#2876 = VERTEX_POINT ( 'NONE', #1600 ) ;
#2877 = ORIENTED_EDGE ( 'NONE', *, *, #351, .T. ) ;
#2878 = EDGE_CURVE ( 'NONE', #2317, #3618, #1853, .T. ) ;
#2879 = DIRECTION ( 'NONE',  ( 0.000000000000000000, 0.000000000000000000, 1.000000000000000000 ) ) ;
#2880 = CARTESIAN_POINT ( 'NONE',  ( 56.74999999999997158, 39.50000000000004263, 30.00000000000000000 ) ) ;
#2881 = DIRECTION ( 'NONE',  ( -1.000000000000000000, 0.000000000000000000, 0.000000000000000000 ) ) ;
#2882 = DIRECTION ( 'NONE',  ( 1.850371707708596969E-14, -1.000000000000000000, 0.000000000000000000 ) ) ;
#2883 = CONICAL_SURFACE ( 'NONE', #3491, 2.250000000000001776, 0.7853981633974640442 ) ;
#2884 = ADVANCED_FACE ( 'NONE', ( #1865 ), #154, .T. ) ;
#2885 = EDGE_LOOP ( 'NONE', ( #1344, #2693, #2451, #3401 ) ) ;
#2886 = ORIENTED_EDGE ( 'NONE', *, *, #3224, .T. ) ;
#2887 = CARTESIAN_POINT ( 'NONE',  ( 0.000000000000000000, 0.000000000000000000, 6.000000000000000000 ) ) ;
#2888 = CARTESIAN_POINT ( 'NONE',  ( -55.99999999999999289, -40.00000000000000000, 6.000000000000000000 ) ) ;
#2889 = AXIS2_PLACEMENT_3D ( 'NONE', #661, #2164, #2739 ) ;
#2890 = LINE ( 'NONE', #2007, #112 ) ;
#2891 = VECTOR ( 'NONE', #1520, 1000.000000000000114 ) ;
#2892 = VERTEX_POINT ( 'NONE', #2461 ) ;
#2893 = DIRECTION ( 'NONE',  ( 0.000000000000000000, -0.000000000000000000, -1.000000000000000000 ) ) ;
#2894 = VERTEX_POINT ( 'NONE', #1884 ) ;
#2895 = DIRECTION ( 'NONE',  ( 0.000000000000000000, 1.000000000000000000, 0.000000000000000000 ) ) ;
#2896 = DIRECTION ( 'NONE',  ( 0.000000000000000000, 0.000000000000000000, -1.000000000000000000 ) ) ;
#2897 = CYLINDRICAL_SURFACE ( 'NONE', #1927, 2.250000000000001776 ) ;
#2898 = AXIS2_PLACEMENT_3D ( 'NONE', #2498, #203, #1896 ) ;
#2899 = DIRECTION ( 'NONE',  ( -1.000000000000000000, 0.000000000000000000, 0.000000000000000000 ) ) ;
#2900 = CIRCLE ( 'NONE', #394, 2.250000000000001776 ) ;
#2901 = EDGE_CURVE ( 'NONE', #3430, #551, #3052, .T. ) ;
#2902 = FACE_OUTER_BOUND ( 'NONE', #2635, .T. ) ;
#2903 = ORIENTED_EDGE ( 'NONE', *, *, #3467, .F. ) ;
#2904 = VECTOR ( 'NONE', #1446, 1000.000000000000000 ) ;
#2905 = VERTEX_POINT ( 'NONE', #2192 ) ;
#2906 = ADVANCED_FACE ( 'NONE', ( #988 ), #332, .F. ) ;
#2907 = DIRECTION ( 'NONE',  ( 1.239088197126290817E-16, -1.000000000000000000, -0.000000000000000000 ) ) ;
#2908 = CARTESIAN_POINT ( 'NONE',  ( 50.25000000000000000, -48.00000000000000000, 6.000000000000000000 ) ) ;
#2909 = AXIS2_PLACEMENT_3D ( 'NONE', #1597, #3663, #1046 ) ;
#2910 = LINE ( 'NONE', #3178, #3456 ) ;
#2911 = VERTEX_POINT ( 'NONE', #3666 ) ;
#2912 = ADVANCED_FACE ( 'NONE', ( #1050 ), #2208, .T. ) ;
#2913 = FACE_OUTER_BOUND ( 'NONE', #3038, .T. ) ;
#2914 = ORIENTED_EDGE ( 'NONE', *, *, #1545, .F. ) ;
#2915 = AXIS2_PLACEMENT_3D ( 'NONE', #3290, #3271, #1813 ) ;
#2916 = CARTESIAN_POINT ( 'NONE',  ( 48.00000000000000000, 48.00000000000000000, 5.699999999999987743 ) ) ;
#2917 = AXIS2_PLACEMENT_3D ( 'NONE', #2704, #3605, #396 ) ;
#2918 = FACE_OUTER_BOUND ( 'NONE', #2028, .T. ) ;
#2919 = CARTESIAN_POINT ( 'NONE',  ( 56.74999999999997868, 15.50000000000004086, 5.999999999999998224 ) ) ;
#2920 = DIRECTION ( 'NONE',  ( -0.000000000000000000, -0.000000000000000000, -1.000000000000000000 ) ) ;
#2921 = PLANE ( 'NONE',  #3103 ) ;
#2922 = ORIENTED_EDGE ( 'NONE', *, *, #668, .T. ) ;
#2923 = VERTEX_POINT ( 'NONE', #1840 ) ;
#2924 = EDGE_CURVE ( 'NONE', #3532, #1173, #2727, .T. ) ;
#2925 = ORIENTED_EDGE ( 'NONE', *, *, #1195, .F. ) ;
#2926 = EDGE_CURVE ( 'NONE', #849, #220, #1560, .T. ) ;
#2927 = LINE ( 'NONE', #2944, #1667 ) ;
#2928 = DIRECTION ( 'NONE',  ( -0.000000000000000000, -0.000000000000000000, -1.000000000000000000 ) ) ;
#2929 = ORIENTED_EDGE ( 'NONE', *, *, #628, .T. ) ;
#2930 = CONICAL_SURFACE ( 'NONE', #3237, 2.550000000000010481, 0.7853981633974352894 ) ;
#2931 = DIRECTION ( 'NONE',  ( -1.000000000000000000, 0.000000000000000000, 0.000000000000000000 ) ) ;
#2932 = ORIENTED_EDGE ( 'NONE', *, *, #601, .T. ) ;
#2933 = EDGE_CURVE ( 'NONE', #920, #1778, #2530, .T. ) ;
#2934 = DIRECTION ( 'NONE',  ( -1.000000000000000000, 0.000000000000000000, 0.000000000000000000 ) ) ;
#2935 = ADVANCED_FACE ( 'NONE', ( #2805 ), #3552, .T. ) ;
#2936 = CARTESIAN_POINT ( 'NONE',  ( 58.99999999999997868, -59.00000000000000711, -4.000000000000000000 ) ) ;
#2937 = EDGE_CURVE ( 'NONE', #1908, #3078, #2439, .T. ) ;
#2938 = ADVANCED_FACE ( 'NONE', ( #2698 ), #1001, .T. ) ;
#2939 = PLANE ( 'NONE',  #3715 ) ;
#2940 = ORIENTED_EDGE ( 'NONE', *, *, #271, .T. ) ;
#2941 = ORIENTED_EDGE ( 'NONE', *, *, #2788, .T. ) ;
#2942 = ADVANCED_FACE ( 'NONE', ( #1530 ), #68, .T. ) ;
#2943 = VERTEX_POINT ( 'NONE', #944 ) ;
#2944 = CARTESIAN_POINT ( 'NONE',  ( -50.51471862576141092, 58.99999999999999289, -4.000000000000000000 ) ) ;
#2945 = DIRECTION ( 'NONE',  ( -0.000000000000000000, -1.000000000000000000, -0.000000000000000000 ) ) ;
#2946 = ORIENTED_EDGE ( 'NONE', *, *, #1591, .T. ) ;
#2947 = CARTESIAN_POINT ( 'NONE',  ( 47.99999999999999289, 37.00000000000000000, 3.000000000000000000 ) ) ;
#2948 = ORIENTED_EDGE ( 'NONE', *, *, #3254, .F. ) ;
#2949 = ORIENTED_EDGE ( 'NONE', *, *, #2490, .T. ) ;
#2950 = VECTOR ( 'NONE', #449, 1000.000000000000000 ) ;
#2951 = CIRCLE ( 'NONE', #3321, 2.250000000000001776 ) ;
#2952 = PRODUCT_CONTEXT ( 'NONE', #1088, 'mechanical' ) ;
#2953 = DIRECTION ( 'NONE',  ( 0.000000000000000000, 0.000000000000000000, -1.000000000000000000 ) ) ;
#2954 = LINE ( 'NONE', #1236, #2753 ) ;
#2955 = AXIS2_PLACEMENT_3D ( 'NONE', #185, #3714, #200 ) ;
#2956 = CARTESIAN_POINT ( 'NONE',  ( 39.50000000000000711, -56.74999999999997158, 30.00000000000000000 ) ) ;
#2957 = DIRECTION ( 'NONE',  ( -0.000000000000000000, -0.000000000000000000, -1.000000000000000000 ) ) ;
#2958 = ORIENTED_EDGE ( 'NONE', *, *, #2361, .F. ) ;
#2959 = VERTEX_POINT ( 'NONE', #3025 ) ;
#2960 = VERTEX_POINT ( 'NONE', #720 ) ;
#2961 = DIRECTION ( 'NONE',  ( -0.000000000000000000, -0.000000000000000000, -1.000000000000000000 ) ) ;
#2962 = DIRECTION ( 'NONE',  ( 0.000000000000000000, 0.000000000000000000, -1.000000000000000000 ) ) ;
#2963 = AXIS2_PLACEMENT_3D ( 'NONE', #3697, #2761, #723 ) ;
#2964 = ORIENTED_EDGE ( 'NONE', *, *, #1805, .T. ) ;
#2965 = CONICAL_SURFACE ( 'NONE', #593, 2.250000000000001776, 0.7853981633974583820 ) ;
#2966 = DIRECTION ( 'NONE',  ( -1.239088197126290817E-16, 1.000000000000000000, 0.000000000000000000 ) ) ;
#2967 = ORIENTED_EDGE ( 'NONE', *, *, #3660, .F. ) ;
#2968 = EDGE_CURVE ( 'NONE', #1517, #220, #2648, .T. ) ;
#2969 = ORIENTED_EDGE ( 'NONE', *, *, #1735, .F. ) ;
#2970 = EDGE_CURVE ( 'NONE', #3018, #197, #1514, .T. ) ;
#2971 = DIRECTION ( 'NONE',  ( -0.000000000000000000, -0.000000000000000000, 1.000000000000000000 ) ) ;
#2972 = EDGE_CURVE ( 'NONE', #3182, #3485, #411, .T. ) ;
#2973 = CARTESIAN_POINT ( 'NONE',  ( 59.00000000000000711, 59.00000000000000711, -4.000000000000000000 ) ) ;
#2974 = DIRECTION ( 'NONE',  ( -0.000000000000000000, -0.000000000000000000, 1.000000000000000000 ) ) ;
#2975 = CARTESIAN_POINT ( 'NONE',  ( -58.99999999999997868, -59.00000000000000711, 5.999999999999998224 ) ) ;
#2976 = ORIENTED_EDGE ( 'NONE', *, *, #2878, .T. ) ;
#2977 = ORIENTED_EDGE ( 'NONE', *, *, #3064, .T. ) ;
#2978 = ORIENTED_EDGE ( 'NONE', *, *, #1586, .T. ) ;
#2979 = DIRECTION ( 'NONE',  ( -1.000000000000000000, 0.000000000000000000, 0.000000000000000000 ) ) ;
#2980 = PLANE ( 'NONE',  #3776 ) ;
#2981 = AXIS2_PLACEMENT_3D ( 'NONE', #1587, #2754, #3590 ) ;
#2982 = ORIENTED_EDGE ( 'NONE', *, *, #3583, .F. ) ;
#2983 = DIRECTION ( 'NONE',  ( 0.000000000000000000, 0.000000000000000000, 1.000000000000000000 ) ) ;
#2984 = DIRECTION ( 'NONE',  ( -1.000000000000000000, 0.000000000000000000, 0.000000000000000000 ) ) ;
#2985 = ORIENTED_EDGE ( 'NONE', *, *, #912, .F. ) ;
#2986 = EDGE_CURVE ( 'NONE', #1542, #131, #681, .T. ) ;
#2987 = DIRECTION ( 'NONE',  ( -1.000000000000000000, 0.000000000000000000, 0.000000000000000000 ) ) ;
#2988 = ORIENTED_EDGE ( 'NONE', *, *, #3073, .F. ) ;
#2989 = CYLINDRICAL_SURFACE ( 'NONE', #1697, 3.000000000000002665 ) ;
#2990 = PLANE ( 'NONE',  #1068 ) ;
#2991 = CARTESIAN_POINT ( 'NONE',  ( 50.51471862576141092, -59.00000000000000711, 30.00000000000000000 ) ) ;
#2992 = CARTESIAN_POINT ( 'NONE',  ( 15.50000000000000711, -56.00000000000000711, 5.999999999999998224 ) ) ;
#2993 = DIRECTION ( 'NONE',  ( 0.000000000000000000, 0.000000000000000000, 1.000000000000000000 ) ) ;
#2994 = ORIENTED_EDGE ( 'NONE', *, *, #1980, .F. ) ;
#2995 = ORIENTED_EDGE ( 'NONE', *, *, #2110, .F. ) ;
#2996 = ORIENTED_EDGE ( 'NONE', *, *, #647, .T. ) ;
#2997 = DIRECTION ( 'NONE',  ( -1.000000000000000000, 0.000000000000000000, 0.000000000000000000 ) ) ;
#2998 = EDGE_CURVE ( 'NONE', #1173, #2892, #353, .T. ) ;
#2999 = CARTESIAN_POINT ( 'NONE',  ( 0.000000000000000000, 0.000000000000000000, 0.000000000000000000 ) ) ;
#3000 = ORIENTED_EDGE ( 'NONE', *, *, #3483, .F. ) ;
#3001 = CARTESIAN_POINT ( 'NONE',  ( 55.99999999999999289, 56.00000000000000711, 30.00000000000000000 ) ) ;
#3002 = DIRECTION ( 'NONE',  ( 0.5773502691896281735, -0.5773502691896246208, -0.5773502691896245098 ) ) ;
#3003 = ORIENTED_EDGE ( 'NONE', *, *, #1469, .T. ) ;
#3004 = VECTOR ( 'NONE', #194, 1000.000000000000000 ) ;
#3005 = CARTESIAN_POINT ( 'NONE',  ( -6.567167444769341256E-15, 53.00000000000000000, 3.000000000000000000 ) ) ;
#3006 = ORIENTED_EDGE ( 'NONE', *, *, #3499, .F. ) ;
#3007 = AXIS2_PLACEMENT_3D ( 'NONE', #710, #2993, #402 ) ;
#3008 = FACE_OUTER_BOUND ( 'NONE', #2143, .T. ) ;
#3009 = CARTESIAN_POINT ( 'NONE',  ( 6.674275068588731150E-15, -56.74999999999997868, 5.999999999999998224 ) ) ;
#3010 = LINE ( 'NONE', #2973, #1289 ) ;
#3011 = AXIS2_PLACEMENT_3D ( 'NONE', #2476, #2983, #370 ) ;
#3012 = AXIS2_PLACEMENT_3D ( 'NONE', #1010, #3375, #764 ) ;
#3013 = LINE ( 'NONE', #3303, #2891 ) ;
#3014 = CIRCLE ( 'NONE', #1187, 2.250000000000001776 ) ;
#3015 = LINE ( 'NONE', #1239, #3596 ) ;
#3016 = VERTEX_POINT ( 'NONE', #1269 ) ;
#3017 = EDGE_LOOP ( 'NONE', ( #1516, #1955, #2047, #3393, #1072, #1507, #1782, #2357 ) ) ;
#3018 = VERTEX_POINT ( 'NONE', #3046 ) ;
#3019 = EDGE_CURVE ( 'NONE', #3613, #2044, #1575, .T. ) ;
#3020 = DIRECTION ( 'NONE',  ( 1.000000000000000000, 0.000000000000000000, -0.000000000000000000 ) ) ;
#3021 = EDGE_CURVE ( 'NONE', #2905, #1370, #2101, .T. ) ;
#3022 = CIRCLE ( 'NONE', #3508, 8.000000000000000000 ) ;
#3023 = EDGE_CURVE ( 'NONE', #2335, #3517, #3273, .T. ) ;
#3024 = EDGE_LOOP ( 'NONE', ( #1151, #30, #1817, #102 ) ) ;
#3025 = CARTESIAN_POINT ( 'NONE',  ( 39.99999999999999289, 56.00000000000000711, 6.000000000000000000 ) ) ;
#3026 = DIRECTION ( 'NONE',  ( -0.000000000000000000, 0.000000000000000000, 1.000000000000000000 ) ) ;
#3027 = DIRECTION ( 'NONE',  ( 0.000000000000000000, -0.000000000000000000, -1.000000000000000000 ) ) ;
#3028 = AXIS2_PLACEMENT_3D ( 'NONE', #1418, #3737, #261 ) ;
#3029 = CARTESIAN_POINT ( 'NONE',  ( -41.74999999999995026, 58.99999999999999289, 5.999999999999998224 ) ) ;
#3030 = AXIS2_PLACEMENT_3D ( 'NONE', #2631, #20, #2017 ) ;
#3031 = EDGE_CURVE ( 'NONE', #2943, #1405, #1426, .T. ) ;
#3032 = LINE ( 'NONE', #416, #1881 ) ;
#3033 = ORIENTED_EDGE ( 'NONE', *, *, #3093, .T. ) ;
#3034 = DIRECTION ( 'NONE',  ( -0.7071067811865445751, -0.7071067811865505703, -0.000000000000000000 ) ) ;
#3035 = FACE_OUTER_BOUND ( 'NONE', #2119, .T. ) ;
#3036 = DIRECTION ( 'NONE',  ( -1.000000000000000000, 0.000000000000000000, 0.000000000000000000 ) ) ;
#3037 = CARTESIAN_POINT ( 'NONE',  ( 61.24999999999999289, 59.00000000000000000, 29.70000000000000995 ) ) ;
#3038 = EDGE_LOOP ( 'NONE', ( #587, #3364, #537, #676 ) ) ;
#3039 = AXIS2_PLACEMENT_3D ( 'NONE', #2062, #623, #2391 ) ;
#3040 = ORIENTED_EDGE ( 'NONE', *, *, #3372, .F. ) ;
#3041 = ORIENTED_EDGE ( 'NONE', *, *, #1440, .F. ) ;
#3042 = DIRECTION ( 'NONE',  ( -0.000000000000000000, 0.000000000000000000, -1.000000000000000000 ) ) ;
#3043 = VECTOR ( 'NONE', #3523, 1000.000000000000000 ) ;
#3044 = EDGE_CURVE ( 'NONE', #2826, #425, #965, .T. ) ;
#3045 = EDGE_CURVE ( 'NONE', #794, #2876, #760, .T. ) ;
#3046 = CARTESIAN_POINT ( 'NONE',  ( 61.00000000000000711, -53.34314575050763807, -4.000000000000000000 ) ) ;
#3047 = CARTESIAN_POINT ( 'NONE',  ( 58.99999999999997868, -59.00000000000000711, -20.97056274847713908 ) ) ;
#3048 = ORIENTED_EDGE ( 'NONE', *, *, #2490, .F. ) ;
#3049 = PLANE ( 'NONE',  #3097 ) ;
#3050 = DIRECTION ( 'NONE',  ( -0.000000000000000000, -0.000000000000000000, -1.000000000000000000 ) ) ;
#3051 = ORIENTED_EDGE ( 'NONE', *, *, #1358, .T. ) ;
#3052 = LINE ( 'NONE', #2502, #29 ) ;
#3053 = CARTESIAN_POINT ( 'NONE',  ( 0.000000000000000000, 0.000000000000000000, 5.999999999999998224 ) ) ;
#3054 = EDGE_CURVE ( 'NONE', #2655, #436, #273, .T. ) ;
#3055 = DIRECTION ( 'NONE',  ( -1.000000000000000000, 0.000000000000000000, 0.000000000000000000 ) ) ;
#3056 = DIRECTION ( 'NONE',  ( 1.000000000000000000, 0.000000000000000000, 0.000000000000000000 ) ) ;
#3057 = VECTOR ( 'NONE', #1903, 1000.000000000000000 ) ;
#3058 = CARTESIAN_POINT ( 'NONE',  ( 58.99999999999997868, 59.00000000000000711, -4.000000000000000000 ) ) ;
#3059 = EDGE_LOOP ( 'NONE', ( #3749, #2075, #616, #1698 ) ) ;
#3060 = ORIENTED_EDGE ( 'NONE', *, *, #272, .T. ) ;
#3061 = EDGE_LOOP ( 'NONE', ( #10, #624 ) ) ;
#3062 = ADVANCED_FACE ( 'NONE', ( #1309 ), #3195, .F. ) ;
#3063 = DIRECTION ( 'NONE',  ( -0.000000000000000000, -0.000000000000000000, 1.000000000000000000 ) ) ;
#3064 = EDGE_CURVE ( 'NONE', #2746, #2266, #3641, .T. ) ;
#3065 = LINE ( 'NONE', #3085, #2950 ) ;
#3066 = FACE_BOUND ( 'NONE', #1306, .T. ) ;
#3067 = CARTESIAN_POINT ( 'NONE',  ( 47.99999999999999289, -40.00000000000000000, 3.000000000000000000 ) ) ;
#3068 = AXIS2_PLACEMENT_3D ( 'NONE', #2321, #2030, #3203 ) ;
#3069 = DIRECTION ( 'NONE',  ( 1.000000000000000000, 0.000000000000000000, 0.000000000000000000 ) ) ;
#3070 = ORIENTED_EDGE ( 'NONE', *, *, #562, .F. ) ;
#3071 = CARTESIAN_POINT ( 'NONE',  ( 50.51471862576141092, -61.99999999999999289, -20.97056274847713908 ) ) ;
#3072 = DIRECTION ( 'NONE',  ( 1.000000000000000000, 0.000000000000000000, 0.000000000000000000 ) ) ;
#3073 = EDGE_CURVE ( 'NONE', #436, #2655, #1368, .T. ) ;
#3074 = DIRECTION ( 'NONE',  ( -0.000000000000000000, -0.000000000000000000, -1.000000000000000000 ) ) ;
#3075 = CYLINDRICAL_SURFACE ( 'NONE', #2639, 5.999999999999998224 ) ;
#3076 = VECTOR ( 'NONE', #169, 1000.000000000000114 ) ;
#3077 = DIRECTION ( 'NONE',  ( 0.000000000000000000, 1.000000000000000000, 0.000000000000000000 ) ) ;
#3078 = VERTEX_POINT ( 'NONE', #2816 ) ;
#3079 = EDGE_LOOP ( 'NONE', ( #445, #1169, #3382, #3245 ) ) ;
#3080 = VECTOR ( 'NONE', #2144, 1000.000000000000114 ) ;
#3081 = ORIENTED_EDGE ( 'NONE', *, *, #3045, .T. ) ;
#3082 = EDGE_CURVE ( 'NONE', #3618, #770, #2512, .T. ) ;
#3083 = AXIS2_PLACEMENT_3D ( 'NONE', #739, #1895, #1877 ) ;
#3084 = LINE ( 'NONE', #2183, #1007 ) ;
#3085 = CARTESIAN_POINT ( 'NONE',  ( 53.34314575050759544, -61.00000000000000000, -20.97056274847713908 ) ) ;
#3086 = CARTESIAN_POINT ( 'NONE',  ( 0.000000000000000000, 0.000000000000000000, 30.00000000000000000 ) ) ;
#3087 = CARTESIAN_POINT ( 'NONE',  ( 0.000000000000000000, 0.000000000000000000, 5.999999999999998224 ) ) ;
#3088 = AXIS2_PLACEMENT_3D ( 'NONE', #3275, #2126, #1515 ) ;
#3089 = CARTESIAN_POINT ( 'NONE',  ( -39.99999999999999289, -48.00000000000000000, 3.000000000000000000 ) ) ;
#3090 = ORIENTED_EDGE ( 'NONE', *, *, #1191, .T. ) ;
#3091 = LINE ( 'NONE', #2425, #1183 ) ;
#3092 = VECTOR ( 'NONE', #2442, 1000.000000000000000 ) ;
#3093 = EDGE_CURVE ( 'NONE', #958, #2056, #2497, .T. ) ;
#3094 = ADVANCED_FACE ( 'NONE', ( #3425 ), #2219, .F. ) ;
#3095 = DIRECTION ( 'NONE',  ( 0.000000000000000000, 0.000000000000000000, -1.000000000000000000 ) ) ;
#3096 = FACE_OUTER_BOUND ( 'NONE', #2634, .T. ) ;
#3097 = AXIS2_PLACEMENT_3D ( 'NONE', #431, #1294, #2818 ) ;
#3098 = CARTESIAN_POINT ( 'NONE',  ( -61.99999999999999289, 50.51471862576143934, -4.000000000000000000 ) ) ;
#3099 = VERTEX_POINT ( 'NONE', #3661 ) ;
#3100 = ORIENTED_EDGE ( 'NONE', *, *, #1023, .F. ) ;
#3101 = LINE ( 'NONE', #1483, #2495 ) ;
#3102 = FACE_OUTER_BOUND ( 'NONE', #2794, .T. ) ;
#3103 = AXIS2_PLACEMENT_3D ( 'NONE', #1739, #292, #918 ) ;
#3104 = LINE ( 'NONE', #2779, #2336 ) ;
#3105 = EDGE_CURVE ( 'NONE', #1094, #1607, #3259, .T. ) ;
#3106 = FACE_OUTER_BOUND ( 'NONE', #2636, .T. ) ;
#3107 = FACE_OUTER_BOUND ( 'NONE', #830, .T. ) ;
#3108 = EDGE_CURVE ( 'NONE', #24, #1240, #3065, .T. ) ;
#3109 = LINE ( 'NONE', #1668, #606 ) ;
#3110 = ORIENTED_EDGE ( 'NONE', *, *, #3683, .T. ) ;
#3111 = CARTESIAN_POINT ( 'NONE',  ( 55.99999999999999289, 53.80384757729336798, 5.999999999999998224 ) ) ;
#3112 = LINE ( 'NONE', #1013, #3117 ) ;
#3113 = FACE_OUTER_BOUND ( 'NONE', #2232, .T. ) ;
#3114 = AXIS2_PLACEMENT_3D ( 'NONE', #2441, #3600, #2146 ) ;
#3115 = ORIENTED_EDGE ( 'NONE', *, *, #2255, .T. ) ;
#3116 = ORIENTED_EDGE ( 'NONE', *, *, #3170, .T. ) ;
#3117 = VECTOR ( 'NONE', #2822, 1000.000000000000000 ) ;
#3118 = DIRECTION ( 'NONE',  ( 0.000000000000000000, 0.000000000000000000, -1.000000000000000000 ) ) ;
#3119 = DIRECTION ( 'NONE',  ( -0.000000000000000000, -0.000000000000000000, 1.000000000000000000 ) ) ;
#3120 = ORIENTED_EDGE ( 'NONE', *, *, #3023, .F. ) ;
#3121 = DIRECTION ( 'NONE',  ( 1.000000000000000000, 0.000000000000000000, 0.000000000000000000 ) ) ;
#3122 = LINE ( 'NONE', #2908, #1380 ) ;
#3123 = CARTESIAN_POINT ( 'NONE',  ( -47.99999999999999289, -40.00000000000000000, 6.000000000000000000 ) ) ;
#3124 = LINE ( 'NONE', #3089, #299 ) ;
#3125 = ORIENTED_EDGE ( 'NONE', *, *, #724, .T. ) ;
#3126 = DIRECTION ( 'NONE',  ( 0.000000000000000000, 0.000000000000000000, 1.000000000000000000 ) ) ;
#3127 = DIRECTION ( 'NONE',  ( -1.000000000000000000, 0.000000000000000000, 0.000000000000000000 ) ) ;
#3128 = PLANE ( 'NONE',  #841 ) ;
#3129 = AXIS2_PLACEMENT_3D ( 'NONE', #2178, #751, #976 ) ;
#3130 = AXIS2_PLACEMENT_3D ( 'NONE', #673, #2974, #342 ) ;
#3131 = ORIENTED_EDGE ( 'NONE', *, *, #2677, .F. ) ;
#3132 = ORIENTED_EDGE ( 'NONE', *, *, #232, .T. ) ;
#3133 = CARTESIAN_POINT ( 'NONE',  ( -39.99999999999999289, -56.00000000000000711, 3.000000000000000000 ) ) ;
#3134 = CARTESIAN_POINT ( 'NONE',  ( 58.99999999999999289, 59.00000000000000000, 30.00000000000000000 ) ) ;
#3135 = CIRCLE ( 'NONE', #3686, 5.999999999999998224 ) ;
#3136 = ORIENTED_EDGE ( 'NONE', *, *, #241, .T. ) ;
#3137 = EDGE_CURVE ( 'NONE', #2865, #2911, #2569, .T. ) ;
#3138 = VECTOR ( 'NONE', #3292, 1000.000000000000000 ) ;
#3139 = ORIENTED_EDGE ( 'NONE', *, *, #3247, .T. ) ;
#3140 = EDGE_CURVE ( 'NONE', #276, #2421, #504, .T. ) ;
#3141 = DIRECTION ( 'NONE',  ( 0.000000000000000000, 0.000000000000000000, -1.000000000000000000 ) ) ;
#3142 = SURFACE_STYLE_USAGE ( .BOTH. , #814 ) ;
#3143 = LINE ( 'NONE', #2853, #2299 ) ;
#3144 = CIRCLE ( 'NONE', #2955, 2.549999999999996714 ) ;
#3145 = EDGE_CURVE ( 'NONE', #67, #2892, #2851, .T. ) ;
#3146 = DIRECTION ( 'NONE',  ( 1.000000000000000000, 0.000000000000000000, 0.000000000000000000 ) ) ;
#3147 = ORIENTED_EDGE ( 'NONE', *, *, #2589, .T. ) ;
#3148 = EDGE_CURVE ( 'NONE', #900, #3689, #1930, .T. ) ;
#3149 = AXIS2_PLACEMENT_3D ( 'NONE', #547, #1140, #3465 ) ;
#3150 = DIRECTION ( 'NONE',  ( -1.000000000000000000, 0.000000000000000000, 0.000000000000000000 ) ) ;
#3151 = DIRECTION ( 'NONE',  ( 1.000000000000000000, 1.239088197126290817E-16, -0.000000000000000000 ) ) ;
#3152 = DIRECTION ( 'NONE',  ( -1.000000000000000000, 0.000000000000000000, -0.000000000000000000 ) ) ;
#3153 = AXIS2_PLACEMENT_3D ( 'NONE', #798, #1950, #1664 ) ;
#3154 = ORIENTED_EDGE ( 'NONE', *, *, #1715, .T. ) ;
#3155 = CIRCLE ( 'NONE', #107, 2.250000000000001776 ) ;
#3156 = DIRECTION ( 'NONE',  ( 0.000000000000000000, -0.000000000000000000, -1.000000000000000000 ) ) ;
#3157 = CARTESIAN_POINT ( 'NONE',  ( 62.00000000000000711, 50.51471862576144645, -4.000000000000000000 ) ) ;
#3158 = ORIENTED_EDGE ( 'NONE', *, *, #1971, .T. ) ;
#3159 = ORIENTED_EDGE ( 'NONE', *, *, #2110, .T. ) ;
#3160 = LINE ( 'NONE', #2870, #1310 ) ;
#3161 = PRESENTATION_STYLE_ASSIGNMENT (( #3142 ) ) ;
#3162 = DIRECTION ( 'NONE',  ( 1.000000000000000000, 0.000000000000000000, 0.000000000000000000 ) ) ;
#3163 = EDGE_CURVE ( 'NONE', #611, #919, #3104, .T. ) ;
#3164 = AXIS2_PLACEMENT_3D ( 'NONE', #634, #2957, #653 ) ;
#3165 = CARTESIAN_POINT ( 'NONE',  ( 50.55000000000001137, -48.00000000000000000, 6.000000000000000000 ) ) ;
#3166 = ORIENTED_EDGE ( 'NONE', *, *, #1591, .F. ) ;
#3167 = VECTOR ( 'NONE', #687, 1000.000000000000000 ) ;
#3168 = ORIENTED_EDGE ( 'NONE', *, *, #3331, .F. ) ;
#3169 = PLANE ( 'NONE',  #3068 ) ;
#3170 = EDGE_CURVE ( 'NONE', #2617, #1864, #243, .T. ) ;
#3171 = DIRECTION ( 'NONE',  ( 1.000000000000000000, 0.000000000000000000, 0.000000000000000000 ) ) ;
#3172 = CARTESIAN_POINT ( 'NONE',  ( 48.00000000000000000, -48.00000000000000000, 6.000000000000000000 ) ) ;
#3173 = CARTESIAN_POINT ( 'NONE',  ( -39.99999999999999289, 56.00000000000000711, 3.000000000000000000 ) ) ;
#3174 = ORIENTED_EDGE ( 'NONE', *, *, #159, .T. ) ;
#3175 = ORIENTED_EDGE ( 'NONE', *, *, #1662, .F. ) ;
#3176 = DIRECTION ( 'NONE',  ( -0.000000000000000000, -0.000000000000000000, -1.000000000000000000 ) ) ;
#3177 = DIRECTION ( 'NONE',  ( -0.7071067811865546782, 8.659560562355017907E-17, 0.7071067811865403563 ) ) ;
#3178 = CARTESIAN_POINT ( 'NONE',  ( 50.51471862576141092, -58.99999999999999289, -4.000000000000000000 ) ) ;
#3179 = ORIENTED_EDGE ( 'NONE', *, *, #1041, .T. ) ;
#3180 = EDGE_CURVE ( 'NONE', #2905, #1960, #3736, .T. ) ;
#3181 = DIRECTION ( 'NONE',  ( 1.000000000000000000, 1.239088197126290817E-16, 0.000000000000000000 ) ) ;
#3182 = VERTEX_POINT ( 'NONE', #2531 ) ;
#3183 = ADVANCED_FACE ( 'NONE', ( #526 ), #2774, .F. ) ;
#3184 = LINE ( 'NONE', #250, #448 ) ;
#3185 = DIRECTION ( 'NONE',  ( -1.000000000000000000, -0.000000000000000000, -0.000000000000000000 ) ) ;
#3186 = DIRECTION ( 'NONE',  ( 0.000000000000000000, 0.000000000000000000, -1.000000000000000000 ) ) ;
#3187 = ADVANCED_FACE ( 'NONE', ( #1043 ), #1851, .F. ) ;
#3188 = FACE_OUTER_BOUND ( 'NONE', #712, .T. ) ;
#3189 = CIRCLE ( 'NONE', #695, 3.000000000000000000 ) ;
#3190 = DIRECTION ( 'NONE',  ( -0.000000000000000000, -0.000000000000000000, -1.000000000000000000 ) ) ;
#3191 = ORIENTED_EDGE ( 'NONE', *, *, #3583, .T. ) ;
#3192 = ADVANCED_FACE ( 'NONE', ( #2203 ), #1913, .T. ) ;
#3193 = ORIENTED_EDGE ( 'NONE', *, *, #123, .F. ) ;
#3194 = LINE ( 'NONE', #2022, #1485 ) ;
#3195 = CONICAL_SURFACE ( 'NONE', #3011, 2.250000000000001776, 0.7853981633974583820 ) ;
#3196 = FACE_BOUND ( 'NONE', #641, .T. ) ;
#3197 = AXIS2_PLACEMENT_3D ( 'NONE', #177, #1337, #3339 ) ;
#3198 = ORIENTED_EDGE ( 'NONE', *, *, #2025, .T. ) ;
#3199 = CARTESIAN_POINT ( 'NONE',  ( 55.99999999999999289, 40.00000000000000000, 3.000000000000000000 ) ) ;
#3200 = EDGE_LOOP ( 'NONE', ( #1891, #2976, #2538, #3158, #811, #1524 ) ) ;
#3201 = AXIS2_PLACEMENT_3D ( 'NONE', #2133, #96, #140 ) ;
#3202 = ORIENTED_EDGE ( 'NONE', *, *, #2578, .F. ) ;
#3203 = DIRECTION ( 'NONE',  ( 0.000000000000000000, -0.000000000000000000, -1.000000000000000000 ) ) ;
#3204 = CARTESIAN_POINT ( 'NONE',  ( 41.75000000000000711, -59.00000000000000711, 30.00000000000000000 ) ) ;
#3205 = DIRECTION ( 'NONE',  ( -0.7071067811865573427, 0.7071067811865376918, 0.000000000000000000 ) ) ;
#3206 = EDGE_CURVE ( 'NONE', #1395, #483, #187, .T. ) ;
#3207 = EDGE_CURVE ( 'NONE', #2044, #1370, #1117, .T. ) ;
#3208 = CARTESIAN_POINT ( 'NONE',  ( -56.74999999999994316, -15.49999999999999467, 30.00000000000000000 ) ) ;
#3209 = VECTOR ( 'NONE', #2871, 1000.000000000000000 ) ;
#3210 = CARTESIAN_POINT ( 'NONE',  ( -50.25000000000000000, -48.00000000000000000, 5.699999999999987743 ) ) ;
#3211 = ORIENTED_EDGE ( 'NONE', *, *, #2859, .F. ) ;
#3212 = ORIENTED_EDGE ( 'NONE', *, *, #170, .F. ) ;
#3213 = CIRCLE ( 'NONE', #3394, 5.999999999999998224 ) ;
#3214 = VERTEX_POINT ( 'NONE', #1492 ) ;
#3215 = DIRECTION ( 'NONE',  ( 0.000000000000000000, 0.000000000000000000, 1.000000000000000000 ) ) ;
#3216 = DIRECTION ( 'NONE',  ( -1.000000000000000000, -1.176083712526648949E-16, 0.000000000000000000 ) ) ;
#3217 = AXIS2_PLACEMENT_3D ( 'NONE', #2999, #3218, #605 ) ;
#3218 = DIRECTION ( 'NONE',  ( 0.000000000000000000, 0.000000000000000000, -1.000000000000000000 ) ) ;
#3219 = ADVANCED_FACE ( 'NONE', ( #3460, #1417 ), #2585, .T. ) ;
#3220 = VERTEX_POINT ( 'NONE', #1152 ) ;
#3221 = DIRECTION ( 'NONE',  ( 0.000000000000000000, 0.000000000000000000, -1.000000000000000000 ) ) ;
#3222 = ORIENTED_EDGE ( 'NONE', *, *, #316, .T. ) ;
#3223 = AXIS2_PLACEMENT_3D ( 'NONE', #1129, #321, #2527 ) ;
#3224 = EDGE_CURVE ( 'NONE', #3597, #2038, #3194, .T. ) ;
#3225 = APPLICATION_PROTOCOL_DEFINITION ( 'draft international standard', 'automotive_design', 1998, #820 ) ;
#3226 = AXIS2_PLACEMENT_3D ( 'NONE', #1048, #2459, #3069 ) ;
#3227 = CYLINDRICAL_SURFACE ( 'NONE', #357, 2.250000000000001776 ) ;
#3228 = CARTESIAN_POINT ( 'NONE',  ( -53.00000000000000000, -6.567167444769341256E-15, 3.000000000000000000 ) ) ;
#3229 = EDGE_CURVE ( 'NONE', #558, #1197, #2927, .T. ) ;
#3230 = FACE_OUTER_BOUND ( 'NONE', #519, .T. ) ;
#3231 = ORIENTED_EDGE ( 'NONE', *, *, #875, .F. ) ;
#3232 = ORIENTED_EDGE ( 'NONE', *, *, #2182, .F. ) ;
#3233 = ORIENTED_EDGE ( 'NONE', *, *, #1586, .F. ) ;
#3234 = DIRECTION ( 'NONE',  ( -1.000000000000000000, 0.000000000000000000, 0.000000000000000000 ) ) ;
#3235 = LINE ( 'NONE', #48, #2604 ) ;
#3236 = ORIENTED_EDGE ( 'NONE', *, *, #935, .T. ) ;
#3237 = AXIS2_PLACEMENT_3D ( 'NONE', #3281, #672, #2090 ) ;
#3238 = CARTESIAN_POINT ( 'NONE',  ( -50.25000000000000000, -48.00000000000000000, 6.000000000000000000 ) ) ;
#3239 = VERTEX_POINT ( 'NONE', #329 ) ;
#3240 = ORIENTED_EDGE ( 'NONE', *, *, #619, .F. ) ;
#3241 = CARTESIAN_POINT ( 'NONE',  ( 58.99999999999999289, -59.00000000000000000, 24.00000000000000000 ) ) ;
#3242 = DIRECTION ( 'NONE',  ( -1.000000000000000000, -1.619075244245022269E-14, 0.000000000000000000 ) ) ;
#3243 = LINE ( 'NONE', #2115, #576 ) ;
#3244 = DIRECTION ( 'NONE',  ( 1.239088197126290817E-16, -1.000000000000000000, 0.000000000000000000 ) ) ;
#3245 = ORIENTED_EDGE ( 'NONE', *, *, #3673, .F. ) ;
#3246 = ORIENTED_EDGE ( 'NONE', *, *, #2255, .F. ) ;
#3247 = EDGE_CURVE ( 'NONE', #1197, #381, #1423, .T. ) ;
#3248 = EDGE_LOOP ( 'NONE', ( #3116, #2295, #2063, #627, #1222, #2368, #1376, #2224, #2387, #563, #3435, #2678 ) ) ;
#3249 = VECTOR ( 'NONE', #2449, 1000.000000000000000 ) ;
#3250 = DIRECTION ( 'NONE',  ( 0.000000000000000000, 0.000000000000000000, 1.000000000000000000 ) ) ;
#3251 = DIRECTION ( 'NONE',  ( -1.000000000000000000, 0.000000000000000000, 0.000000000000000000 ) ) ;
#3252 = VECTOR ( 'NONE', #2520, 1000.000000000000000 ) ;
#3253 = ADVANCED_FACE ( 'NONE', ( #1720 ), #3773, .F. ) ;
#3254 = EDGE_CURVE ( 'NONE', #2277, #276, #2351, .T. ) ;
#3255 = ORIENTED_EDGE ( 'NONE', *, *, #550, .F. ) ;
#3256 = DIRECTION ( 'NONE',  ( -1.000000000000000000, 0.000000000000000000, 0.000000000000000000 ) ) ;
#3257 = ORIENTED_EDGE ( 'NONE', *, *, #1615, .T. ) ;
#3258 = EDGE_LOOP ( 'NONE', ( #1764, #3531, #1590, #3380 ) ) ;
#3259 = CIRCLE ( 'NONE', #2707, 11.00000000000000355 ) ;
#3260 = VECTOR ( 'NONE', #1113, 1000.000000000000000 ) ;
#3261 = CARTESIAN_POINT ( 'NONE',  ( 36.99999999999999289, 48.00000000000000000, 0.000000000000000000 ) ) ;
#3262 = CARTESIAN_POINT ( 'NONE',  ( 47.99999999999999289, 48.00000000000000000, 6.000000000000000000 ) ) ;
#3263 = CARTESIAN_POINT ( 'NONE',  ( 58.99999999999997868, 59.00000000000000711, -20.97056274847713908 ) ) ;
#3264 = EDGE_CURVE ( 'NONE', #220, #1517, #1730, .T. ) ;
#3265 = DIRECTION ( 'NONE',  ( 0.000000000000000000, 0.000000000000000000, -1.000000000000000000 ) ) ;
#3266 = ORIENTED_EDGE ( 'NONE', *, *, #3044, .T. ) ;
#3267 = ORIENTED_EDGE ( 'NONE', *, *, #2660, .T. ) ;
#3268 = ORIENTED_EDGE ( 'NONE', *, *, #2644, .T. ) ;
#3269 = AXIS2_PLACEMENT_3D ( 'NONE', #2663, #2780, #2817 ) ;
#3270 = CARTESIAN_POINT ( 'NONE',  ( 59.00000000000000711, 41.75000000000005684, 5.999999999999998224 ) ) ;
#3271 = DIRECTION ( 'NONE',  ( -0.000000000000000000, -0.000000000000000000, -1.000000000000000000 ) ) ;
#3272 = ORIENTED_EDGE ( 'NONE', *, *, #3341, .T. ) ;
#3273 = LINE ( 'NONE', #1834, #938 ) ;
#3274 = AXIS2_PLACEMENT_3D ( 'NONE', #1190, #1227, #83 ) ;
#3275 = CARTESIAN_POINT ( 'NONE',  ( -47.99999999999999289, 48.00000000000000000, 6.000000000000000000 ) ) ;
#3276 = EDGE_LOOP ( 'NONE', ( #692, #754, #1682, #2408 ) ) ;
#3277 = CARTESIAN_POINT ( 'NONE',  ( -61.99999999999999289, 50.51471862576143934, 30.00000000000000000 ) ) ;
#3278 = ORIENTED_EDGE ( 'NONE', *, *, #1715, .F. ) ;
#3279 = FACE_OUTER_BOUND ( 'NONE', #3276, .T. ) ;
#3280 = CARTESIAN_POINT ( 'NONE',  ( -58.99999999999997868, 59.00000000000000711, 30.00000000000000000 ) ) ;
#3281 = CARTESIAN_POINT ( 'NONE',  ( 48.00000000000000000, -48.00000000000000000, 6.000000000000000000 ) ) ;
#3282 = CIRCLE ( 'NONE', #53, 2.250000000000001776 ) ;
#3283 = EDGE_CURVE ( 'NONE', #3078, #1488, #622, .T. ) ;
#3284 = CARTESIAN_POINT ( 'NONE',  ( -50.25000000000000000, 48.00000000000000000, 6.000000000000000000 ) ) ;
#3285 = LINE ( 'NONE', #2429, #2083 ) ;
#3286 = ORIENTED_EDGE ( 'NONE', *, *, #3372, .T. ) ;
#3287 = ORIENTED_EDGE ( 'NONE', *, *, #2577, .F. ) ;
#3288 = ORIENTED_EDGE ( 'NONE', *, *, #2341, .T. ) ;
#3289 = DIRECTION ( 'NONE',  ( -0.000000000000000000, 0.000000000000000000, 1.000000000000000000 ) ) ;
#3290 = CARTESIAN_POINT ( 'NONE',  ( 58.99999999999997868, -59.00000000000000711, 30.00000000000000000 ) ) ;
#3291 = ORIENTED_EDGE ( 'NONE', *, *, #1870, .T. ) ;
#3292 = DIRECTION ( 'NONE',  ( 0.000000000000000000, 0.000000000000000000, 1.000000000000000000 ) ) ;
#3293 = LINE ( 'NONE', #1478, #3450 ) ;
#3294 = DIRECTION ( 'NONE',  ( 1.000000000000000000, 0.000000000000000000, 0.000000000000000000 ) ) ;
#3295 = LINE ( 'NONE', #685, #3092 ) ;
#3296 = VERTEX_POINT ( 'NONE', #902 ) ;
#3297 = CLOSED_SHELL ( 'NONE', ( #1064, #2309, #3062, #3558, #1943, #1832, #2, #2202, #3094, #3386, #3658, #2623, #246, #3183, #1550, #320, #800, #2322, #84, #2935, #2337, #1000, #2247, #1397, #2225, #2687, #2209, #476, #772, #766, #1941, #1703, #3253, #3772, #2708, #2234, #670, #2106, #432, #907, #3219, #1687, #1333, #2860, #2399, #1176, #1182, #3652, #1312, #3326, #3580, #2371, #856, #37, #1298, #2906, #2000, #486, #2536, #3484, #2194, #684, #719, #226, #2665, #595, #1347, #128, #990, #2132, #1033, #379, #2884, #1694, #828, #35, #3757, #2942, #1027, #2573, #1017, #39, #715, #1899, #3310, #2246, #3572, #549, #507, #3192, #201, #3525, #1621, #2912, #1636, #2938, #341, #2086, #1867, #108, #499, #1137, #2692, #3427, #266, #1584, #57, #1898, #2373, #1947, #1964, #522, #1572, #1463, #785, #1389, #3739, #2013, #3187, #3604, #157, #382, #2797, #1500, #608, #1663, #1961, #2773 ) ) ;
#3298 = DIRECTION ( 'NONE',  ( 1.000000000000000000, 0.000000000000000000, 0.000000000000000000 ) ) ;
#3299 = DIRECTION ( 'NONE',  ( 0.000000000000000000, 0.000000000000000000, 1.000000000000000000 ) ) ;
#3300 = CARTESIAN_POINT ( 'NONE',  ( 0.000000000000000000, -37.00000000000000000, 3.000000000000000000 ) ) ;
#3301 = EDGE_CURVE ( 'NONE', #1864, #611, #2040, .T. ) ;
#3302 = EDGE_CURVE ( 'NONE', #551, #1889, #863, .T. ) ;
#3303 = CARTESIAN_POINT ( 'NONE',  ( -61.58333333333332860, -10.66666666666665186, 1.166666666666619667 ) ) ;
#3304 = DIRECTION ( 'NONE',  ( -0.000000000000000000, 1.000000000000000000, -0.000000000000000000 ) ) ;
#3305 = VERTEX_POINT ( 'NONE', #1134 ) ;
#3306 = EDGE_CURVE ( 'NONE', #3374, #2656, #11, .T. ) ;
#3307 = ORIENTED_EDGE ( 'NONE', *, *, #2496, .F. ) ;
#3308 = ORIENTED_EDGE ( 'NONE', *, *, #3614, .F. ) ;
#3309 = CYLINDRICAL_SURFACE ( 'NONE', #3643, 3.000000000000000000 ) ;
#3310 = ADVANCED_FACE ( 'NONE', ( #1170 ), #1705, .T. ) ;
#3311 = EDGE_LOOP ( 'NONE', ( #1241, #1158, #2418, #635 ) ) ;
#3312 = CARTESIAN_POINT ( 'NONE',  ( 0.000000000000000000, 40.00000000000000000, 6.000000000000000000 ) ) ;
#3313 = ORIENTED_EDGE ( 'NONE', *, *, #1473, .F. ) ;
#3314 = VECTOR ( 'NONE', #731, 1000.000000000000000 ) ;
#3315 = PLANE ( 'NONE',  #781 ) ;
#3316 = PLANE ( 'NONE',  #1274 ) ;
#3317 = ORIENTED_EDGE ( 'NONE', *, *, #3483, .T. ) ;
#3318 = FACE_OUTER_BOUND ( 'NONE', #1122, .T. ) ;
#3319 = DIRECTION ( 'NONE',  ( -0.000000000000000000, 1.000000000000000000, -0.000000000000000000 ) ) ;
#3320 = AXIS2_PLACEMENT_3D ( 'NONE', #2887, #3215, #1743 ) ;
#3321 = AXIS2_PLACEMENT_3D ( 'NONE', #3676, #1610, #774 ) ;
#3322 = DIRECTION ( 'NONE',  ( 0.000000000000000000, 0.000000000000000000, 1.000000000000000000 ) ) ;
#3323 = EDGE_CURVE ( 'NONE', #1852, #24, #3135, .T. ) ;
#3324 = DIRECTION ( 'NONE',  ( 0.000000000000000000, -1.000000000000000000, 0.000000000000000000 ) ) ;
#3325 = VERTEX_POINT ( 'NONE', #313 ) ;
#3326 = ADVANCED_FACE ( 'NONE', ( #1475 ), #2637, .F. ) ;
#3327 = ORIENTED_EDGE ( 'NONE', *, *, #784, .T. ) ;
#3328 = VERTEX_POINT ( 'NONE', #47 ) ;
#3329 = DIRECTION ( 'NONE',  ( -0.000000000000000000, -0.000000000000000000, 1.000000000000000000 ) ) ;
#3330 = CIRCLE ( 'NONE', #2039, 2.250000000000001776 ) ;
#3331 = EDGE_CURVE ( 'NONE', #1173, #2923, #1207, .T. ) ;
#3332 = CARTESIAN_POINT ( 'NONE',  ( -58.99999999999999289, 59.00000000000000000, 24.00000000000000000 ) ) ;
#3333 = DIRECTION ( 'NONE',  ( -1.000000000000000000, 0.000000000000000000, 0.000000000000000000 ) ) ;
#3334 = CYLINDRICAL_SURFACE ( 'NONE', #1165, 2.250000000000001776 ) ;
#3335 = CIRCLE ( 'NONE', #891, 2.250000000000001776 ) ;
#3336 = LINE ( 'NONE', #1313, #3645 ) ;
#3337 = CARTESIAN_POINT ( 'NONE',  ( -50.55000000000002558, -48.00000000000000000, 6.000000000000000000 ) ) ;
#3338 = ORIENTED_EDGE ( 'NONE', *, *, #209, .T. ) ;
#3339 = DIRECTION ( 'NONE',  ( -1.000000000000000000, 0.000000000000000000, 0.000000000000000000 ) ) ;
#3340 = CARTESIAN_POINT ( 'NONE',  ( 38.75735931288070901, -54.75735931288069480, -1.076072228735579641E-16 ) ) ;
#3341 = EDGE_CURVE ( 'NONE', #1523, #1798, #3160, .T. ) ;
#3342 = DIRECTION ( 'NONE',  ( 0.000000000000000000, 0.000000000000000000, 1.000000000000000000 ) ) ;
#3343 = FACE_OUTER_BOUND ( 'NONE', #1719, .T. ) ;
#3344 = EDGE_CURVE ( 'NONE', #3296, #1596, #330, .T. ) ;
#3345 = DIRECTION ( 'NONE',  ( 0.000000000000000000, 0.000000000000000000, 1.000000000000000000 ) ) ;
#3346 = ORIENTED_EDGE ( 'NONE', *, *, #3302, .T. ) ;
#3347 = VECTOR ( 'NONE', #3402, 1000.000000000000000 ) ;
#3348 = ORIENTED_EDGE ( 'NONE', *, *, #2064, .F. ) ;
#3349 = VERTEX_POINT ( 'NONE', #2688 ) ;
#3350 = LINE ( 'NONE', #3385, #162 ) ;
#3351 = AXIS2_PLACEMENT_3D ( 'NONE', #3646, #2243, #2819 ) ;
#3352 = DIRECTION ( 'NONE',  ( -0.000000000000000000, -1.000000000000000000, -0.000000000000000000 ) ) ;
#3353 = DIRECTION ( 'NONE',  ( 1.000000000000000000, 1.156482317317871725E-15, 0.000000000000000000 ) ) ;
#3354 = CARTESIAN_POINT ( 'NONE',  ( -58.99999999999997868, 59.00000000000000711, 30.00000000000000000 ) ) ;
#3355 = DIRECTION ( 'NONE',  ( 0.000000000000000000, 0.000000000000000000, 1.000000000000000000 ) ) ;
#3356 = EDGE_LOOP ( 'NONE', ( #3048, #3759, #3132, #2756 ) ) ;
#3357 = CARTESIAN_POINT ( 'NONE',  ( 48.00000000000000000, 48.00000000000000000, 5.699999999999987743 ) ) ;
#3358 = CARTESIAN_POINT ( 'NONE',  ( -55.99999999999997868, -15.49999999999998224, 5.999999999999998224 ) ) ;
#3359 = AXIS2_PLACEMENT_3D ( 'NONE', #251, #1162, #2896 ) ;
#3360 = FACE_OUTER_BOUND ( 'NONE', #3557, .T. ) ;
#3361 = CARTESIAN_POINT ( 'NONE',  ( 61.00000000000000000, 53.34314575050763807, -4.000000000000000000 ) ) ;
#3362 = LINE ( 'NONE', #3635, #3741 ) ;
#3363 = VERTEX_POINT ( 'NONE', #3564 ) ;
#3364 = ORIENTED_EDGE ( 'NONE', *, *, #1781, .F. ) ;
#3365 = ORIENTED_EDGE ( 'NONE', *, *, #619, .T. ) ;
#3366 = DIRECTION ( 'NONE',  ( -1.000000000000000000, 0.000000000000000000, 0.000000000000000000 ) ) ;
#3367 = EDGE_CURVE ( 'NONE', #2655, #16, #2384, .T. ) ;
#3368 = DIRECTION ( 'NONE',  ( -1.000000000000000000, 0.000000000000000000, 0.000000000000000000 ) ) ;
#3369 = LINE ( 'NONE', #3696, #2419 ) ;
#3370 = DIRECTION ( 'NONE',  ( -0.000000000000000000, 1.000000000000000000, 0.000000000000000000 ) ) ;
#3371 = EDGE_CURVE ( 'NONE', #1883, #1156, #3243, .T. ) ;
#3372 = EDGE_CURVE ( 'NONE', #1910, #1116, #2709, .T. ) ;
#3373 = CARTESIAN_POINT ( 'NONE',  ( 15.50000000000000711, -56.74999999999997868, 30.00000000000000000 ) ) ;
#3374 = VERTEX_POINT ( 'NONE', #2136 ) ;
#3375 = DIRECTION ( 'NONE',  ( 0.000000000000000000, -0.000000000000000000, -1.000000000000000000 ) ) ;
#3376 = CYLINDRICAL_SURFACE ( 'NONE', #2582, 3.000000000000000000 ) ;
#3377 = LINE ( 'NONE', #513, #2523 ) ;
#3378 = VECTOR ( 'NONE', #1402, 1000.000000000000000 ) ;
#3379 = DIRECTION ( 'NONE',  ( 1.000000000000000000, -0.000000000000000000, -0.000000000000000000 ) ) ;
#3380 = ORIENTED_EDGE ( 'NONE', *, *, #2812, .F. ) ;
#3381 = AXIS2_PLACEMENT_3D ( 'NONE', #953, #2730, #1845 ) ;
#3382 = ORIENTED_EDGE ( 'NONE', *, *, #489, .F. ) ;
#3384 = FACE_OUTER_BOUND ( 'NONE', #2592, .T. ) ;
#3383 = AXIS2_PLACEMENT_3D ( 'NONE', #111, #1229, #2125 ) ;
#3385 = CARTESIAN_POINT ( 'NONE',  ( -45.75000000000000000, 48.00000000000000000, 6.000000000000000000 ) ) ;
#3386 = ADVANCED_FACE ( 'NONE', ( #975 ), #98, .T. ) ;
#3387 = DIRECTION ( 'NONE',  ( 1.000000000000000000, 1.239088197126290817E-16, -0.000000000000000000 ) ) ;
#3388 = CYLINDRICAL_SURFACE ( 'NONE', #3391, 5.999999999999998224 ) ;
#3389 = DIRECTION ( 'NONE',  ( 0.7071067811865546782, 0.000000000000000000, 0.7071067811865403563 ) ) ;
#3390 = AXIS2_PLACEMENT_3D ( 'NONE', #3086, #1044, #3333 ) ;
#3391 = AXIS2_PLACEMENT_3D ( 'NONE', #2532, #2456, #1595 ) ;
#3392 = CARTESIAN_POINT ( 'NONE',  ( 62.00000000000000711, 50.51471862576144645, 30.00000000000000000 ) ) ;
#3393 = ORIENTED_EDGE ( 'NONE', *, *, #1052, .T. ) ;
#3394 = AXIS2_PLACEMENT_3D ( 'NONE', #3058, #1302, #2770 ) ;
#3395 = LINE ( 'NONE', #2821, #2701 ) ;
#3396 = DIRECTION ( 'NONE',  ( 0.000000000000000000, 0.000000000000000000, 1.000000000000000000 ) ) ;
#3397 = AXIS2_PLACEMENT_3D ( 'NONE', #1993, #3462, #3162 ) ;
#3398 = CARTESIAN_POINT ( 'NONE',  ( 39.50000000000000711, -59.00000000000000711, 5.999999999999998224 ) ) ;
#3399 = ORIENTED_EDGE ( 'NONE', *, *, #2434, .T. ) ;
#3400 = PRODUCT_DEFINITION_SHAPE ( 'NONE', 'NONE',  #954 ) ;
#3401 = ORIENTED_EDGE ( 'NONE', *, *, #2130, .T. ) ;
#3402 = DIRECTION ( 'NONE',  ( 0.000000000000000000, -1.000000000000000000, 0.000000000000000000 ) ) ;
#3403 = PLANE ( 'NONE',  #2163 ) ;
#3404 = AXIS2_PLACEMENT_3D ( 'NONE', #3768, #879, #361 ) ;
#3405 = ORIENTED_EDGE ( 'NONE', *, *, #2362, .T. ) ;
#3406 = VECTOR ( 'NONE', #3355, 1000.000000000000000 ) ;
#3407 = DIRECTION ( 'NONE',  ( 0.000000000000000000, 0.000000000000000000, 1.000000000000000000 ) ) ;
#3408 = LINE ( 'NONE', #2315, #714 ) ;
#3409 = FACE_OUTER_BOUND ( 'NONE', #802, .T. ) ;
#3410 = LINE ( 'NONE', #1935, #3406 ) ;
#3411 = VERTEX_POINT ( 'NONE', #709 ) ;
#3412 = DIRECTION ( 'NONE',  ( 1.000000000000000000, 0.000000000000000000, 0.000000000000000000 ) ) ;
#3413 = DIRECTION ( 'NONE',  ( 0.000000000000000000, 0.000000000000000000, 1.000000000000000000 ) ) ;
#3414 = CARTESIAN_POINT ( 'NONE',  ( -53.80384757729334666, 56.00000000000000711, 5.999999999999998224 ) ) ;
#3415 = AXIS2_PLACEMENT_3D ( 'NONE', #701, #3027, #1836 ) ;
#3416 = EDGE_CURVE ( 'NONE', #3779, #525, #275, .T. ) ;
#3417 = ORIENTED_EDGE ( 'NONE', *, *, #3283, .T. ) ;
#3418 = EDGE_CURVE ( 'NONE', #2317, #1231, #650, .T. ) ;
#3419 = ORIENTED_EDGE ( 'NONE', *, *, #516, .T. ) ;
#3420 = AXIS2_PLACEMENT_3D ( 'NONE', #3524, #340, #1503 ) ;
#3421 = DIRECTION ( 'NONE',  ( 0.000000000000000000, 0.000000000000000000, 1.000000000000000000 ) ) ;
#3422 = LINE ( 'NONE', #1963, #703 ) ;
#3423 = EDGE_CURVE ( 'NONE', #3517, #2826, #422, .T. ) ;
#3424 = ORIENTED_EDGE ( 'NONE', *, *, #3623, .F. ) ;
#3425 = FACE_OUTER_BOUND ( 'NONE', #3258, .T. ) ;
#3426 = DIRECTION ( 'NONE',  ( -1.000000000000000000, -1.239088197126290817E-16, 0.000000000000000000 ) ) ;
#3427 = ADVANCED_FACE ( 'NONE', ( #631 ), #1244, .F. ) ;
#3428 = CARTESIAN_POINT ( 'NONE',  ( -54.75735931288069480, -38.75735931288070901, 3.228216686206738306E-16 ) ) ;
#3429 = CARTESIAN_POINT ( 'NONE',  ( -61.24999999999999289, -59.00000000000000000, 24.00000000000000000 ) ) ;
#3430 = VERTEX_POINT ( 'NONE', #1786 ) ;
#3431 = VERTEX_POINT ( 'NONE', #992 ) ;
#3432 = CYLINDRICAL_SURFACE ( 'NONE', #1482, 3.000000000000000000 ) ;
#3433 = DIRECTION ( 'NONE',  ( 0.000000000000000000, 1.000000000000000000, 0.000000000000000000 ) ) ;
#3434 = CARTESIAN_POINT ( 'NONE',  ( 0.000000000000000000, 0.000000000000000000, 0.000000000000000000 ) ) ;
#3435 = ORIENTED_EDGE ( 'NONE', *, *, #3224, .F. ) ;
#3436 = CARTESIAN_POINT ( 'NONE',  ( 53.34314575050760254, 61.00000000000000711, 30.00000000000000000 ) ) ;
#3437 = CARTESIAN_POINT ( 'NONE',  ( -61.99999999999997868, -50.51471862576143934, 30.00000000000000000 ) ) ;
#3438 = EDGE_CURVE ( 'NONE', #3182, #2396, #3013, .T. ) ;
#3439 = VECTOR ( 'NONE', #777, 1000.000000000000000 ) ;
#3440 = ORIENTED_EDGE ( 'NONE', *, *, #2392, .F. ) ;
#3441 = AXIS2_PLACEMENT_3D ( 'NONE', #829, #2034, #1738 ) ;
#3442 = ORIENTED_EDGE ( 'NONE', *, *, #1253, .F. ) ;
#3443 = CARTESIAN_POINT ( 'NONE',  ( 59.00000000000001421, 15.50000000000004086, 3.749999999999982681 ) ) ;
#3444 = LINE ( 'NONE', #1721, #1562 ) ;
#3445 = DIRECTION ( 'NONE',  ( -1.000000000000000000, 0.000000000000000000, 0.000000000000000000 ) ) ;
#3446 = CIRCLE ( 'NONE', #520, 5.999999999999998224 ) ;
#3447 = EDGE_CURVE ( 'NONE', #693, #3431, #58, .T. ) ;
#3448 = CARTESIAN_POINT ( 'NONE',  ( -36.99999999999999289, 0.000000000000000000, 3.000000000000000000 ) ) ;
#3449 = ORIENTED_EDGE ( 'NONE', *, *, #1295, .T. ) ;
#3450 = VECTOR ( 'NONE', #3002, 1000.000000000000114 ) ;
#3451 = LINE ( 'NONE', #1753, #2463 ) ;
#3452 = DIRECTION ( 'NONE',  ( -0.000000000000000000, -0.000000000000000000, 1.000000000000000000 ) ) ;
#3453 = CARTESIAN_POINT ( 'NONE',  ( -50.25000000000000000, 48.00000000000000000, 5.699999999999984190 ) ) ;
#3454 = VECTOR ( 'NONE', #2188, 1000.000000000000114 ) ;
#3455 = ORIENTED_EDGE ( 'NONE', *, *, #2606, .F. ) ;
#3456 = VECTOR ( 'NONE', #582, 1000.000000000000000 ) ;
#3457 = CARTESIAN_POINT ( 'NONE',  ( 56.74999999999998579, -59.00000000000000000, 24.00000000000000000 ) ) ;
#3458 = ORIENTED_EDGE ( 'NONE', *, *, #3447, .T. ) ;
#3459 = EDGE_LOOP ( 'NONE', ( #2191, #3728, #3419, #1194, #3040, #3257 ) ) ;
#3460 = FACE_BOUND ( 'NONE', #1766, .T. ) ;
#3461 = DIRECTION ( 'NONE',  ( -1.000000000000000000, 0.000000000000000000, 0.000000000000000000 ) ) ;
#3462 = DIRECTION ( 'NONE',  ( 0.000000000000000000, 0.000000000000000000, 1.000000000000000000 ) ) ;
#3463 = AXIS2_PLACEMENT_3D ( 'NONE', #1361, #792, #3118 ) ;
#3464 = ORIENTED_EDGE ( 'NONE', *, *, #3733, .T. ) ;
#3465 = DIRECTION ( 'NONE',  ( -1.000000000000000000, 0.000000000000000000, 0.000000000000000000 ) ) ;
#3466 = ORIENTED_EDGE ( 'NONE', *, *, #961, .F. ) ;
#3467 = EDGE_CURVE ( 'NONE', #2923, #67, #2428, .T. ) ;
#3468 = ORIENTED_EDGE ( 'NONE', *, *, #2968, .F. ) ;
#3469 = CARTESIAN_POINT ( 'NONE',  ( 55.99999999999999289, 56.00000000000000711, 30.00000000000000000 ) ) ;
#3470 = DIRECTION ( 'NONE',  ( 0.000000000000000000, -1.000000000000000000, 0.000000000000000000 ) ) ;
#3471 = FACE_OUTER_BOUND ( 'NONE', #3674, .T. ) ;
#3472 = EDGE_CURVE ( 'NONE', #2617, #191, #1806, .T. ) ;
#3473 = DIRECTION ( 'NONE',  ( -1.000000000000000000, 0.000000000000000000, 0.000000000000000000 ) ) ;
#3474 = DIRECTION ( 'NONE',  ( 0.000000000000000000, 0.000000000000000000, 1.000000000000000000 ) ) ;
#3475 = VERTEX_POINT ( 'NONE', #122 ) ;
#3476 = ORIENTED_EDGE ( 'NONE', *, *, #3617, .F. ) ;
#3477 = DIRECTION ( 'NONE',  ( -1.000000000000000000, 0.000000000000000000, 0.000000000000000000 ) ) ;
#3478 = CARTESIAN_POINT ( 'NONE',  ( 50.25000000000000000, 48.00000000000000000, 6.000000000000000000 ) ) ;
#3479 = DIRECTION ( 'NONE',  ( 1.000000000000000000, 0.000000000000000000, 0.000000000000000000 ) ) ;
#3480 = ORIENTED_EDGE ( 'NONE', *, *, #1223, .F. ) ;
#3481 = DIRECTION ( 'NONE',  ( -1.000000000000000000, 0.000000000000000000, 0.000000000000000000 ) ) ;
#3482 = VERTEX_POINT ( 'NONE', #378 ) ;
#3483 = EDGE_CURVE ( 'NONE', #880, #1542, #21, .T. ) ;
#3484 = ADVANCED_FACE ( 'NONE', ( #2447 ), #2156, .T. ) ;
#3485 = VERTEX_POINT ( 'NONE', #1505 ) ;
#3486 = CARTESIAN_POINT ( 'NONE',  ( -39.99999999999999289, 0.000000000000000000, 6.000000000000000000 ) ) ;
#3487 = DIRECTION ( 'NONE',  ( 0.000000000000000000, -1.000000000000000000, 0.000000000000000000 ) ) ;
#3488 = DIRECTION ( 'NONE',  ( -0.000000000000000000, -0.000000000000000000, -1.000000000000000000 ) ) ;
#3489 = DIRECTION ( 'NONE',  ( -0.000000000000000000, -1.000000000000000000, -0.000000000000000000 ) ) ;
#3490 = CIRCLE ( 'NONE', #1843, 2.250000000000001776 ) ;
#3491 = AXIS2_PLACEMENT_3D ( 'NONE', #2916, #2879, #231 ) ;
#3492 = DIRECTION ( 'NONE',  ( 1.000000000000000000, 0.000000000000000000, 0.000000000000000000 ) ) ;
#3493 = ORIENTED_EDGE ( 'NONE', *, *, #2744, .T. ) ;
#3494 = ORIENTED_EDGE ( 'NONE', *, *, #1737, .F. ) ;
#3495 = CARTESIAN_POINT ( 'NONE',  ( 58.99999999999997868, 59.00000000000000711, -20.97056274847713908 ) ) ;
#3496 = LINE ( 'NONE', #885, #343 ) ;
#3497 = VECTOR ( 'NONE', #3141, 1000.000000000000000 ) ;
#3498 = DIRECTION ( 'NONE',  ( 1.000000000000000000, 1.176083712526648949E-16, -0.000000000000000000 ) ) ;
#3499 = EDGE_CURVE ( 'NONE', #1708, #808, #1538, .T. ) ;
#3500 = AXIS2_PLACEMENT_3D ( 'NONE', #1413, #671, #3562 ) ;
#3501 = EDGE_LOOP ( 'NONE', ( #2207, #1513, #3440, #372 ) ) ;
#3502 = LINE ( 'NONE', #2608, #1016 ) ;
#3503 = ORIENTED_EDGE ( 'NONE', *, *, #2264, .F. ) ;
#3504 = AXIS2_PLACEMENT_3D ( 'NONE', #386, #2078, #2435 ) ;
#3505 = DIRECTION ( 'NONE',  ( 0.000000000000000000, 0.000000000000000000, -1.000000000000000000 ) ) ;
#3506 = CARTESIAN_POINT ( 'NONE',  ( -50.25000000000000000, -48.00000000000000000, 5.699999999999987743 ) ) ;
#3507 = DIRECTION ( 'NONE',  ( 1.239088197126290817E-16, -1.000000000000000000, 0.000000000000000000 ) ) ;
#3508 = AXIS2_PLACEMENT_3D ( 'NONE', #1816, #87, #2065 ) ;
#3509 = AXIS2_PLACEMENT_3D ( 'NONE', #2023, #297, #1456 ) ;
#3510 = DIRECTION ( 'NONE',  ( 1.000000000000000000, 0.000000000000000000, 0.000000000000000000 ) ) ;
#3511 = ORIENTED_EDGE ( 'NONE', *, *, #897, .T. ) ;
#3512 = VERTEX_POINT ( 'NONE', #2992 ) ;
#3513 = VECTOR ( 'NONE', #150, 1000.000000000000000 ) ;
#3514 = EDGE_LOOP ( 'NONE', ( #3710, #333, #1451, #2584 ) ) ;
#3515 = CARTESIAN_POINT ( 'NONE',  ( -39.99999999999999289, 56.00000000000000711, 6.000000000000000000 ) ) ;
#3516 = CARTESIAN_POINT ( 'NONE',  ( 61.24999999999999289, 59.00000000000000000, 24.00000000000000000 ) ) ;
#3517 = VERTEX_POINT ( 'NONE', #2248 ) ;
#3518 = CARTESIAN_POINT ( 'NONE',  ( -38.75735931288070901, -54.75735931288072322, -3.228216686206738306E-16 ) ) ;
#3519 = ORIENTED_EDGE ( 'NONE', *, *, #2008, .F. ) ;
#3520 = EDGE_LOOP ( 'NONE', ( #165, #2922, #2160, #1264 ) ) ;
#3521 = AXIS2_PLACEMENT_3D ( 'NONE', #350, #2945, #65 ) ;
#3522 = AXIS2_PLACEMENT_3D ( 'NONE', #3392, #435, #1652 ) ;
#3523 = DIRECTION ( 'NONE',  ( 0.7071067811865383579, 0.000000000000000000, 0.7071067811865567876 ) ) ;
#3524 = CARTESIAN_POINT ( 'NONE',  ( 58.99999999999999289, 59.00000000000000000, 24.00000000000000000 ) ) ;
#3525 = ADVANCED_FACE ( 'NONE', ( #3360 ), #1938, .T. ) ;
#3526 = DIRECTION ( 'NONE',  ( 0.000000000000000000, 0.000000000000000000, 1.000000000000000000 ) ) ;
#3527 = EDGE_CURVE ( 'NONE', #1981, #997, #2806, .T. ) ;
#3528 = FACE_OUTER_BOUND ( 'NONE', #3248, .T. ) ;
#3529 = ORIENTED_EDGE ( 'NONE', *, *, #3180, .F. ) ;
#3530 = EDGE_CURVE ( 'NONE', #1225, #3239, #2504, .T. ) ;
#3531 = ORIENTED_EDGE ( 'NONE', *, *, #2578, .T. ) ;
#3532 = VERTEX_POINT ( 'NONE', #142 ) ;
#3533 = CARTESIAN_POINT ( 'NONE',  ( 55.99999999999999289, 56.00000000000000711, 2.999999999999999112 ) ) ;
#3534 = DIRECTION ( 'NONE',  ( -0.000000000000000000, 0.000000000000000000, 1.000000000000000000 ) ) ;
#3535 = VERTEX_POINT ( 'NONE', #2540 ) ;
#3536 = AXIS2_PLACEMENT_3D ( 'NONE', #3300, #1484, #689 ) ;
#3537 = LINE ( 'NONE', #1765, #2657 ) ;
#3538 = VERTEX_POINT ( 'NONE', #2485 ) ;
#3539 = ORIENTED_EDGE ( 'NONE', *, *, #1078, .T. ) ;
#3540 = DIRECTION ( 'NONE',  ( 0.000000000000000000, 0.000000000000000000, 1.000000000000000000 ) ) ;
#3541 = CARTESIAN_POINT ( 'NONE',  ( -45.44999999999998863, 48.00000000000000000, 6.000000000000000000 ) ) ;
#3542 = DIRECTION ( 'NONE',  ( 1.000000000000000000, 0.000000000000000000, 0.000000000000000000 ) ) ;
#3543 = CARTESIAN_POINT ( 'NONE',  ( -50.51471862576142513, -59.00000000000000711, 30.00000000000000000 ) ) ;
#3544 = ORIENTED_EDGE ( 'NONE', *, *, #2227, .T. ) ;
#3545 = EDGE_LOOP ( 'NONE', ( #1018, #1304, #32, #51 ) ) ;
#3546 = EDGE_LOOP ( 'NONE', ( #3222, #2877 ) ) ;
#3547 = CONICAL_SURFACE ( 'NONE', #2332, 2.550000000000052225, 0.7853981633974815857 ) ;
#3548 = EDGE_CURVE ( 'NONE', #302, #3328, #3706, .T. ) ;
#3549 = LINE ( 'NONE', #2796, #3634 ) ;
#3550 = DIRECTION ( 'NONE',  ( 1.000000000000000000, 0.000000000000000000, 0.000000000000000000 ) ) ;
#3551 = ORIENTED_EDGE ( 'NONE', *, *, #2519, .F. ) ;
#3552 = PLANE ( 'NONE',  #158 ) ;
#3553 = AXIS2_PLACEMENT_3D ( 'NONE', #1455, #3753, #884 ) ;
#3554 = DIRECTION ( 'NONE',  ( -0.000000000000000000, -0.000000000000000000, -1.000000000000000000 ) ) ;
#3555 = ORIENTED_EDGE ( 'NONE', *, *, #3323, .T. ) ;
#3556 = CARTESIAN_POINT ( 'NONE',  ( -58.99999999999999289, 50.51471862576143934, -4.000000000000000000 ) ) ;
#3557 = EDGE_LOOP ( 'NONE', ( #1141, #736, #3246, #1097 ) ) ;
#3558 = ADVANCED_FACE ( 'NONE', ( #1012 ), #3547, .F. ) ;
#3559 = AXIS2_PLACEMENT_3D ( 'NONE', #3263, #1282, #3542 ) ;
#3560 = AXIS2_PLACEMENT_3D ( 'NONE', #3437, #2920, #2018 ) ;
#3561 = CARTESIAN_POINT ( 'NONE',  ( 50.55000000000001137, -48.00000000000000000, 6.000000000000000000 ) ) ;
#3562 = DIRECTION ( 'NONE',  ( 1.000000000000000000, 1.176083712526648949E-16, 0.000000000000000000 ) ) ;
#3563 = DIRECTION ( 'NONE',  ( 1.000000000000000000, 1.850371707708596969E-14, -0.000000000000000000 ) ) ;
#3564 = CARTESIAN_POINT ( 'NONE',  ( 39.99999999999999289, -48.00000000000000000, 6.000000000000000000 ) ) ;
#3565 = CYLINDRICAL_SURFACE ( 'NONE', #3007, 2.999999999999995559 ) ;
#3566 = ORIENTED_EDGE ( 'NONE', *, *, #2296, .T. ) ;
#3567 = ORIENTED_EDGE ( 'NONE', *, *, #2651, .F. ) ;
#3568 = ORIENTED_EDGE ( 'NONE', *, *, #2177, .F. ) ;
#3569 = AXIS2_PLACEMENT_3D ( 'NONE', #469, #1332, #1366 ) ;
#3570 = DIRECTION ( 'NONE',  ( 1.000000000000000000, 0.000000000000000000, 0.000000000000000000 ) ) ;
#3571 = CARTESIAN_POINT ( 'NONE',  ( -39.99999999999999289, 48.00000000000000000, 6.000000000000000000 ) ) ;
#3572 = ADVANCED_FACE ( 'NONE', ( #1087 ), #2768, .F. ) ;
#3573 = CIRCLE ( 'NONE', #2963, 2.250000000000001776 ) ;
#3574 = ORIENTED_EDGE ( 'NONE', *, *, #763, .T. ) ;
#3575 = DIRECTION ( 'NONE',  ( 0.000000000000000000, 0.000000000000000000, 1.000000000000000000 ) ) ;
#3576 = AXIS2_PLACEMENT_3D ( 'NONE', #3354, #742, #2458 ) ;
#3577 = DIRECTION ( 'NONE',  ( 0.000000000000000000, 0.000000000000000000, 1.000000000000000000 ) ) ;
#3578 = ORIENTED_EDGE ( 'NONE', *, *, #1164, .F. ) ;
#3579 = CARTESIAN_POINT ( 'NONE',  ( -48.00000000000000000, -48.00000000000000000, 5.699999999999987743 ) ) ;
#3580 = ADVANCED_FACE ( 'NONE', ( #804, #3670 ), #1585, .T. ) ;
#3581 = VERTEX_POINT ( 'NONE', #2789 ) ;
#3582 = DIRECTION ( 'NONE',  ( 1.239088197126290817E-16, -1.000000000000000000, 0.000000000000000000 ) ) ;
#3583 = EDGE_CURVE ( 'NONE', #1509, #675, #179, .T. ) ;
#3584 = DIRECTION ( 'NONE',  ( 0.000000000000000000, 0.000000000000000000, -1.000000000000000000 ) ) ;
#3585 = LINE ( 'NONE', #1256, #2262 ) ;
#3586 = AXIS2_PLACEMENT_3D ( 'NONE', #2975, #2019, #2326 ) ;
#3587 = VECTOR ( 'NONE', #932, 1000.000000000000000 ) ;
#3588 = CARTESIAN_POINT ( 'NONE',  ( 0.000000000000000000, -40.00000000000000000, 6.000000000000000000 ) ) ;
#3589 = EDGE_CURVE ( 'NONE', #3779, #1303, #439, .T. ) ;
#3590 = DIRECTION ( 'NONE',  ( 1.000000000000000000, 0.000000000000000000, -0.000000000000000000 ) ) ;
#3591 = VERTEX_POINT ( 'NONE', #786 ) ;
#3592 = EDGE_LOOP ( 'NONE', ( #164, #1793, #2861, #2940, #2607, #2170 ) ) ;
#3593 = ORIENTED_EDGE ( 'NONE', *, *, #738, .F. ) ;
#3594 = DIRECTION ( 'NONE',  ( 0.000000000000000000, 0.000000000000000000, -1.000000000000000000 ) ) ;
#3595 = CARTESIAN_POINT ( 'NONE',  ( 61.00000000000000000, 53.34314575050763807, 30.00000000000000000 ) ) ;
#3596 = VECTOR ( 'NONE', #2711, 1000.000000000000000 ) ;
#3597 = VERTEX_POINT ( 'NONE', #3111 ) ;
#3598 = DIRECTION ( 'NONE',  ( 1.239088197126290817E-16, -1.000000000000000000, 0.000000000000000000 ) ) ;
#3599 = FACE_OUTER_BOUND ( 'NONE', #1710, .T. ) ;
#3600 = DIRECTION ( 'NONE',  ( -0.7071067811865519026, 0.7071067811865431318, 0.000000000000000000 ) ) ;
#3601 = AXIS2_PLACEMENT_3D ( 'NONE', #3228, #1754, #2051 ) ;
#3602 = DIRECTION ( 'NONE',  ( 0.000000000000000000, 0.000000000000000000, -1.000000000000000000 ) ) ;
#3603 = VECTOR ( 'NONE', #3651, 1000.000000000000000 ) ;
#3604 = ADVANCED_FACE ( 'NONE', ( #1373 ), #3376, .F. ) ;
#3605 = DIRECTION ( 'NONE',  ( 0.000000000000000000, 0.000000000000000000, -1.000000000000000000 ) ) ;
#3606 = ORIENTED_EDGE ( 'NONE', *, *, #3371, .F. ) ;
#3607 = EDGE_CURVE ( 'NONE', #869, #1908, #2088, .T. ) ;
#3608 = DIRECTION ( 'NONE',  ( 1.000000000000000000, 3.469446951953615372E-15, 0.000000000000000000 ) ) ;
#3609 = CARTESIAN_POINT ( 'NONE',  ( -55.99999999999997868, -15.49999999999998224, 30.00000000000000000 ) ) ;
#3610 = CARTESIAN_POINT ( 'NONE',  ( -15.49999999999999289, 56.75000000000002132, 5.999999999999998224 ) ) ;
#3611 = CARTESIAN_POINT ( 'NONE',  ( -39.49999999999999289, 56.00000000000000711, 5.999999999999998224 ) ) ;
#3612 = ORIENTED_EDGE ( 'NONE', *, *, #2469, .F. ) ;
#3613 = VERTEX_POINT ( 'NONE', #477 ) ;
#3614 = EDGE_CURVE ( 'NONE', #1247, #3535, #3632, .T. ) ;
#3615 = ORIENTED_EDGE ( 'NONE', *, *, #3589, .F. ) ;
#3616 = CARTESIAN_POINT ( 'NONE',  ( -50.51471862576141092, -59.00000000000000711, -4.000000000000000000 ) ) ;
#3617 = EDGE_CURVE ( 'NONE', #60, #887, #1355, .T. ) ;
#3618 = VERTEX_POINT ( 'NONE', #494 ) ;
#3619 = DIRECTION ( 'NONE',  ( 1.000000000000000000, 0.000000000000000000, 0.000000000000000000 ) ) ;
#3620 = FACE_OUTER_BOUND ( 'NONE', #1019, .T. ) ;
#3621 = VERTEX_POINT ( 'NONE', #1320 ) ;
#3622 = AXIS2_PLACEMENT_3D ( 'NONE', #872, #3781, #512 ) ;
#3623 = EDGE_CURVE ( 'NONE', #46, #3621, #3650, .T. ) ;
#3624 = CARTESIAN_POINT ( 'NONE',  ( 58.99999999999997868, -59.00000000000000711, 30.00000000000000000 ) ) ;
#3625 = EDGE_CURVE ( 'NONE', #383, #127, #3395, .T. ) ;
#3626 = DIRECTION ( 'NONE',  ( -0.000000000000000000, 0.000000000000000000, 1.000000000000000000 ) ) ;
#3627 = ORIENTED_EDGE ( 'NONE', *, *, #516, .F. ) ;
#3628 = CARTESIAN_POINT ( 'NONE',  ( -15.49999999999999289, 56.75000000000002132, 5.999999999999998224 ) ) ;
#3629 = DIRECTION ( 'NONE',  ( -0.000000000000000000, -0.000000000000000000, 1.000000000000000000 ) ) ;
#3630 = VECTOR ( 'NONE', #1990, 1000.000000000000000 ) ;
#3631 = CIRCLE ( 'NONE', #3560, 2.999999999999995559 ) ;
#3632 = LINE ( 'NONE', #1641, #3004 ) ;
#3633 = DIRECTION ( 'NONE',  ( -1.000000000000000000, 0.000000000000000000, 0.000000000000000000 ) ) ;
#3634 = VECTOR ( 'NONE', #2829, 1000.000000000000000 ) ;
#3635 = CARTESIAN_POINT ( 'NONE',  ( -55.99999999999997868, -15.49999999999998224, 5.999999999999998224 ) ) ;
#3636 = ORIENTED_EDGE ( 'NONE', *, *, #2628, .T. ) ;
#3637 = ORIENTED_EDGE ( 'NONE', *, *, #1388, .T. ) ;
#3638 = VERTEX_POINT ( 'NONE', #552 ) ;
#3639 = LINE ( 'NONE', #1075, #2535 ) ;
#3640 = AXIS2_PLACEMENT_3D ( 'NONE', #609, #3181, #2837 ) ;
#3641 = LINE ( 'NONE', #1024, #1612 ) ;
#3642 = CARTESIAN_POINT ( 'NONE',  ( -58.99999999999997868, 59.00000000000000711, 5.999999999999998224 ) ) ;
#3643 = AXIS2_PLACEMENT_3D ( 'NONE', #2758, #1854, #999 ) ;
#3644 = DIRECTION ( 'NONE',  ( 0.000000000000000000, 0.000000000000000000, 1.000000000000000000 ) ) ;
#3645 = VECTOR ( 'NONE', #2478, 1000.000000000000000 ) ;
#3646 = CARTESIAN_POINT ( 'NONE',  ( -47.99999999999999289, 37.00000000000000000, 3.000000000000000000 ) ) ;
#3647 = EDGE_LOOP ( 'NONE', ( #3266, #1532, #1262, #2438 ) ) ;
#3648 = CARTESIAN_POINT ( 'NONE',  ( -55.99999999999997868, -15.49999999999998224, 30.00000000000000000 ) ) ;
#3649 = CARTESIAN_POINT ( 'NONE',  ( 58.99999999999999289, 59.00000000000000000, 24.00000000000000000 ) ) ;
#3650 = LINE ( 'NONE', #1069, #632 ) ;
#3651 = DIRECTION ( 'NONE',  ( -0.000000000000000000, -0.000000000000000000, 1.000000000000000000 ) ) ;
#3652 = ADVANCED_FACE ( 'NONE', ( #2840 ), #589, .F. ) ;
#3653 = DIRECTION ( 'NONE',  ( 1.239088197126290817E-16, -1.000000000000000000, 0.000000000000000000 ) ) ;
#3654 = ORIENTED_EDGE ( 'NONE', *, *, #550, .T. ) ;
#3655 = CIRCLE ( 'NONE', #2915, 5.999999999999998224 ) ;
#3656 = EDGE_LOOP ( 'NONE', ( #405, #3424, #3193, #356 ) ) ;
#3657 = ORIENTED_EDGE ( 'NONE', *, *, #1220, .T. ) ;
#3658 = ADVANCED_FACE ( 'NONE', ( #3762 ), #2883, .F. ) ;
#3659 = LINE ( 'NONE', #485, #2033 ) ;
#3660 = EDGE_CURVE ( 'NONE', #381, #410, #303, .T. ) ;
#3661 = CARTESIAN_POINT ( 'NONE',  ( -55.99999999999997868, -39.49999999999997868, 5.999999999999998224 ) ) ;
#3662 = FACE_OUTER_BOUND ( 'NONE', #2347, .T. ) ;
#3663 = DIRECTION ( 'NONE',  ( 0.7071067811865453523, 0.7071067811865497932, 0.000000000000000000 ) ) ;
#3664 = CARTESIAN_POINT ( 'NONE',  ( 50.51471862576141092, -61.99999999999999289, -4.000000000000000000 ) ) ;
#3665 = VERTEX_POINT ( 'NONE', #2594 ) ;
#3666 = CARTESIAN_POINT ( 'NONE',  ( -45.44999999999997442, -48.00000000000000000, 6.000000000000000000 ) ) ;
#3667 = CYLINDRICAL_SURFACE ( 'NONE', #2625, 2.250000000000001776 ) ;
#3668 = PRODUCT_RELATED_PRODUCT_CATEGORY ( 'part', '', ( #1931 ) ) ;
#3669 = VECTOR ( 'NONE', #2402, 1000.000000000000000 ) ;
#3670 = FACE_BOUND ( 'NONE', #2468, .T. ) ;
#3671 = FACE_OUTER_BOUND ( 'NONE', #927, .T. ) ;
#3672 = FACE_OUTER_BOUND ( 'NONE', #666, .T. ) ;
#3673 = EDGE_CURVE ( 'NONE', #880, #3591, #842, .T. ) ;
#3674 = EDGE_LOOP ( 'NONE', ( #310, #600, #911, #745 ) ) ;
#3675 = ORIENTED_EDGE ( 'NONE', *, *, #2392, .T. ) ;
#3676 = CARTESIAN_POINT ( 'NONE',  ( 48.00000000000000000, 48.00000000000000000, 0.000000000000000000 ) ) ;
#3677 = DIRECTION ( 'NONE',  ( 1.000000000000000000, 0.000000000000000000, 0.000000000000000000 ) ) ;
#3678 = FACE_OUTER_BOUND ( 'NONE', #3592, .T. ) ;
#3679 = CARTESIAN_POINT ( 'NONE',  ( -39.99999999999999289, 56.00000000000000711, 3.000000000000000000 ) ) ;
#3680 = VECTOR ( 'NONE', #1920, 1000.000000000000000 ) ;
#3681 = CARTESIAN_POINT ( 'NONE',  ( -50.25000000000000000, -48.00000000000000000, 0.000000000000000000 ) ) ;
#3682 = ORIENTED_EDGE ( 'NONE', *, *, #896, .T. ) ;
#3683 = EDGE_CURVE ( 'NONE', #474, #1981, #1390, .T. ) ;
#3684 = CARTESIAN_POINT ( 'NONE',  ( -58.99999999999999289, 50.51471862576143934, -4.000000000000000000 ) ) ;
#3685 = DIRECTION ( 'NONE',  ( -1.000000000000000000, 0.000000000000000000, 0.000000000000000000 ) ) ;
#3686 = AXIS2_PLACEMENT_3D ( 'NONE', #850, #1774, #1762 ) ;
#3687 = CARTESIAN_POINT ( 'NONE',  ( -47.99999999999999289, -40.00000000000000000, 0.000000000000000000 ) ) ;
#3688 = AXIS2_PLACEMENT_3D ( 'NONE', #2581, #3732, #1821 ) ;
#3689 = VERTEX_POINT ( 'NONE', #892 ) ;
#3690 = ORIENTED_EDGE ( 'NONE', *, *, #3170, .F. ) ;
#3692 = CARTESIAN_POINT ( 'NONE',  ( 55.99999999999999289, 56.00000000000000711, 30.00000000000000000 ) ) ;
#3691 = CIRCLE ( 'NONE', #1855, 8.000000000000000000 ) ;
#3693 = LINE ( 'NONE', #1399, #704 ) ;
#3694 = ORIENTED_EDGE ( 'NONE', *, *, #272, .F. ) ;
#3695 = DIRECTION ( 'NONE',  ( -0.000000000000000000, -0.000000000000000000, -1.000000000000000000 ) ) ;
#3696 = CARTESIAN_POINT ( 'NONE',  ( 59.00000000000001421, -58.99999999999999289, 3.749999999999996447 ) ) ;
#3697 = CARTESIAN_POINT ( 'NONE',  ( -48.00000000000000000, -48.00000000000000000, 5.699999999999987743 ) ) ;
#3698 = VECTOR ( 'NONE', #149, 1000.000000000000114 ) ;
#3699 = PRESENTATION_LAYER_ASSIGNMENT (  '', '', ( #1746 ) ) ;
#3700 = DIRECTION ( 'NONE',  ( -0.7071067811865586750, 8.659560562355069676E-17, 0.7071067811865363595 ) ) ;
#3701 = ORIENTED_EDGE ( 'NONE', *, *, #2801, .F. ) ;
#3702 = EDGE_CURVE ( 'NONE', #919, #1908, #1844, .T. ) ;
#3703 = EDGE_CURVE ( 'NONE', #1889, #1509, #1123, .T. ) ;
#3704 = VECTOR ( 'NONE', #3726, 1000.000000000000000 ) ;
#3705 = EDGE_CURVE ( 'NONE', #1726, #919, #3189, .T. ) ;
#3706 = LINE ( 'NONE', #160, #3680 ) ;
#3707 = FACE_OUTER_BOUND ( 'NONE', #979, .T. ) ;
#3708 = VECTOR ( 'NONE', #1745, 1000.000000000000000 ) ;
#3709 = CARTESIAN_POINT ( 'NONE',  ( -41.74999999999995026, 59.00000000000000711, 30.00000000000000000 ) ) ;
#3710 = ORIENTED_EDGE ( 'NONE', *, *, #1593, .F. ) ;
#3711 = ORIENTED_EDGE ( 'NONE', *, *, #2053, .T. ) ;
#3712 = EDGE_CURVE ( 'NONE', #3512, #3532, #2015, .T. ) ;
#3713 = LINE ( 'NONE', #2828, #481 ) ;
#3714 = DIRECTION ( 'NONE',  ( -0.000000000000000000, -0.000000000000000000, -1.000000000000000000 ) ) ;
#3715 = AXIS2_PLACEMENT_3D ( 'NONE', #1789, #1148, #3244 ) ;
#3716 = ORIENTED_EDGE ( 'NONE', *, *, #1823, .T. ) ;
#3717 = VECTOR ( 'NONE', #2480, 1000.000000000000000 ) ;
#3718 = DIRECTION ( 'NONE',  ( 1.176083712526648949E-16, -1.000000000000000000, 0.000000000000000000 ) ) ;
#3719 = CARTESIAN_POINT ( 'NONE',  ( 0.000000000000000000, 0.000000000000000000, 6.000000000000000000 ) ) ;
#3720 = CARTESIAN_POINT ( 'NONE',  ( -61.24999999999999289, -59.00000000000000000, 24.00000000000000000 ) ) ;
#3721 = ORIENTED_EDGE ( 'NONE', *, *, #795, .T. ) ;
#3722 = EDGE_CURVE ( 'NONE', #3430, #166, #3451, .T. ) ;
#3723 = EDGE_CURVE ( 'NONE', #2865, #2252, #3184, .T. ) ;
#3724 = DIRECTION ( 'NONE',  ( -0.000000000000000000, -1.000000000000000000, -0.000000000000000000 ) ) ;
#3725 = LINE ( 'NONE', #1106, #3727 ) ;
#3726 = DIRECTION ( 'NONE',  ( 1.000000000000000000, -0.000000000000000000, -0.000000000000000000 ) ) ;
#3727 = VECTOR ( 'NONE', #3433, 1000.000000000000000 ) ;
#3728 = ORIENTED_EDGE ( 'NONE', *, *, #337, .T. ) ;
#3729 = ORIENTED_EDGE ( 'NONE', *, *, #1849, .T. ) ;
#3730 = CIRCLE ( 'NONE', #3420, 2.250000000000001776 ) ;
#3731 = DIRECTION ( 'NONE',  ( 1.000000000000000000, -0.000000000000000000, -0.000000000000000000 ) ) ;
#3732 = DIRECTION ( 'NONE',  ( -0.000000000000000000, -0.000000000000000000, 1.000000000000000000 ) ) ;
#3733 = EDGE_CURVE ( 'NONE', #3363, #1908, #2049, .T. ) ;
#3734 = ORIENTED_EDGE ( 'NONE', *, *, #480, .F. ) ;
#3735 = ORIENTED_EDGE ( 'NONE', *, *, #1217, .T. ) ;
#3736 = LINE ( 'NONE', #1649, #699 ) ;
#3737 = DIRECTION ( 'NONE',  ( -0.000000000000000000, -0.000000000000000000, -1.000000000000000000 ) ) ;
#3738 = CARTESIAN_POINT ( 'NONE',  ( 56.00000000000000711, -40.00000000000000000, 1.242640687119285214 ) ) ;
#3739 = ADVANCED_FACE ( 'NONE', ( #1180 ), #3432, .F. ) ;
#3740 = EDGE_LOOP ( 'NONE', ( #1901, #1029, #1965, #1796 ) ) ;
#3741 = VECTOR ( 'NONE', #1037, 1000.000000000000000 ) ;
#3742 = CARTESIAN_POINT ( 'NONE',  ( 47.99999999999999289, -37.00000000000000000, 3.000000000000000000 ) ) ;
#3743 = LINE ( 'NONE', #19, #1100 ) ;
#3744 = CARTESIAN_POINT ( 'NONE',  ( 6.674275068588731150E-15, -56.74999999999997868, 5.999999999999998224 ) ) ;
#3745 = ORIENTED_EDGE ( 'NONE', *, *, #3163, .T. ) ;
#3746 = CARTESIAN_POINT ( 'NONE',  ( 56.74999999999998579, -59.00000000000000000, 29.69999999999997087 ) ) ;
#3747 = DIRECTION ( 'NONE',  ( -1.000000000000000000, 0.000000000000000000, 0.000000000000000000 ) ) ;
#3748 = VECTOR ( 'NONE', #559, 1000.000000000000000 ) ;
#3749 = ORIENTED_EDGE ( 'NONE', *, *, #1407, .F. ) ;
#3750 = VECTOR ( 'NONE', #2765, 1000.000000000000000 ) ;
#3751 = ORIENTED_EDGE ( 'NONE', *, *, #109, .T. ) ;
#3752 = EDGE_CURVE ( 'NONE', #191, #3016, #2629, .T. ) ;
#3753 = DIRECTION ( 'NONE',  ( 1.000000000000000000, 0.000000000000000000, -0.000000000000000000 ) ) ;
#3754 = DIRECTION ( 'NONE',  ( -0.000000000000000000, -0.000000000000000000, 1.000000000000000000 ) ) ;
#3755 = CARTESIAN_POINT ( 'NONE',  ( 59.00000000000001421, 15.50000000000004086, 5.999999999999998224 ) ) ;
#3756 = ORIENTED_EDGE ( 'NONE', *, *, #3623, .T. ) ;
#3757 = ADVANCED_FACE ( 'NONE', ( #2285 ), #2611, .F. ) ;
#3758 = CARTESIAN_POINT ( 'NONE',  ( 39.50000000000000711, -56.74999999999997158, 5.999999999999998224 ) ) ;
#3759 = ORIENTED_EDGE ( 'NONE', *, *, #1345, .T. ) ;
#3760 = ORIENTED_EDGE ( 'NONE', *, *, #3105, .T. ) ;
#3761 = CIRCLE ( 'NONE', #2104, 2.250000000000001776 ) ;
#3762 = FACE_OUTER_BOUND ( 'NONE', #926, .T. ) ;
#3763 = CARTESIAN_POINT ( 'NONE',  ( -47.99999999999999289, -37.00000000000000000, 3.000000000000000000 ) ) ;
#3764 = CARTESIAN_POINT ( 'NONE',  ( -45.75000000000000000, 48.00000000000000000, 5.699999999999984190 ) ) ;
#3765 = CIRCLE ( 'NONE', #2355, 3.000000000000002665 ) ;
#3766 = CIRCLE ( 'NONE', #3274, 3.000000000000002665 ) ;
#3767 = PLANE ( 'NONE',  #3500 ) ;
#3768 = CARTESIAN_POINT ( 'NONE',  ( -48.00000000000000000, -48.00000000000000000, 5.699999999999987743 ) ) ;
#3769 = ORIENTED_EDGE ( 'NONE', *, *, #1827, .F. ) ;
#3770 = EDGE_CURVE ( 'NONE', #3665, #3016, #1966, .T. ) ;
#3771 = ORIENTED_EDGE ( 'NONE', *, *, #2130, .F. ) ;
#3772 = ADVANCED_FACE ( 'NONE', ( #534 ), #3169, .T. ) ;
#3773 = PLANE ( 'NONE',  #3553 ) ;
#3774 = CARTESIAN_POINT ( 'NONE',  ( -45.75000000000000000, -48.00000000000000000, 0.000000000000000000 ) ) ;
#3775 = CARTESIAN_POINT ( 'NONE',  ( -60.99999999999998579, 53.34314575050763096, 30.00000000000000000 ) ) ;
#3776 = AXIS2_PLACEMENT_3D ( 'NONE', #1266, #981, #2437 ) ;
#3777 = ORIENTED_EDGE ( 'NONE', *, *, #323, .F. ) ;
#3778 = LINE ( 'NONE', #1421, #2350 ) ;
#3779 = VERTEX_POINT ( 'NONE', #2423 ) ;
#3780 = ORIENTED_EDGE ( 'NONE', *, *, #2645, .T. ) ;
#3781 = DIRECTION ( 'NONE',  ( 8.316167683706397312E-17, -0.7071067811865442421, -0.7071067811865507924 ) ) ;
ENDSEC;
END-ISO-10303-21;
